{
  "f_per": {
    "label": "Forward PER",
    "sharpe": 0.2242252846206505,
    "annualized": 0.04519259538150844,
    "cumulative_ls": 0.14465265985180453,
    "t_stat": 0.5137646697485743,
    "p_value": 0.6092427564065435,
    "win_rate": 0.4603174603174603,
    "mean_monthly": 0.0036902230213390333
  },
  "t_per": {
    "label": "Trailing PER",
    "sharpe": 0.21132076659681187,
    "annualized": 0.04182950857485168,
    "cumulative_ls": 0.12590280522290054,
    "t_stat": 0.484196704422993,
    "p_value": 0.6299523146733779,
    "win_rate": 0.4444444444444444,
    "mean_monthly": 0.003420696485492174
  },
  "pbr": {
    "label": "PBR",
    "sharpe": -0.1034721635112272,
    "annualized": -0.02438549429901049,
    "cumulative_ls": -0.23970418231988722,
    "t_stat": -0.23708451080552315,
    "p_value": 0.8133728659473417,
    "win_rate": 0.4126984126984127,
    "mean_monthly": -0.0020551972057092126
  },
  "f_pbr": {
    "label": "Forward PBR",
    "sharpe": 0.042695599063308054,
    "annualized": 0.009937966137632426,
    "cumulative_ls": -0.07921938503535231,
    "t_stat": 0.09782790727454742,
    "p_value": 0.9223845271514866,
    "win_rate": 0.5079365079365079,
    "mean_monthly": 0.0008244154188319944
  },
  "t_ev_ebitda": {
    "label": "Trailing EV/EBITDA",
    "sharpe": -0.0921570059597095,
    "annualized": -0.018663733406469873,
    "cumulative_ls": -0.18509717440338114,
    "t_stat": -0.21115822781543267,
    "p_value": 0.8334563325716894,
    "win_rate": 0.47619047619047616,
    "mean_monthly": -0.0015687764109893535
  },
  "f_ev_ebitda": {
    "label": "Forward EV/EBITDA",
    "sharpe": 0.05126609547708384,
    "annualized": 0.009840590360265189,
    "cumulative_ls": -0.04049276788404754,
    "t_stat": 0.11746538155428497,
    "p_value": 0.9068709849590464,
    "win_rate": 0.5079365079365079,
    "mean_monthly": 0.0008163736408786783
  },
  "t_pcf": {
    "label": "Trailing PCF",
    "sharpe": 0.3009039396324057,
    "annualized": 0.048790226077691345,
    "cumulative_ls": 0.20337315347986018,
    "t_stat": 0.6894575401379609,
    "p_value": 0.49310781759037725,
    "win_rate": 0.5714285714285714,
    "mean_monthly": 0.003977667861518606
  },
  "ev_ic": {
    "label": "EV/IC",
    "sharpe": 0.334681305828266,
    "annualized": 0.06406971189767008,
    "cumulative_ls": 0.26811479940651783,
    "t_stat": 0.7668512088223471,
    "p_value": 0.4460802624805582,
    "win_rate": 0.5396825396825397,
    "mean_monthly": 0.0051884894559034245
  },
  "f_epsg": {
    "label": "Forward EPS Growth",
    "sharpe": 0.0697262322065533,
    "annualized": 0.008725944044336353,
    "cumulative_ls": 0.0056248710330428775,
    "t_stat": 0.15976286850529914,
    "p_value": 0.8735872224562884,
    "win_rate": 0.47619047619047616,
    "mean_monthly": 0.000724269909027519
  },
  "f_ebitg": {
    "label": "Forward EBIT Growth",
    "sharpe": 0.598155652106078,
    "annualized": 0.08181827369013095,
    "cumulative_ls": 0.44613922564789643,
    "t_stat": 1.3705467765708874,
    "p_value": 0.1754581122649695,
    "win_rate": 0.5079365079365079,
    "mean_monthly": 0.006575122852876603
  },
  "t_spsg": {
    "label": "Trailing 매출 성장률",
    "sharpe": 0.7805814086060668,
    "annualized": 0.12187706839751455,
    "cumulative_ls": 0.7295281559372357,
    "t_stat": 1.788536695506278,
    "p_value": 0.07857522376111388,
    "win_rate": 0.6031746031746031,
    "mean_monthly": 0.009629672809896708
  },
  "f_spsg": {
    "label": "Forward 매출 성장률",
    "sharpe": 0.7328284019338689,
    "annualized": 0.13503057413260544,
    "cumulative_ls": 0.8008012827913373,
    "t_stat": 1.6791208116377383,
    "p_value": 0.09816189812092956,
    "win_rate": 0.6190476190476191,
    "mean_monthly": 0.010610865829537486
  },
  "f_eps_m": {
    "label": "Forward EPS 모멘텀 (3M)",
    "sharpe": 0.7939702618767985,
    "annualized": 0.1298170038387616,
    "cumulative_ls": 0.7373898222905408,
    "t_stat": 1.7753714776698313,
    "p_value": 0.080994291190621,
    "win_rate": 0.6,
    "mean_monthly": 0.010223209904809924
  },
  "price_m": {
    "label": "가격 모멘텀 (3M)",
    "sharpe": 0.4520344965263568,
    "annualized": 0.10264067636217833,
    "cumulative_ls": 0.4831709739070844,
    "t_stat": 1.0357411485316412,
    "p_value": 0.30434585908381173,
    "win_rate": 0.4603174603174603,
    "mean_monthly": 0.00817556537687871
  },
  "ndebt_ebitda": {
    "label": "순부채/EBITDA",
    "sharpe": -0.6102457949993471,
    "annualized": -0.06945704101371519,
    "cumulative_ls": -0.33940669451832706,
    "t_stat": -1.398248774056506,
    "p_value": 0.16702029803887114,
    "win_rate": 0.5079365079365079,
    "mean_monthly": -0.0059809621019524485
  },
  "pbr_roe_attractiveness": {
    "label": "ATT: PBR~ROE",
    "sharpe": 0.2688356149951699,
    "annualized": 0.0635433191743513,
    "cumulative_ls": 0.21077529953587804,
    "t_stat": 0.6159797776076857,
    "p_value": 0.5401627988031932,
    "win_rate": 0.47619047619047616,
    "mean_monthly": 0.0051470413635717836
  },
  "evic_roic_attractiveness": {
    "label": "ATT: EV/IC~ROIC",
    "sharpe": 0.42662392259045234,
    "annualized": 0.08873129625039877,
    "cumulative_ls": 0.4125786373901168,
    "t_stat": 0.9775182092748645,
    "p_value": 0.33211153718204944,
    "win_rate": 0.5555555555555556,
    "mean_monthly": 0.007109576380615833
  },
  "fper_epsg_attractiveness": {
    "label": "ATT: F_PER~EPSG",
    "sharpe": -0.08454961664687781,
    "annualized": -0.015443251931687052,
    "cumulative_ls": -0.15444251127105413,
    "t_stat": -0.193727509131908,
    "p_value": 0.8470225564384914,
    "win_rate": 0.4126984126984127,
    "mean_monthly": -0.0012961377080242117
  },
  "fevebit_ebitg_attractiveness": {
    "label": "ATT: F_EV/EBIT~EBITG",
    "sharpe": 0.19643559030939964,
    "annualized": 0.03049926695109839,
    "cumulative_ls": 0.10320992698233411,
    "t_stat": 0.45009048088807896,
    "p_value": 0.6542150532593779,
    "win_rate": 0.5396825396825397,
    "mean_monthly": 0.0025067541670410007
  }
}