{
  "run_at": "2026-05-27 20:00:56",
  "config": {
    "bull_key": "FCF_YIELD추가전략",
    "bear_key": "FCF_YIELD_BEAR전략",
    "regime_mode": "ai"
  },
  "REGIME_COMBO": {
    "total_return": 4.1774084214063665,
    "cagr": 0.22304472216955973,
    "mdd": 0.41192957510000117,
    "sharpe": 0.8439518835874564
  },
  "KOSPI": {
    "total_return": 3.5901090313697765,
    "cagr": 0.2051456880737006,
    "mdd": 0.32191213042276884,
    "sharpe": 0.853918985424091
  }
}