signal,lam,ym,pbear,regime,dd6
production,0.0,2017-01,,Bull,-2.5032266220640476
production,0.0,2017-02,,Bull,-5.37705297443093
production,0.0,2017-03,,Bull,-5.37705297443093
production,0.0,2017-04,,Bull,-5.37705297443093
production,0.0,2017-05,,Bull,-5.37705297443093
production,0.0,2017-06,,Bull,-5.37705297443093
production,0.0,2017-07,,Bull,-5.106779372261084
production,0.0,2017-08,,Bull,-9.022432045446305
production,0.0,2017-09,,Bull,-9.022432045446305
production,0.0,2017-10,,Bull,-9.022432045446305
production,0.0,2017-11,,Bull,-9.022432045446305
production,0.0,2017-12,,Bull,-10.92876031296578
production,0.0,2018-01,0.9929935303714662,Bear,-12.107655925343652
production,0.0,2018-02,0.9962532369553476,Bear,-10.916038402810212
production,0.0,2018-03,0.9981235886117799,Bear,-10.916038402810212
production,0.0,2018-04,0.9989895216611533,Bear,-20.646179033749025
production,0.0,2018-05,0.9992716403163012,Bear,-19.207231269225268
production,0.0,2018-06,0.5014972343715908,Bear,-15.257506834948876
production,0.0,2018-07,0.7507485529567293,Bear,-15.357280452694022
production,0.0,2018-08,0.8753742546530872,Bear,-15.357280452694022
production,0.0,2018-09,0.9376870426358723,Bear,-14.910784013904033
production,0.0,2018-10,0.9395696012904465,Bear,-6.483795664071157
production,0.0,2018-11,0.9697847987673579,Bear,-10.019876469916355
production,0.0,2018-12,0.984892398043431,Bear,-10.019876469916355
production,0.0,2019-01,0.963464897203322,Bear,-10.019876469916355
production,0.0,2019-02,0.9295975835654118,Bear,-15.072285771240034
production,0.0,2019-03,0.902453374403128,Bear,-15.072285771240034
production,0.0,2019-04,0.6460374945900216,Bear,-13.695177451700369
production,0.0,2019-05,0.7244047679411174,Bear,-10.52373122249326
production,0.0,2019-06,0.6449753367451452,Bear,-10.368350250142655
production,0.0,2019-07,0.8009562002287769,Bear,-6.538316914075426
production,0.0,2019-08,0.8979169490992944,Bear,-12.36034800901422
production,0.0,2019-09,0.9313299465193171,Bear,-35.70889779916474
production,0.0,2019-10,0.9407108739172892,Bear,-35.70889779916474
production,0.0,2019-11,0.9393034529325461,Bear,-35.70889779916474
production,0.0,2019-12,0.8311549139594182,Bear,-35.70889779916474
production,0.0,2020-01,0.9155774552508598,Bear,-35.03091217438568
production,0.0,2020-02,0.9577887266352769,Bear,-30.09792506344231
production,0.0,2020-03,0.9788943553602564,Bear,-7.508801311518287
production,0.0,2020-04,0.9884694098235316,Bear,-7.508801311518287
production,0.0,2020-05,0.9642486490392941,Bear,-7.508801311518287
production,0.0,2020-06,0.8649268583314987,Bear,-7.220151177391654
production,0.0,2020-07,0.4764901661357419,Bear,-7.253996740571744
production,0.0,2020-08,0.24181382572600799,Bull,-7.253996740571744
production,0.0,2020-09,0.12386903308538504,Bull,-7.817720647628201
production,0.0,2020-10,0.06634385520292993,Bull,-7.817720647628201
production,0.0,2020-11,0.043487331073912866,Bull,-7.817720647628201
production,0.0,2020-12,0.09265315865472146,Bull,-7.817720647628201
production,0.0,2021-01,0.04633958624023766,Bull,-6.484782512052478
production,0.0,2021-02,0.023186885375930225,Bull,-7.403461627668206
production,0.0,2021-03,0.01161208947849329,Bull,-7.41072259557074
production,0.0,2021-04,0.005833954738613556,Bull,-12.008311333757815
production,0.0,2021-05,0.002959476581759335,Bull,-14.105002607448291
production,0.0,2021-06,0.0015367661561241225,Bull,-14.105002607448291
production,0.0,2021-07,0.0011641004197655376,Bull,-20.29917010731119
production,0.0,2021-08,0.0008830600042994826,Bull,-18.476031508636524
production,0.0,2021-09,0.001071534905584363,Bull,-14.804715428229386
production,0.0,2021-10,0.0013254653495135273,Bull,-13.700956530435404
production,0.0,2021-11,0.5006626897483902,Bull,-15.826997871484672
production,0.0,2021-12,0.268372041715078,Bull,-22.578311680558038
production,0.0,2022-01,0.13457598270683488,Bull,-17.313566132999235
production,0.0,2022-02,0.06780048155269512,Bull,-16.93207993889052
production,0.0,2022-03,0.03482362093113108,Bull,-21.879891694006993
production,0.0,2022-04,0.019954295171161106,Bull,-20.0204095960431
production,0.0,2022-05,0.010468123254283675,Bull,-19.74794040710648
production,0.0,2022-06,0.006459459237332571,Bull,-14.92113843121784
production,0.0,2022-07,0.00375221907263083,Bull,-14.92113843121784
production,0.0,2022-08,0.002558800524104594,Bull,-12.805568347769302
production,0.0,2022-09,0.5012793632318885,Bull,-10.650944354368285
production,0.0,2022-10,0.2581310263082743,Bull,-10.650944354368285
production,0.0,2022-11,0.1297338017744414,Bull,-10.531330529144933
production,0.0,2022-12,0.5628784934364117,Bull,-5.436753639916714
production,0.0,2023-01,0.2910446361353564,Bull,-5.422280511656896
production,0.0,2023-02,0.14676812354305543,Bull,-6.095455469581212
production,0.0,2023-03,0.07452254604643876,Bull,-7.652596010790235
production,0.0,2023-04,0.038519722607286665,Bull,-14.588296075938468
production,0.0,2023-05,0.02027057933137156,Bull,-14.588296075938468
production,0.0,2023-06,0.010725396491735425,Bull,-14.588296075938468
production,0.0,2023-07,0.007695319395023274,Bull,-14.588296075938468
production,0.0,2023-08,0.005438692658035123,Bull,-12.42811367563088
production,0.0,2023-09,0.011726055270345204,Bull,-8.761303280623856
production,0.0,2023-10,0.5058587436449955,Bull,-8.761303280623856
production,0.0,2023-11,0.26084308948187296,Bull,-8.761303280623856
production,0.0,2023-12,0.13132076206168833,Bull,-8.761303280623856
production,0.0,2024-01,0.06893158207434001,Bull,-6.271472847747561
production,0.0,2024-02,0.03556322841309125,Bull,-15.556748011689637
production,0.0,2024-03,0.018540182103923986,Bull,-15.556748011689637
production,0.0,2024-04,0.00970528737374139,Bull,-15.556748011689637
production,0.0,2024-05,0.007715800983658372,Bull,-16.410672322905484
production,0.0,2024-06,0.004589489274598491,Bull,-18.35716885207005
production,0.0,2024-07,0.006565579020400185,Bull,-15.01612366365288
production,0.0,2024-08,0.0049732954541842015,Bull,-11.951507716337185
production,0.0,2024-09,0.004980137642446911,Bull,-10.361688207723441
production,0.0,2024-10,0.007402863852100558,Bull,-14.142513086077047
production,0.0,2024-11,0.46676944077697663,Bull,-14.142513086077047
production,0.0,2024-12,0.26194456247598275,Bull,-14.142513086077047
production,0.0,2025-01,0.13398469626297002,Bull,-14.142513086077047
production,0.0,2025-02,0.06954369646537635,Bull,-13.246896601141799
production,0.0,2025-03,0.534771828585866,Bull,-9.030334502270755
production,0.0,2025-04,0.269084712960479,Bull,-4.149986320647181
production,0.0,2025-05,0.13454424800838252,Bull,-8.901506871653952
production,0.0,2025-06,0.06727212620469383,Bull,-8.901506871653952
production,0.0,2025-07,0.03363606384170369,Bull,-8.901506871653952
production,0.0,2025-08,0.016818086881063402,Bull,-8.901506871653952
production,0.0,2025-09,0.00840917815985673,Bull,-19.894662107505688
production,0.0,2025-10,0.00420612540405969,Bull,-19.894662107505688
production,0.0,2025-11,0.00210333437022286,Bull,-19.894662107505688
production,0.0,2025-12,0.0010569018147659189,Bull,-19.894662107505688
production,0.0,2026-01,0.0025677749191986452,Bull,-38.630429604794614
production,0.0,2026-02,0.001736613792855433,Bull,
production,0.0,2026-03,0.007666577244045056,Bull,
production,0.0,2026-04,0.005018815504342531,Bull,
production,0.0,2026-05,0.5025085256421677,Bull,
production,0.0,2026-06,0.7052653577479172,Bear,
production,0.0,2026-07,0.41370915338042763,Bear,
slope,0.0,2017-01,,Bull,-2.5032266220640476
slope,0.0,2017-02,,Bull,-5.37705297443093
slope,0.0,2017-03,,Bull,-5.37705297443093
slope,0.0,2017-04,,Bull,-5.37705297443093
slope,0.0,2017-05,,Bull,-5.37705297443093
slope,0.0,2017-06,,Bull,-5.37705297443093
slope,0.0,2017-07,,Bull,-5.106779372261084
slope,0.0,2017-08,,Bull,-9.022432045446305
slope,0.0,2017-09,,Bull,-9.022432045446305
slope,0.0,2017-10,,Bull,-9.022432045446305
slope,0.0,2017-11,,Bull,-9.022432045446305
slope,0.0,2017-12,,Bull,-10.92876031296578
slope,0.0,2018-01,0.9929935303714662,Bear,-12.107655925343652
slope,0.0,2018-02,0.9962532369553476,Bear,-10.916038402810212
slope,0.0,2018-03,0.9981235886117799,Bear,-10.916038402810212
slope,0.0,2018-04,0.9989895216611533,Bear,-20.646179033749025
slope,0.0,2018-05,0.9992716403163012,Bear,-19.207231269225268
slope,0.0,2018-06,0.5014972343715908,Bear,-15.257506834948876
slope,0.0,2018-07,0.7507485529567293,Bear,-15.357280452694022
slope,0.0,2018-08,0.8753742546530872,Bear,-15.357280452694022
slope,0.0,2018-09,0.9376870426358723,Bear,-14.910784013904033
slope,0.0,2018-10,0.9395696012904465,Bear,-6.483795664071157
slope,0.0,2018-11,0.9697847987673579,Bear,-10.019876469916355
slope,0.0,2018-12,0.984892398043431,Bear,-10.019876469916355
slope,0.0,2019-01,0.963464897203322,Bear,-10.019876469916355
slope,0.0,2019-02,0.9295975835654118,Bear,-15.072285771240034
slope,0.0,2019-03,0.902453374403128,Bear,-15.072285771240034
slope,0.0,2019-04,0.6460374945900216,Bear,-13.695177451700369
slope,0.0,2019-05,0.7244047679411174,Bear,-10.52373122249326
slope,0.0,2019-06,0.6449753367451452,Bear,-10.368350250142655
slope,0.0,2019-07,0.8009562002287769,Bear,-6.538316914075426
slope,0.0,2019-08,0.8979169490992944,Bear,-12.36034800901422
slope,0.0,2019-09,0.9313299465193171,Bear,-35.70889779916474
slope,0.0,2019-10,0.9407108739172892,Bear,-35.70889779916474
slope,0.0,2019-11,0.9393034529325461,Bear,-35.70889779916474
slope,0.0,2019-12,0.8311549139594182,Bear,-35.70889779916474
slope,0.0,2020-01,0.9155774552508598,Bear,-35.03091217438568
slope,0.0,2020-02,0.9577887266352769,Bear,-30.09792506344231
slope,0.0,2020-03,0.9788943553602564,Bear,-7.508801311518287
slope,0.0,2020-04,0.9884694098235316,Bear,-7.508801311518287
slope,0.0,2020-05,0.9642486490392941,Bear,-7.508801311518287
slope,0.0,2020-06,0.8649268583314987,Bear,-7.220151177391654
slope,0.0,2020-07,0.4764901661357419,Bear,-7.253996740571744
slope,0.0,2020-08,0.24181382572600799,Bull,-7.253996740571744
slope,0.0,2020-09,0.12386903308538504,Bull,-7.817720647628201
slope,0.0,2020-10,0.06634385520292993,Bull,-7.817720647628201
slope,0.0,2020-11,0.043487331073912866,Bull,-7.817720647628201
slope,0.0,2020-12,0.09265315865472146,Bull,-7.817720647628201
slope,0.0,2021-01,0.04633958624023766,Bull,-6.484782512052478
slope,0.0,2021-02,0.023186885375930225,Bull,-7.403461627668206
slope,0.0,2021-03,0.01161208947849329,Bull,-7.41072259557074
slope,0.0,2021-04,0.005833954738613556,Bull,-12.008311333757815
slope,0.0,2021-05,0.002959476581759335,Bull,-14.105002607448291
slope,0.0,2021-06,0.0015367661561241225,Bull,-14.105002607448291
slope,0.0,2021-07,0.0011641004197655376,Bull,-20.29917010731119
slope,0.0,2021-08,0.0008830600042994826,Bull,-18.476031508636524
slope,0.0,2021-09,0.001071534905584363,Bull,-14.804715428229386
slope,0.0,2021-10,0.0013254653495135273,Bull,-13.700956530435404
slope,0.0,2021-11,0.5006626897483902,Bull,-15.826997871484672
slope,0.0,2021-12,0.268372041715078,Bull,-22.578311680558038
slope,0.0,2022-01,0.13457598270683488,Bull,-17.313566132999235
slope,0.0,2022-02,0.06780048155269512,Bull,-16.93207993889052
slope,0.0,2022-03,0.03482362093113108,Bull,-21.879891694006993
slope,0.0,2022-04,0.019954295171161106,Bull,-20.0204095960431
slope,0.0,2022-05,0.010468123254283675,Bull,-19.74794040710648
slope,0.0,2022-06,0.006459459237332571,Bull,-14.92113843121784
slope,0.0,2022-07,0.00375221907263083,Bull,-14.92113843121784
slope,0.0,2022-08,0.002558800524104594,Bull,-12.805568347769302
slope,0.0,2022-09,0.5012793632318885,Bull,-10.650944354368285
slope,0.0,2022-10,0.2581310263082743,Bull,-10.650944354368285
slope,0.0,2022-11,0.1297338017744414,Bull,-10.531330529144933
slope,0.0,2022-12,0.5628784934364117,Bull,-5.436753639916714
slope,0.0,2023-01,0.2910446361353564,Bull,-5.422280511656896
slope,0.0,2023-02,0.14676812354305543,Bull,-6.095455469581212
slope,0.0,2023-03,0.07452254604643876,Bull,-7.652596010790235
slope,0.0,2023-04,0.038519722607286665,Bull,-14.588296075938468
slope,0.0,2023-05,0.02027057933137156,Bull,-14.588296075938468
slope,0.0,2023-06,0.010725396491735425,Bull,-14.588296075938468
slope,0.0,2023-07,0.007695319395023274,Bull,-14.588296075938468
slope,0.0,2023-08,0.005438692658035123,Bull,-12.42811367563088
slope,0.0,2023-09,0.011726055270345204,Bull,-8.761303280623856
slope,0.0,2023-10,0.5058587436449955,Bull,-8.761303280623856
slope,0.0,2023-11,0.26084308948187296,Bull,-8.761303280623856
slope,0.0,2023-12,0.13132076206168833,Bull,-8.761303280623856
slope,0.0,2024-01,0.06893158207434001,Bull,-6.271472847747561
slope,0.0,2024-02,0.03556322841309125,Bull,-15.556748011689637
slope,0.0,2024-03,0.018540182103923986,Bull,-15.556748011689637
slope,0.0,2024-04,0.00970528737374139,Bull,-15.556748011689637
slope,0.0,2024-05,0.007715800983658372,Bull,-16.410672322905484
slope,0.0,2024-06,0.004589489274598491,Bull,-18.35716885207005
slope,0.0,2024-07,0.006565579020400185,Bull,-15.01612366365288
slope,0.0,2024-08,0.0049732954541842015,Bull,-11.951507716337185
slope,0.0,2024-09,0.004980137642446911,Bull,-10.361688207723441
slope,0.0,2024-10,0.007402863852100558,Bull,-14.142513086077047
slope,0.0,2024-11,0.46676944077697663,Bull,-14.142513086077047
slope,0.0,2024-12,0.26194456247598275,Bull,-14.142513086077047
slope,0.0,2025-01,0.13398469626297002,Bull,-14.142513086077047
slope,0.0,2025-02,0.06954369646537635,Bull,-13.246896601141799
slope,0.0,2025-03,0.534771828585866,Bull,-9.030334502270755
slope,0.0,2025-04,0.269084712960479,Bull,-4.149986320647181
slope,0.0,2025-05,0.13454424800838252,Bull,-8.901506871653952
slope,0.0,2025-06,0.06727212620469383,Bull,-8.901506871653952
slope,0.0,2025-07,0.03363606384170369,Bull,-8.901506871653952
slope,0.0,2025-08,0.016818086881063402,Bull,-8.901506871653952
slope,0.0,2025-09,0.00840917815985673,Bull,-19.894662107505688
slope,0.0,2025-10,0.00420612540405969,Bull,-19.894662107505688
slope,0.0,2025-11,0.00210333437022286,Bull,-19.894662107505688
slope,0.0,2025-12,0.0010569018147659189,Bull,-19.894662107505688
slope,0.0,2026-01,0.0025677749191986452,Bull,-38.630429604794614
slope,0.0,2026-02,0.001736613792855433,Bull,
slope,0.0,2026-03,0.007666577244045056,Bull,
slope,0.0,2026-04,0.005018815504342531,Bull,
slope,0.0,2026-05,0.5025085256421677,Bull,
slope,0.0,2026-06,0.7052653577479172,Bear,
slope,0.0,2026-07,0.41370915338042763,Bear,
slope,0.4,2017-01,,Bull,-2.5032266220640476
slope,0.4,2017-02,,Bull,-5.37705297443093
slope,0.4,2017-03,,Bull,-5.37705297443093
slope,0.4,2017-04,,Bull,-5.37705297443093
slope,0.4,2017-05,,Bull,-5.37705297443093
slope,0.4,2017-06,,Bull,-5.37705297443093
slope,0.4,2017-07,,Bull,-5.106779372261084
slope,0.4,2017-08,,Bull,-9.022432045446305
slope,0.4,2017-09,,Bull,-9.022432045446305
slope,0.4,2017-10,,Bull,-9.022432045446305
slope,0.4,2017-11,,Bull,-9.022432045446305
slope,0.4,2017-12,,Bull,-10.92876031296578
slope,0.4,2018-01,0.990222678235799,Bear,-12.107655925343652
slope,0.4,2018-02,0.994830290201185,Bear,-10.916038402810212
slope,0.4,2018-03,0.9974124801444038,Bear,-10.916038402810212
slope,0.4,2018-04,0.9986593986506196,Bear,-20.646179033749025
slope,0.4,2018-05,0.9992072116584136,Bear,-19.207231269225268
slope,0.4,2018-06,0.5031349683475139,Bear,-15.257506834948876
slope,0.4,2018-07,0.7515674526530163,Bear,-15.357280452694022
slope,0.4,2018-08,0.8757837163842048,Bear,-15.357280452694022
slope,0.4,2018-09,0.9378918211149165,Bear,-14.910784013904033
slope,0.4,2018-10,0.956178782502311,Bear,-6.483795664071157
slope,0.4,2018-11,0.9780893902049941,Bear,-10.019876469916355
slope,0.4,2018-12,0.9890446942409739,Bear,-10.019876469916355
slope,0.4,2019-01,0.9807820811724488,Bear,-10.019876469916355
slope,0.4,2019-02,0.963146382268073,Bear,-15.072285771240034
slope,0.4,2019-03,0.9475244087497557,Bear,-15.072285771240034
slope,0.4,2019-04,0.7501596132316998,Bear,-13.695177451700369
slope,0.4,2019-05,0.8181977253962842,Bear,-10.52373122249326
slope,0.4,2019-06,0.7595173731941243,Bear,-10.368350250142655
slope,0.4,2019-07,0.8674849159581333,Bear,-6.538316914075426
slope,0.4,2019-08,0.9320259693298689,Bear,-12.36034800901422
slope,0.4,2019-09,0.9527266339149636,Bear,-35.70889779916474
slope,0.4,2019-10,0.9554364910747563,Bear,-35.70889779916474
slope,0.4,2019-11,0.9496110142746454,Bear,-35.70889779916474
slope,0.4,2019-12,0.845703996329318,Bear,-35.70889779916474
slope,0.4,2020-01,0.9228519965401014,Bear,-35.03091217438568
slope,0.4,2020-02,0.9614259973218235,Bear,-30.09792506344231
slope,0.4,2020-03,0.9807129922529831,Bear,-7.508801311518287
slope,0.4,2020-04,0.9896894257092377,Bear,-7.508801311518287
slope,0.4,2020-05,0.9744304076841768,Bear,-7.508801311518287
slope,0.4,2020-06,0.8909126318726739,Bear,-7.220151177391654
slope,0.4,2020-07,0.4947958429706152,Bear,-7.253996740571744
slope,0.4,2020-08,0.25028853007348256,Bull,-7.253996740571744
slope,0.4,2020-09,0.12723152122078402,Bull,-7.817720647628201
slope,0.4,2020-10,0.06669010995252865,Bull,-7.817720647628201
slope,0.4,2020-11,0.04044286838807077,Bull,-7.817720647628201
slope,0.4,2020-12,0.06199551960163527,Bull,-7.817720647628201
slope,0.4,2021-01,0.0310018266372371,Bull,-6.484782512052478
slope,0.4,2021-02,0.015505340315047883,Bull,-7.403461627668206
slope,0.4,2021-03,0.007757746121954748,Bull,-7.41072259557074
slope,0.4,2021-04,0.0038892516050021753,Bull,-12.008311333757815
slope,0.4,2021-05,0.0019633637396941745,Bull,-14.105002607448291
slope,0.4,2021-06,0.0010094319469529174,Bull,-14.105002607448291
slope,0.4,2021-07,0.0007187415511947965,Bull,-20.29917010731119
slope,0.4,2021-08,0.0005339231854575732,Bull,-18.476031508636524
slope,0.4,2021-09,0.0006807662859915868,Bull,-14.804715428229386
slope,0.4,2021-10,0.0009705139890888008,Bull,-13.700956530435404
slope,0.4,2021-11,0.5004852162525047,Bull,-15.826997871484672
slope,0.4,2021-12,0.2724288850258476,Bull,-22.578311680558038
slope,0.4,2022-01,0.1367516208764619,Bull,-17.313566132999235
slope,0.4,2022-02,0.0691055548318976,Bull,-16.93207993889052
slope,0.4,2022-03,0.03600120614643442,Bull,-21.879891694006993
slope,0.4,2022-04,0.022325593508125373,Bull,-20.0204095960431
slope,0.4,2022-05,0.012024235237468055,Bull,-19.74794040710648
slope,0.4,2022-06,0.008239588303109547,Bull,-14.92113843121784
slope,0.4,2022-07,0.0051056158227614536,Bull,-14.92113843121784
slope,0.4,2022-08,0.003779275385989814,Bull,-12.805568347769302
slope,0.4,2022-09,0.5018896161033779,Bull,-10.650944354368285
slope,0.4,2022-10,0.26378372934648714,Bull,-10.650944354368285
slope,0.4,2022-11,0.13311119399392762,Bull,-10.531330529144933
slope,0.4,2022-12,0.5652656404691316,Bull,-5.436753639916714
slope,0.4,2023-01,0.29577768804343446,Bull,-5.422280511656896
slope,0.4,2023-02,0.14955751672269374,Bull,-6.095455469581212
slope,0.4,2023-03,0.0762035873219092,Bull,-7.652596010790235
slope,0.4,2023-04,0.03947128504470577,Bull,-14.588296075938468
slope,0.4,2023-05,0.020731778722103755,Bull,-14.588296075938468
slope,0.4,2023-06,0.01089154108969434,Bull,-14.588296075938468
slope,0.4,2023-07,0.007440365399175378,Bull,-14.588296075938468
slope,0.4,2023-08,0.0050201197491111975,Bull,-12.42811367563088
slope,0.4,2023-09,0.010020160037925208,Bull,-8.761303280623856
slope,0.4,2023-10,0.5050052832743077,Bull,-8.761303280623856
slope,0.4,2023-11,0.26015801062694927,Bull,-8.761303280623856
slope,0.4,2023-12,0.13095327419061373,Bull,-8.761303280623856
slope,0.4,2024-01,0.06865526329393923,Bull,-6.271472847747561
slope,0.4,2024-02,0.035387617542524064,Bull,-15.556748011689637
slope,0.4,2024-03,0.018422866334821427,Bull,-15.556748011689637
slope,0.4,2024-04,0.009632828827232712,Bull,-15.556748011689637
slope,0.4,2024-05,0.007598737259307296,Bull,-16.410672322905484
slope,0.4,2024-06,0.004506106166578201,Bull,-18.35716885207005
slope,0.4,2024-07,0.0061422374655866405,Bull,-15.01612366365288
slope,0.4,2024-08,0.004549730554719141,Bull,-11.951507716337185
slope,0.4,2024-09,0.004533808487862757,Bull,-10.361688207723441
slope,0.4,2024-10,0.007081215240291073,Bull,-14.142513086077047
slope,0.4,2024-11,0.4686089540428686,Bull,-14.142513086077047
slope,0.4,2024-12,0.26707215817668534,Bull,-14.142513086077047
slope,0.4,2025-01,0.13724454936638222,Bull,-14.142513086077047
slope,0.4,2025-02,0.07173771033659747,Bull,-13.246896601141799
slope,0.4,2025-03,0.5358688388140899,Bull,-9.030334502270755
slope,0.4,2025-04,0.27007614610789366,Bull,-4.149986320647181
slope,0.4,2025-05,0.13504054684413816,Bull,-8.901506871653952
slope,0.4,2025-06,0.06752027598607124,Bull,-8.901506871653952
slope,0.4,2025-07,0.033760138647330705,Bull,-8.901506871653952
slope,0.4,2025-08,0.01688010858316136,Bull,-8.901506871653952
slope,0.4,2025-09,0.008440138112912955,Bull,-19.894662107505688
slope,0.4,2025-10,0.0042208895971461305,Bull,-19.894662107505688
slope,0.4,2025-11,0.0021105656530475995,Bull,-19.894662107505688
slope,0.4,2025-12,0.001057418551204214,Bull,-19.894662107505688
slope,0.4,2026-01,0.0012837685145352844,Bull,-38.630429604794614
slope,0.4,2026-02,0.0007843316595147462,Bull,
slope,0.4,2026-03,0.0023133925346798903,Bull,
slope,0.4,2026-04,0.0015064143668849185,Bull,
slope,0.4,2026-05,0.5007503263248716,Bull,
slope,0.4,2026-06,0.6156577659656641,Bear,
slope,0.4,2026-07,0.32593367668318113,Bull,
slope,0.8,2017-01,,Bull,-2.5032266220640476
slope,0.8,2017-02,,Bull,-5.37705297443093
slope,0.8,2017-03,,Bull,-5.37705297443093
slope,0.8,2017-04,,Bull,-5.37705297443093
slope,0.8,2017-05,,Bull,-5.37705297443093
slope,0.8,2017-06,,Bull,-5.37705297443093
slope,0.8,2017-07,,Bull,-5.106779372261084
slope,0.8,2017-08,,Bull,-9.022432045446305
slope,0.8,2017-09,,Bull,-9.022432045446305
slope,0.8,2017-10,,Bull,-9.022432045446305
slope,0.8,2017-11,,Bull,-9.022432045446305
slope,0.8,2017-12,,Bull,-10.92876031296578
slope,0.8,2018-01,0.9863693867613694,Bear,-12.107655925343652
slope,0.8,2018-02,0.9928597496315579,Bear,-10.916038402810212
slope,0.8,2018-03,0.9964275305613308,Bear,-10.916038402810212
slope,0.8,2018-04,0.9981834068854702,Bear,-20.646179033749025
slope,0.8,2018-05,0.9990244684162517,Bear,-19.207231269225268
slope,0.8,2018-06,0.5061913531683984,Bear,-15.257506834948876
slope,0.8,2018-07,0.7530956609987154,Bear,-15.357280452694022
slope,0.8,2018-08,0.8765478258093437,Bear,-15.357280452694022
slope,0.8,2018-09,0.9382738964938344,Bear,-14.910784013904033
slope,0.8,2018-10,0.9636678093502659,Bear,-6.483795664071157
slope,0.8,2018-11,0.9818339039576942,Bear,-10.019876469916355
slope,0.8,2018-12,0.9909169513233327,Bear,-10.019876469916355
slope,0.8,2019-01,0.989053113940309,Bear,-10.019876469916355
slope,0.8,2019-02,0.9806005616708777,Bear,-15.072285771240034
slope,0.8,2019-03,0.972153168168321,Bear,-15.072285771240034
slope,0.8,2019-04,0.83722408150055,Bear,-13.695177451700369
slope,0.8,2019-05,0.8870320404539549,Bear,-10.52373122249326
slope,0.8,2019-06,0.8459341136067857,Bear,-10.368350250142655
slope,0.8,2019-07,0.9157983140501009,Bear,-6.538316914075426
slope,0.8,2019-08,0.9567328184894739,Bear,-12.36034800901422
slope,0.8,2019-09,0.9683653727013194,Bear,-35.70889779916474
slope,0.8,2019-10,0.9665927742364298,Bear,-35.70889779916474
slope,0.8,2019-11,0.957787902719194,Bear,-35.70889779916474
slope,0.8,2019-12,0.8586232057018038,Bear,-35.70889779916474
slope,0.8,2020-01,0.9293116013210692,Bear,-35.03091217438568
slope,0.8,2020-02,0.96465579975064,Bear,-30.09792506344231
slope,0.8,2020-03,0.9823278946947966,Bear,-7.508801311518287
slope,0.8,2020-04,0.9907089227048809,Bear,-7.508801311518287
slope,0.8,2020-05,0.9815517090267302,Bear,-7.508801311518287
slope,0.8,2020-06,0.9107391078690131,Bear,-7.220151177391654
slope,0.8,2020-07,0.5092129571160715,Bear,-7.253996740571744
slope,0.8,2020-08,0.25699583699334433,Bull,-7.253996740571744
slope,0.8,2020-09,0.12996929307699667,Bull,-7.817720647628201
slope,0.8,2020-10,0.06712729298871788,Bull,-7.817720647628201
slope,0.8,2020-11,0.03844060743463613,Bull,-7.817720647628201
slope,0.8,2020-12,0.043222367242977955,Bull,-7.817720647628201
slope,0.8,2021-01,0.02161245516762295,Bull,-6.484782512052478
slope,0.8,2021-02,0.010807374152944294,Bull,-7.403461627668206
slope,0.8,2021-03,0.005405068799743439,Bull,-7.41072259557074
slope,0.8,2021-04,0.0027063937367666096,Bull,-12.008311333757815
slope,0.8,2021-05,0.001361458357524957,Bull,-14.105002607448291
slope,0.8,2021-06,0.0006942323109520729,Bull,-14.105002607448291
slope,0.8,2021-07,0.0004628560342666918,Bull,-20.29917010731119
slope,0.8,2021-08,0.00033264756113901366,Bull,-18.476031508636524
slope,0.8,2021-09,0.0004381511337668824,Bull,-14.804715428229386
slope,0.8,2021-10,0.0007222959391871849,Bull,-13.700956530435404
slope,0.8,2021-11,0.5003611093526834,Bull,-15.826997871484672
slope,0.8,2021-12,0.27741120375776224,Bull,-22.578311680558038
slope,0.8,2022-01,0.13944531445681693,Bull,-17.313566132999235
slope,0.8,2022-02,0.07076167539196017,Bull,-16.93207993889052
slope,0.8,2022-03,0.03765139298258305,Bull,-21.879891694006993
slope,0.8,2022-04,0.026165030223858958,Bull,-20.0204095960431
slope,0.8,2022-05,0.01459345228561851,Bull,-19.74794040710648
slope,0.8,2022-06,0.011344173241337612,Bull,-14.92113843121784
slope,0.8,2022-07,0.007534423047727799,Bull,-14.92113843121784
slope,0.8,2022-08,0.005970108243092178,Bull,-12.805568347769302
slope,0.8,2022-09,0.5029850414707983,Bull,-10.650944354368285
slope,0.8,2022-10,0.27332706785511574,Bull,-10.650944354368285
slope,0.8,2022-11,0.1389013350211955,Bull,-10.531330529144933
slope,0.8,2022-12,0.5686178814624234,Bull,-5.436753639916714
slope,0.8,2023-01,0.30224956304246625,Bull,-5.422280511656896
slope,0.8,2023-02,0.1533655644318353,Bull,-6.095455469581212
slope,0.8,2023-03,0.07846609568854211,Bull,-7.652596010790235
slope,0.8,2023-04,0.0407234270691628,Bull,-14.588296075938468
slope,0.8,2023-05,0.021343402448363257,Bull,-14.588296075938468
slope,0.8,2023-06,0.011139876442800612,Bull,-14.588296075938468
slope,0.8,2023-07,0.007275187753472607,Bull,-14.588296075938468
slope,0.8,2023-08,0.004699561189966795,Bull,-12.42811367563088
slope,0.8,2023-09,0.008608944298603543,Bull,-8.761303280623856
slope,0.8,2023-10,0.5042991045596774,Bull,-8.761303280623856
slope,0.8,2023-11,0.25955487909807917,Bull,-8.761303280623856
slope,0.8,2023-12,0.1306274660660212,Bull,-8.761303280623856
slope,0.8,2024-01,0.06840238749540356,Bull,-6.271472847747561
slope,0.8,2024-02,0.0352250041718529,Bull,-15.556748011689637
slope,0.8,2024-03,0.018313196101195795,Bull,-15.556748011689637
slope,0.8,2024-04,0.00956463087373707,Bull,-15.556748011689637
slope,0.8,2024-05,0.00748607301318208,Bull,-16.410672322905484
slope,0.8,2024-06,0.004425766150249305,Bull,-18.35716885207005
slope,0.8,2024-07,0.005754251515138993,Bull,-15.01612366365288
slope,0.8,2024-08,0.004170360885309492,Bull,-11.951507716337185
slope,0.8,2024-09,0.0041316221535878245,Bull,-10.361688207723441
slope,0.8,2024-10,0.006783757534356333,Bull,-14.142513086077047
slope,0.8,2024-11,0.47035816544857506,Bull,-14.142513086077047
slope,0.8,2024-12,0.2727186350458769,Bull,-14.142513086077047
slope,0.8,2025-01,0.1409254585917428,Bull,-14.142513086077047
slope,0.8,2025-02,0.07426367904758992,Bull,-13.246896601141799
slope,0.8,2025-03,0.5371318258916976,Bull,-9.030334502270755
slope,0.8,2025-04,0.271265426742086,Bull,-4.149986320647181
slope,0.8,2025-05,0.13563594842842708,Bull,-8.901506871653952
slope,0.8,2025-06,0.06781797720176566,Bull,-8.901506871653952
slope,0.8,2025-07,0.033908989179904286,Bull,-8.901506871653952
slope,0.8,2025-08,0.01695452263410676,Bull,-8.901506871653952
slope,0.8,2025-09,0.008477313470102391,Bull,-19.894662107505688
slope,0.8,2025-10,0.004239094979258567,Bull,-19.894662107505688
slope,0.8,2025-11,0.002119601252655949,Bull,-19.894662107505688
slope,0.8,2025-12,0.0010606719873082853,Bull,-19.894662107505688
slope,0.8,2026-01,0.0008082605410849215,Bull,-38.630429604794614
slope,0.8,2026-02,0.0004482967519970675,Bull,
slope,0.8,2026-03,0.0007530356522003252,Bull,
slope,0.8,2026-04,0.0004773745715260113,Bull,
slope,0.8,2026-05,0.5002290244956613,Bull,
slope,0.8,2026-06,0.46353634415337186,Bull,
slope,0.8,2026-07,0.2358162024063751,Bull,
slope,1.2,2017-01,,Bull,-2.5032266220640476
slope,1.2,2017-02,,Bull,-5.37705297443093
slope,1.2,2017-03,,Bull,-5.37705297443093
slope,1.2,2017-04,,Bull,-5.37705297443093
slope,1.2,2017-05,,Bull,-5.37705297443093
slope,1.2,2017-06,,Bull,-5.37705297443093
slope,1.2,2017-07,,Bull,-5.106779372261084
slope,1.2,2017-08,,Bull,-9.022432045446305
slope,1.2,2017-09,,Bull,-9.022432045446305
slope,1.2,2017-10,,Bull,-9.022432045446305
slope,1.2,2017-11,,Bull,-9.022432045446305
slope,1.2,2017-12,,Bull,-10.92876031296578
slope,1.2,2018-01,0.9810233847276337,Bear,-12.107655925343652
slope,1.2,2018-02,0.9901351159299588,Bear,-10.916038402810212
slope,1.2,2018-03,0.9950654955356735,Bear,-10.916038402810212
slope,1.2,2018-04,0.997513072379465,Bear,-20.646179033749025
slope,1.2,2018-05,0.9987196319337781,Bear,-19.207231269225268
slope,1.2,2018-06,0.5119208486946577,Bear,-15.257506834948876
slope,1.2,2018-07,0.7559604165241649,Bear,-15.357280452694022
slope,1.2,2018-08,0.877980205895637,Bear,-15.357280452694022
slope,1.2,2018-09,0.938990095514842,Bear,-14.910784013904033
slope,1.2,2018-10,0.9671692517362644,Bear,-6.483795664071157
slope,1.2,2018-11,0.983584625280719,Bear,-10.019876469916355
slope,1.2,2018-12,0.9917923120734524,Bear,-10.019876469916355
slope,1.2,2019-01,0.9929345039375157,Bear,-10.019876469916355
slope,1.2,2019-02,0.9894482647182824,Bear,-15.072285771240034
slope,1.2,2019-03,0.9852346564906446,Bear,-15.072285771240034
slope,1.2,2019-04,0.9000758944851834,Bear,-13.695177451700369
slope,1.2,2019-05,0.9329522841911363,Bear,-10.52373122249326
slope,1.2,2019-06,0.9048440762668579,Bear,-10.368350250142655
slope,1.2,2019-07,0.9481517427510107,Bear,-6.538316914075426
slope,1.2,2019-08,0.9732768096600433,Bear,-12.36034800901422
slope,1.2,2019-09,0.9791185798813884,Bear,-35.70889779916474
slope,1.2,2019-10,0.9747446471400396,Bear,-35.70889779916474
slope,1.2,2019-11,0.9641705392756933,Bear,-35.70889779916474
slope,1.2,2019-12,0.8701156849612939,Bear,-35.70889779916474
slope,1.2,2020-01,0.9350578410369592,Bear,-35.03091217438568
slope,1.2,2020-02,0.967528919643635,Bear,-30.09792506344231
slope,1.2,2020-03,0.9837644556136478,Bear,-7.508801311518287
slope,1.2,2020-04,0.9915718810823952,Bear,-7.508801311518287
slope,1.2,2020-05,0.9864999858795205,Bear,-7.508801311518287
slope,1.2,2020-06,0.9258183866480207,Bear,-7.220151177391654
slope,1.2,2020-07,0.520064702762637,Bear,-7.253996740571744
slope,1.2,2020-08,0.26204019285264746,Bull,-7.253996740571744
slope,1.2,2020-09,0.1320578769785921,Bull,-7.817720647628201
slope,1.2,2020-10,0.06752175534653243,Bull,-7.817720647628201
slope,1.2,2020-11,0.03710860484567296,Bull,-7.817720647628201
slope,1.2,2020-12,0.03214893785013156,Bull,-7.817720647628201
slope,1.2,2021-01,0.016074866482940462,Bull,-6.484782512052478
slope,1.2,2021-02,0.008037730193111228,Bull,-7.403461627668206
slope,1.2,2021-03,0.00401924121358461,Bull,-7.41072259557074
slope,1.2,2021-04,0.002011055740141684,Bull,-12.008311333757815
slope,1.2,2021-05,0.0010091703293149948,Bull,-14.105002607448291
slope,1.2,2021-06,0.0005111557122691373,Bull,-14.105002607448291
slope,1.2,2021-07,0.0003181625354135488,Bull,-20.29917010731119
slope,1.2,2021-08,0.00021778011393966008,Bull,-18.476031508636524
slope,1.2,2021-09,0.0002874801226555671,Bull,-14.804715428229386
slope,1.2,2021-10,0.0005458748778254889,Bull,-13.700956530435404
slope,1.2,2021-11,0.5002729008746869,Bull,-15.826997871484672
slope,1.2,2021-12,0.2834783513450111,Bull,-22.578311680558038
slope,1.2,2022-01,0.14275613508562607,Bull,-17.313566132999235
slope,1.2,2022-02,0.0728571751615171,Bull,-16.93207993889052
slope,1.2,2022-03,0.03998417166935533,Bull,-21.879891694006993
slope,1.2,2022-04,0.03239531944252672,Bull,-20.0204095960431
slope,1.2,2022-05,0.018844460555531878,Bull,-19.74794040710648
slope,1.2,2022-06,0.016758883812229192,Bull,-14.92113843121784
slope,1.2,2022-07,0.011894968718853417,Bull,-14.92113843121784
slope,1.2,2022-08,0.009899635983930472,Bull,-12.805568347769302
slope,1.2,2022-09,0.5049498105077661,Bull,-10.650944354368285
slope,1.2,2022-10,0.2891336041462047,Bull,-10.650944354368285
slope,1.2,2022-11,0.14866149616803898,Bull,-10.531330529144933
slope,1.2,2022-12,0.573796422573597,Bull,-5.436753639916714
slope,1.2,2023-01,0.3112963429247026,Bull,-5.422280511656896
slope,1.2,2023-02,0.15866494319170232,Bull,-6.095455469581212
slope,1.2,2023-03,0.08156466538642242,Bull,-7.652596010790235
slope,1.2,2023-04,0.042404362721315085,Bull,-14.588296075938468
slope,1.2,2023-05,0.022169548682476968,Bull,-14.588296075938468
slope,1.2,2023-06,0.011501698520789232,Bull,-14.588296075938468
slope,1.2,2023-07,0.007208478078598139,Bull,-14.588296075938468
slope,1.2,2023-08,0.0044717063616449525,Bull,-12.42811367563088
slope,1.2,2023-09,0.00745029511883435,Bull,-8.761303280623856
slope,1.2,2023-10,0.5037191442977802,Bull,-8.761303280623856
slope,1.2,2023-11,0.2590229043431765,Bull,-8.761303280623856
slope,1.2,2023-12,0.13033792217970439,Bull,-8.761303280623856
slope,1.2,2024-01,0.06817017469810348,Bull,-6.271472847747561
slope,1.2,2024-02,0.03507395506297406,Bull,-15.556748011689637
slope,1.2,2024-03,0.018210410346315264,Bull,-15.556748011689637
slope,1.2,2024-04,0.009500299090935737,Bull,-15.556748011689637
slope,1.2,2024-05,0.007377548079700601,Bull,-16.410672322905484
slope,1.2,2024-06,0.00434831061799917,Bull,-18.35716885207005
slope,1.2,2024-07,0.005398588224863481,Bull,-15.01612366365288
slope,1.2,2024-08,0.0038303678895904086,Bull,-11.951507716337185
slope,1.2,2024-09,0.0037690993064067174,Bull,-10.361688207723441
slope,1.2,2024-10,0.006508184871068037,Bull,-14.142513086077047
slope,1.2,2024-11,0.4720205701831481,Bull,-14.142513086077047
slope,1.2,2024-12,0.2789457675062409,Bull,-14.142513086077047
slope,1.2,2025-01,0.1450926032315293,Bull,-14.142513086077047
slope,1.2,2025-02,0.0771791730176979,Bull,-13.246896601141799
slope,1.2,2025-03,0.5385895751297544,Bull,-9.030334502270755
slope,1.2,2025-04,0.27269636489295124,Bull,-4.149986320647181
slope,1.2,2025-05,0.13635241271055132,Bull,-8.901506871653952
slope,1.2,2025-06,0.0681762098363518,Bull,-8.901506871653952
slope,1.2,2025-07,0.03408810543058572,Bull,-8.901506871653952
slope,1.2,2025-08,0.017044072748094424,Bull,-8.901506871653952
slope,1.2,2025-09,0.008522068823387319,Bull,-19.894662107505688
slope,1.2,2025-10,0.004261268474337458,Bull,-19.894662107505688
slope,1.2,2025-11,0.0021306581539857496,Bull,-19.894662107505688
slope,1.2,2025-12,0.0010656845836867362,Bull,-19.894662107505688
slope,1.2,2026-01,0.0006349578185686972,Bull,-38.630429604794614
slope,1.2,2026-02,0.0003311225544503188,Bull,
slope,1.2,2026-03,0.0003102147993781275,Bull,
slope,1.2,2026-04,0.0001840674514348247,Bull,
slope,1.2,2026-05,0.5000594187699687,Bull,
slope,1.2,2026-06,0.3349340595296763,Bull,
slope,1.2,2026-07,0.16817311783268263,Bull,
slope,2.0,2017-01,,Bull,-2.5032266220640476
slope,2.0,2017-02,,Bull,-5.37705297443093
slope,2.0,2017-03,,Bull,-5.37705297443093
slope,2.0,2017-04,,Bull,-5.37705297443093
slope,2.0,2017-05,,Bull,-5.37705297443093
slope,2.0,2017-06,,Bull,-5.37705297443093
slope,2.0,2017-07,,Bull,-5.106779372261084
slope,2.0,2017-08,,Bull,-9.022432045446305
slope,2.0,2017-09,,Bull,-9.022432045446305
slope,2.0,2017-10,,Bull,-9.022432045446305
slope,2.0,2017-11,,Bull,-9.022432045446305
slope,2.0,2017-12,,Bull,-10.92876031296578
slope,2.0,2018-01,0.9634489572840199,Bear,-12.107655925343652
slope,2.0,2018-02,0.9812137141856129,Bear,-10.916038402810212
slope,2.0,2018-03,0.9906052598458335,Bear,-10.916038402810212
slope,2.0,2018-04,0.9952943655596291,Bear,-20.646179033749025
slope,2.0,2018-05,0.9976360645374018,Bear,-19.207231269225268
slope,2.0,2018-06,0.5415036357204989,Bear,-15.257506834948876
slope,2.0,2018-07,0.7707518156546925,Bear,-15.357280452694022
slope,2.0,2018-08,0.8853759069486671,Bear,-15.357280452694022
slope,2.0,2018-09,0.9426879516451232,Bear,-14.910784013904033
slope,2.0,2018-10,0.970925300596609,Bear,-6.483795664071157
slope,2.0,2018-11,0.9854626497837657,Bear,-10.019876469916355
slope,2.0,2018-12,0.99273132437951,Bear,-10.019876469916355
slope,2.0,2019-01,0.9957381518439876,Bear,-10.019876469916355
slope,2.0,2019-02,0.9961001017010062,Bear,-15.072285771240034
slope,2.0,2019-03,0.9955118276926014,Bear,-15.072285771240034
slope,2.0,2019-04,0.9641829290174587,Bear,-13.695177451700369
slope,2.0,2019-05,0.9772275253487261,Bear,-10.52373122249326
slope,2.0,2019-06,0.964356843584497,Bear,-10.368350250142655
slope,2.0,2019-07,0.9805915202757567,Bear,-6.538316914075426
slope,2.0,2019-08,0.9899155708251269,Bear,-12.36034800901422
slope,2.0,2019-09,0.9907170111427747,Bear,-35.70889779916474
slope,2.0,2019-10,0.9847969634050804,Bear,-35.70889779916474
slope,2.0,2019-11,0.9730975685332828,Bear,-35.70889779916474
slope,2.0,2019-12,0.8897109683655303,Bear,-35.70889779916474
slope,2.0,2020-01,0.9448554828890061,Bear,-35.03091217438568
slope,2.0,2020-02,0.9724277406310207,Bear,-30.09792506344231
slope,2.0,2020-03,0.9862138674879761,Bear,-7.508801311518287
slope,2.0,2020-04,0.9929625983294033,Bear,-7.508801311518287
slope,2.0,2020-05,0.9923191429515197,Bear,-7.508801311518287
slope,2.0,2020-06,0.9462796552084947,Bear,-7.220151177391654
slope,2.0,2020-07,0.5327293015881214,Bear,-7.253996740571744
slope,2.0,2020-08,0.26781812528857696,Bull,-7.253996740571744
slope,2.0,2020-09,0.13442615881790718,Bull,-7.817720647628201
slope,2.0,2020-10,0.06793712602993707,Bull,-7.817720647628201
slope,2.0,2020-11,0.03554305808888076,Bull,-7.817720647628201
slope,2.0,2020-12,0.022039915060782303,Bull,-7.817720647628201
slope,2.0,2021-01,0.011019996392626262,Bull,-6.484782512052478
slope,2.0,2021-02,0.005510018115563706,Bull,-7.403461627668206
slope,2.0,2021-03,0.00275503692826926,Bull,-7.41072259557074
slope,2.0,2021-04,0.0013777169197574475,Bull,-12.008311333757815
slope,2.0,2021-05,0.0006895665357062143,Bull,-14.105002607448291
slope,2.0,2021-06,0.000346339035137999,Bull,-14.105002607448291
slope,2.0,2021-07,0.00019146787739259777,Bull,-20.29917010731119
slope,2.0,2021-08,0.00011548504500376143,Bull,-18.476031508636524
slope,2.0,2021-09,0.0001348722385562455,Bull,-14.804715428229386
slope,2.0,2021-10,0.0003246124167269266,Bull,-13.700956530435404
slope,2.0,2021-11,0.5001622735018598,Bull,-15.826997871484672
slope,2.0,2021-12,0.29960649603994505,Bull,-22.578311680558038
slope,2.0,2022-01,0.151707680921163,Bull,-17.313566132999235
slope,2.0,2022-02,0.07884785701567619,Bull,-16.93207993889052
slope,2.0,2022-03,0.04809561590906849,Bull,-21.879891694006993
slope,2.0,2022-04,0.058630906555940054,Bull,-20.0204095960431
slope,2.0,2022-05,0.03738644064869764,Bull,-19.74794040710648
slope,2.0,2022-06,0.04229182576620564,Bull,-14.92113843121784
slope,2.0,2022-07,0.033569939524397824,Bull,-14.92113843121784
slope,2.0,2022-08,0.02936825491494354,Bull,-12.805568347769302
slope,2.0,2022-09,0.5146841246498551,Bull,-10.650944354368285
slope,2.0,2022-10,0.35330746093538284,Bull,-10.650944354368285
slope,2.0,2022-11,0.19005409200006412,Bull,-10.531330529144933
slope,2.0,2022-12,0.5948121519039046,Bull,-5.436753639916714
slope,2.0,2023-01,0.3418114658735161,Bull,-5.422280511656896
slope,2.0,2023-02,0.17641790797750997,Bull,-6.095455469581212
slope,2.0,2023-03,0.09170779281801054,Bull,-7.652596010790235
slope,2.0,2023-04,0.04777571454425045,Bull,-14.588296075938468
slope,2.0,2023-05,0.02482691963749412,Bull,-14.588296075938468
slope,2.0,2023-06,0.012743942670673202,Bull,-14.588296075938468
slope,2.0,2023-07,0.007436478009473906,Bull,-14.588296075938468
slope,2.0,2023-08,0.004296888170875161,Bull,-12.42811367563088
slope,2.0,2023-09,0.005763736627257661,Bull,-8.761303280623856
slope,2.0,2023-10,0.5028743681012983,Bull,-8.761303280623856
slope,2.0,2023-11,0.25813967137144994,Bull,-8.761303280623856
slope,2.0,2023-12,0.12985117217842906,Bull,-8.761303280623856
slope,2.0,2024-01,0.0677592314324678,Bull,-6.271472847747561
slope,2.0,2024-02,0.03480213050938379,Bull,-15.556748011689637
slope,2.0,2024-03,0.01802311345473383,Bull,-15.556748011689637
slope,2.0,2024-04,0.009381991242586575,Bull,-15.556748011689637
slope,2.0,2024-05,0.00717205141294926,Bull,-16.410672322905484
slope,2.0,2024-06,0.004201511297353696,Bull,-18.35716885207005
slope,2.0,2024-07,0.004773375075823998,Bull,-15.01612366365288
slope,2.0,2024-08,0.003251860373197943,Bull,-11.951507716337185
slope,2.0,2024-09,0.0031473894247692337,Bull,-10.361688207723441
slope,2.0,2024-10,0.006014623210713497,Bull,-14.142513086077047
slope,2.0,2024-11,0.47509874925018986,Bull,-14.142513086077047
slope,2.0,2024-12,0.29339735499805075,Bull,-14.142513086077047
slope,2.0,2025-01,0.15517932941612655,Bull,-14.142513086077047
slope,2.0,2025-02,0.08445174135546968,Bull,-13.246896601141799
slope,2.0,2025-03,0.5422258627162755,Bull,-9.030334502270755
slope,2.0,2025-04,0.2765074245531056,Bull,-4.149986320647181
slope,2.0,2025-05,0.13826094540744363,Bull,-8.901506871653952
slope,2.0,2025-06,0.06913047742989785,Bull,-8.901506871653952
slope,2.0,2025-07,0.03456523911624718,Bull,-8.901506871653952
slope,2.0,2025-08,0.017282629780342427,Bull,-8.901506871653952
slope,2.0,2025-09,0.008641327452264456,Bull,-19.894662107505688
slope,2.0,2025-10,0.004320730493766874,Bull,-19.894662107505688
slope,2.0,2025-11,0.002160369979954043,Bull,-19.894662107505688
slope,2.0,2025-12,0.001080244165846013,Bull,-19.894662107505688
slope,2.0,2026-01,0.0005538840998147488,Bull,-38.630429604794614
slope,2.0,2026-02,0.0002782400458605451,Bull,
slope,2.0,2026-03,0.00014988710508250256,Bull,
slope,2.0,2026-04,7.732376561183857e-05,Bull,
slope,2.0,2026-05,0.49966547086629687,Bull,
slope,2.0,2026-06,0.25742914836526476,Bull,
slope,2.0,2026-07,0.12874086043428729,Bull,
slope,4.0,2017-01,,Bull,-2.5032266220640476
slope,4.0,2017-02,,Bull,-5.37705297443093
slope,4.0,2017-03,,Bull,-5.37705297443093
slope,4.0,2017-04,,Bull,-5.37705297443093
slope,4.0,2017-05,,Bull,-5.37705297443093
slope,4.0,2017-06,,Bull,-5.37705297443093
slope,4.0,2017-07,,Bull,-5.106779372261084
slope,4.0,2017-08,,Bull,-9.022432045446305
slope,4.0,2017-09,,Bull,-9.022432045446305
slope,4.0,2017-10,,Bull,-9.022432045446305
slope,4.0,2017-11,,Bull,-9.022432045446305
slope,4.0,2017-12,,Bull,-10.92876031296578
slope,4.0,2018-01,0.8243514935543563,Bear,-12.107655925343652
slope,4.0,2018-02,0.9109439384639078,Bear,-10.916038402810212
slope,4.0,2018-03,0.9554711199292323,Bear,-10.916038402810212
slope,4.0,2018-04,0.9777346146883756,Bear,-20.646179033749025
slope,4.0,2018-05,0.9888667529352919,Bear,-19.207231269225268
slope,4.0,2018-06,0.8442702518364542,Bear,-15.257506834948876
slope,4.0,2018-07,0.9221351253851078,Bear,-15.357280452694022
slope,4.0,2018-08,0.9610675621828206,Bear,-15.357280452694022
slope,4.0,2018-09,0.9805337805664379,Bear,-14.910784013904033
slope,4.0,2018-10,0.9902607617248078,Bear,-6.483795664071157
slope,4.0,2018-11,0.9951303803622262,Bear,-10.019876469916355
slope,4.0,2018-12,0.9975651896809297,Bear,-10.019876469916355
slope,4.0,2019-01,0.9987697064800318,Bear,-10.019876469916355
slope,4.0,2019-02,0.9993209208273977,Bear,-15.072285771240034
slope,4.0,2019-03,0.9995477469764862,Bear,-15.072285771240034
slope,4.0,2019-04,0.9967807681517402,Bear,-13.695177451700369
slope,4.0,2019-05,0.99814014158845,Bear,-10.52373122249326
slope,4.0,2019-06,0.9959673442089041,Bear,-10.368350250142655
slope,4.0,2019-07,0.9978356326905208,Bear,-6.538316914075426
slope,4.0,2019-08,0.9988563720810915,Bear,-12.36034800901422
slope,4.0,2019-09,0.9984227593568398,Bear,-35.70889779916474
slope,4.0,2019-10,0.9945817914200578,Bear,-35.70889779916474
slope,4.0,2019-11,0.9848312101610109,Bear,-35.70889779916474
slope,4.0,2019-12,0.9259355724013281,Bear,-35.70889779916474
slope,4.0,2020-01,0.9629677851815899,Bear,-35.03091217438568
slope,4.0,2020-02,0.9814838918903068,Bear,-30.09792506344231
slope,4.0,2020-03,0.990741944718704,Bear,-7.508801311518287
slope,4.0,2020-04,0.9953496953744412,Bear,-7.508801311518287
slope,4.0,2020-05,0.9971250866085775,Bear,-7.508801311518287
slope,4.0,2020-06,0.9708363221872627,Bear,-7.220151177391654
slope,4.0,2020-07,0.5323184913184119,Bear,-7.253996740571744
slope,4.0,2020-08,0.2667191355267254,Bull,-7.253996740571744
slope,4.0,2020-09,0.13344947123213535,Bull,-7.817720647628201
slope,4.0,2020-10,0.06684281399128711,Bull,-7.817720647628201
slope,4.0,2020-11,0.03365882733851974,Bull,-7.817720647628201
slope,4.0,2020-12,0.01704507970649732,Bull,-7.817720647628201
slope,4.0,2021-01,0.00852253996933471,Bull,-6.484782512052478
slope,4.0,2021-02,0.004261270064240064,Bull,-7.403461627668206
slope,4.0,2021-03,0.0021306351075320276,Bull,-7.41072259557074
slope,4.0,2021-04,0.0010653189648692771,Bull,-12.008311333757815
slope,4.0,2021-05,0.0005326712797562965,Bull,-14.105002607448291
slope,4.0,2021-06,0.0002663780843404617,Bull,-14.105002607448291
slope,4.0,2021-07,0.00013403483418441485,Bull,-20.29917010731119
slope,4.0,2021-08,6.831803425167153e-05,Bull,-18.476031508636524
slope,4.0,2021-09,4.3632635833391016e-05,Bull,-14.804715428229386
slope,4.0,2021-10,0.0001063021026605333,Bull,-13.700956530435404
slope,4.0,2021-11,0.5000531264634642,Bull,-15.826997871484672
slope,4.0,2021-12,0.3720698076864405,Bull,-22.578311680558038
slope,4.0,2022-01,0.19462468557918233,Bull,-17.313566132999235
slope,4.0,2022-02,0.11442776695642294,Bull,-16.93207993889052
slope,4.0,2022-03,0.12978090859348415,Bull,-21.879891694006993
slope,4.0,2022-04,0.33397371231001777,Bull,-20.0204095960431
slope,4.0,2022-05,0.2836611504097861,Bull,-19.74794040710648
slope,4.0,2022-06,0.39883429905556733,Bull,-14.92113843121784
slope,4.0,2022-07,0.4109907805547677,Bull,-14.92113843121784
slope,4.0,2022-08,0.31440584763690593,Bull,-12.805568347769302
slope,4.0,2022-09,0.6572029228345716,Bear,-10.650944354368285
slope,4.0,2022-10,0.7224197776355341,Bear,-10.650944354368285
slope,4.0,2022-11,0.5828608193178578,Bear,-10.531330529144933
slope,4.0,2022-12,0.7914157933342636,Bear,-5.436753639916714
slope,4.0,2023-01,0.5589964150396084,Bear,-5.422280511656896
slope,4.0,2023-02,0.3060482482923981,Bull,-6.095455469581212
slope,4.0,2023-03,0.16387677548929427,Bull,-7.652596010790235
slope,4.0,2023-04,0.08488325293991146,Bull,-14.588296075938468
slope,4.0,2023-05,0.043310397303348645,Bull,-14.588296075938468
slope,4.0,2023-06,0.021839277996058514,Bull,-14.588296075938468
slope,4.0,2023-07,0.01140302517266523,Bull,-14.588296075938468
slope,4.0,2023-08,0.005911341939084367,Bull,-12.42811367563088
slope,4.0,2023-09,0.004395274926353741,Bull,-8.761303280623856
slope,4.0,2023-10,0.5021845978572187,Bull,-8.761303280623856
slope,4.0,2023-11,0.25676678603084885,Bull,-8.761303280623856
slope,4.0,2023-12,0.12906258931749948,Bull,-8.761303280623856
slope,4.0,2024-01,0.06698561728960584,Bull,-6.271472847747561
slope,4.0,2024-02,0.03426825482751446,Bull,-15.556748011689637
slope,4.0,2024-03,0.01764420831918708,Bull,-15.556748011689637
slope,4.0,2024-04,0.009137417862636261,Bull,-15.556748011689637
slope,4.0,2024-05,0.006718427444798059,Bull,-16.410672322905484
slope,4.0,2024-06,0.0038770113654185735,Bull,-18.35716885207005
slope,4.0,2024-07,0.0036087339840938414,Bull,-15.01612366365288
slope,4.0,2024-08,0.0022471266321792364,Bull,-11.951507716337185
slope,4.0,2024-09,0.0020517203943875924,Bull,-10.361688207723441
slope,4.0,2024-10,0.005042052347327059,Bull,-14.142513086077047
slope,4.0,2024-11,0.4815101932019981,Bull,-14.142513086077047
slope,4.0,2024-12,0.3439564295829157,Bull,-14.142513086077047
slope,4.0,2025-01,0.19473690337062136,Bull,-14.142513086077047
slope,4.0,2025-02,0.11550026695648069,Bull,-13.246896601141799
slope,4.0,2025-03,0.5577501301462215,Bull,-9.030334502270755
slope,4.0,2025-04,0.2957331464296919,Bull,-4.149986320647181
slope,4.0,2025-05,0.1478944182735631,Bull,-8.901506871653952
slope,4.0,2025-06,0.07394721928486486,Bull,-8.901506871653952
slope,4.0,2025-07,0.03697360986022605,Bull,-8.901506871653952
slope,4.0,2025-08,0.01848680683135934,Bull,-8.901506871653952
slope,4.0,2025-09,0.009243404587064961,Bull,-19.894662107505688
slope,4.0,2025-10,0.0046217051952328935,Bull,-19.894662107505688
slope,4.0,2025-11,0.0023108526800763784,Bull,-19.894662107505688
slope,4.0,2025-12,0.0011554270089713585,Bull,-19.894662107505688
slope,4.0,2026-01,0.0005778049849404006,Bull,-38.630429604794614
slope,4.0,2026-02,0.00028890610038122396,Bull,
slope,4.0,2026-03,0.00014447144250318174,Bull,
slope,4.0,2026-04,7.22403101572888e-05,Bull,
slope,4.0,2026-05,0.37526432890292233,Bull,
slope,4.0,2026-06,0.18764884458114148,Bull,
slope,4.0,2026-07,0.09382471590443128,Bull,
slope,8.0,2017-01,,Bull,-2.5032266220640476
slope,8.0,2017-02,,Bull,-5.37705297443093
slope,8.0,2017-03,,Bull,-5.37705297443093
slope,8.0,2017-04,,Bull,-5.37705297443093
slope,8.0,2017-05,,Bull,-5.37705297443093
slope,8.0,2017-06,,Bull,-5.37705297443093
slope,8.0,2017-07,,Bull,-5.106779372261084
slope,8.0,2017-08,,Bull,-9.022432045446305
slope,8.0,2017-09,,Bull,-9.022432045446305
slope,8.0,2017-10,,Bull,-9.022432045446305
slope,8.0,2017-11,,Bull,-9.022432045446305
slope,8.0,2017-12,,Bull,-10.92876031296578
slope,8.0,2018-01,0.0314366032345095,Bull,-12.107655925343652
slope,8.0,2018-02,0.4895208678196239,Bull,-10.916038402810212
slope,8.0,2018-03,0.7447600664648454,Bear,-10.916038402810212
slope,8.0,2018-04,0.8723800203837887,Bear,-20.646179033749025
slope,8.0,2018-05,0.9361900075236447,Bear,-19.207231269225268
slope,8.0,2018-06,0.9674887018294087,Bear,-15.257506834948876
slope,8.0,2018-07,0.9837443504146606,Bear,-15.357280452694022
slope,8.0,2018-08,0.9918721747070545,Bear,-15.357280452694022
slope,8.0,2018-09,0.9959360868525082,Bear,-14.910784013904033
slope,8.0,2018-10,0.9979679436698587,Bear,-6.483795664071157
slope,8.0,2018-11,0.998983971334924,Bear,-10.019876469916355
slope,8.0,2018-12,0.9994919851674589,Bear,-10.019876469916355
slope,8.0,2019-01,0.9997458347458066,Bear,-10.019876469916355
slope,8.0,2019-02,0.9998726652864971,Bear,-15.072285771240034
slope,8.0,2019-03,0.9999360371543882,Bear,-15.072285771240034
slope,8.0,2019-04,0.9999406267909526,Bear,-13.695177451700369
slope,8.0,2019-05,0.99996779733543,Bear,-10.52373122249326
slope,8.0,2019-06,0.9999034015744679,Bear,-10.368350250142655
slope,8.0,2019-07,0.9999497237282087,Bear,-6.538316914075426
slope,8.0,2019-08,0.9999731152820741,Bear,-12.36034800901422
slope,8.0,2019-09,0.9999300452772772,Bear,-35.70889779916474
slope,8.0,2019-10,0.999030846332181,Bear,-35.70889779916474
slope,8.0,2019-11,0.994047259735387,Bear,-35.70889779916474
slope,8.0,2019-12,0.967327273514593,Bear,-35.70889779916474
slope,8.0,2020-01,0.9836636360310347,Bear,-35.03091217438568
slope,8.0,2020-02,0.9918318174335414,Bear,-30.09792506344231
slope,8.0,2020-03,0.9959159081460329,Bear,-7.508801311518287
slope,8.0,2020-04,0.9979574916464877,Bear,-7.508801311518287
slope,8.0,2020-05,0.9989690498523001,Bear,-7.508801311518287
slope,8.0,2020-06,0.9890429384266524,Bear,-7.220151177391654
slope,8.0,2020-07,0.5082278866396246,Bear,-7.253996740571744
slope,8.0,2020-08,0.2541331871034241,Bull,-7.253996740571744
slope,8.0,2020-09,0.12706912852614377,Bull,-7.817720647628201
slope,8.0,2020-10,0.06353770563336329,Bull,-7.817720647628201
slope,8.0,2020-11,0.031774217525234,Bull,-7.817720647628201
slope,8.0,2020-12,0.015887647574659117,Bull,-7.817720647628201
slope,8.0,2021-01,0.007943823840825183,Bull,-6.484782512052478
slope,8.0,2021-02,0.003971911999985299,Bull,-7.403461627668206
slope,8.0,2021-03,0.001985956075404645,Bull,-7.41072259557074
slope,8.0,2021-04,0.000992978165098774,Bull,-12.008311333757815
slope,8.0,2021-05,0.0004964892813900186,Bull,-14.105002607448291
slope,8.0,2021-06,0.00024824490614135233,Bull,-14.105002607448291
slope,8.0,2021-07,0.00012412495252128356,Bull,-20.29917010731119
slope,8.0,2021-08,6.206800875267784e-05,Bull,-18.476031508636524
slope,8.0,2021-09,3.117383251978071e-05,Bull,-14.804715428229386
slope,8.0,2021-10,2.4511924214397602e-05,Bull,-13.700956530435404
slope,8.0,2021-11,0.5000122417583772,Bull,-15.826997871484672
slope,8.0,2021-12,0.617922532447736,Bear,-22.578311680558038
slope,8.0,2022-01,0.47337753773335056,Bear,-17.313566132999235
slope,8.0,2022-02,0.5336776499458197,Bear,-16.93207993889052
slope,8.0,2022-03,0.747649130609189,Bear,-21.879891694006993
slope,8.0,2022-04,0.8733661904967605,Bear,-20.0204095960431
slope,8.0,2022-05,0.9360839391876917,Bear,-19.74794040710648
slope,8.0,2022-06,0.9678365023321546,Bear,-14.92113843121784
slope,8.0,2022-07,0.983690369933901,Bear,-14.92113843121784
slope,8.0,2022-08,0.9912730265026417,Bear,-12.805568347769302
slope,8.0,2022-09,0.9956365127511554,Bear,-10.650944354368285
slope,8.0,2022-10,0.9972659902909368,Bear,-10.650944354368285
slope,8.0,2022-11,0.9979509780763033,Bear,-10.531330529144933
slope,8.0,2022-12,0.998975452543017,Bear,-5.436753639916714
slope,8.0,2023-01,0.9610424844075511,Bear,-5.422280511656896
slope,8.0,2023-02,0.8365676307779446,Bear,-6.095455469581212
slope,8.0,2023-03,0.5591356203969949,Bear,-7.652596010790235
slope,8.0,2023-04,0.287096368020518,Bull,-14.588296075938468
slope,8.0,2023-05,0.14421674044214358,Bull,-14.588296075938468
slope,8.0,2023-06,0.07216034984467905,Bull,-14.588296075938468
slope,8.0,2023-07,0.03617282105208327,Bull,-14.588296075938468
slope,8.0,2023-08,0.018112428964009213,Bull,-12.42811367563088
slope,8.0,2023-09,0.009271512760786799,Bull,-8.761303280623856
slope,8.0,2023-10,0.5045948148560195,Bull,-8.761303280623856
slope,8.0,2023-11,0.2563609397684809,Bull,-8.761303280623856
slope,8.0,2023-12,0.12869437843261075,Bull,-8.761303280623856
slope,8.0,2024-01,0.06618786776629416,Bull,-6.271472847747561
slope,8.0,2024-02,0.033641823725194975,Bull,-15.556748011689637
slope,8.0,2024-03,0.017163873321080353,Bull,-15.556748011689637
slope,8.0,2024-04,0.008810402616453245,Bull,-15.556748011689637
slope,8.0,2024-05,0.006018662807518981,Bull,-16.410672322905484
slope,8.0,2024-06,0.00337580100721219,Bull,-18.35716885207005
slope,8.0,2024-07,0.002338769181184241,Bull,-15.01612366365288
slope,8.0,2024-08,0.0012855020732453638,Bull,-11.951507716337185
slope,8.0,2024-09,0.0009879411459271198,Bull,-10.361688207723441
slope,8.0,2024-10,0.00378018623353901,Bull,-14.142513086077047
slope,8.0,2024-11,0.4900797523273889,Bull,-14.142513086077047
slope,8.0,2024-12,0.5080682982496262,Bull,-14.142513086077047
slope,8.0,2025-01,0.38992767600350176,Bull,-14.142513086077047
slope,8.0,2025-02,0.32369858961862163,Bull,-13.246896601141799
slope,8.0,2025-03,0.6618492939996294,Bear,-9.030334502270755
slope,8.0,2025-04,0.46249798908499407,Bear,-4.149986320647181
slope,8.0,2025-05,0.2317522052242091,Bull,-8.901506871653952
slope,8.0,2025-06,0.11587614889085479,Bull,-8.901506871653952
slope,8.0,2025-07,0.05793807450917606,Bull,-8.901506871653952
slope,8.0,2025-08,0.02896903732011158,Bull,-8.901506871653952
slope,8.0,2025-09,0.01448451867021682,Bull,-19.894662107505688
slope,8.0,2025-10,0.007242259341779317,Bull,-19.894662107505688
slope,8.0,2025-11,0.003621129671708996,Bull,-19.894662107505688
slope,8.0,2025-12,0.0018105648510158532,Bull,-19.894662107505688
slope,8.0,2026-01,0.0009052864538424157,Bull,-38.630429604794614
slope,8.0,2026-02,0.00045264377265800314,Bull,
slope,8.0,2026-03,0.00022634027864145643,Bull,
slope,8.0,2026-04,0.00011317148742977965,Bull,
slope,8.0,2026-05,0.3717088921389746,Bull,
slope,8.0,2026-06,0.1858711261991673,Bull,
slope,8.0,2026-07,0.09293584796328598,Bull,
slope,16.0,2017-01,,Bull,-2.5032266220640476
slope,16.0,2017-02,,Bull,-5.37705297443093
slope,16.0,2017-03,,Bull,-5.37705297443093
slope,16.0,2017-04,,Bull,-5.37705297443093
slope,16.0,2017-05,,Bull,-5.37705297443093
slope,16.0,2017-06,,Bull,-5.37705297443093
slope,16.0,2017-07,,Bull,-5.106779372261084
slope,16.0,2017-08,,Bull,-9.022432045446305
slope,16.0,2017-09,,Bull,-9.022432045446305
slope,16.0,2017-10,,Bull,-9.022432045446305
slope,16.0,2017-11,,Bull,-9.022432045446305
slope,16.0,2017-12,,Bull,-10.92876031296578
slope,16.0,2018-01,2.6386462033568158e-05,Bull,-12.107655925343652
slope,16.0,2018-02,0.24588938773284322,Bull,-10.916038402810212
slope,16.0,2018-03,0.6229445747219627,Bear,-10.916038402810212
slope,16.0,2018-04,0.8114722860830998,Bear,-20.646179033749025
slope,16.0,2018-05,0.9057361403733014,Bear,-19.207231269225268
slope,16.0,2018-06,0.9522617682698353,Bear,-15.257506834948876
slope,16.0,2018-07,0.9761308836348739,Bear,-15.357280452694022
slope,16.0,2018-08,0.988065441317161,Bear,-15.357280452694022
slope,16.0,2018-09,0.9940327201575616,Bear,-14.910784013904033
slope,16.0,2018-10,0.9970162603223853,Bear,-6.483795664071157
slope,16.0,2018-11,0.9985081296611872,Bear,-10.019876469916355
slope,16.0,2018-12,0.9992540643305905,Bear,-10.019876469916355
slope,16.0,2019-01,0.9996268743273728,Bear,-10.019876469916355
slope,16.0,2019-02,0.9998131850791326,Bear,-15.072285771240034
slope,16.0,2019-03,0.9999063293186508,Bear,-15.072285771240034
slope,16.0,2019-04,0.9999486370902764,Bear,-13.695177451700369
slope,16.0,2019-05,0.9999742415641273,Bear,-10.52373122249326
slope,16.0,2019-06,0.9999858580081885,Bear,-10.368350250142655
slope,16.0,2019-07,0.9999929077238825,Bear,-6.538316914075426
slope,16.0,2019-08,0.999996442594923,Bear,-12.36034800901422
slope,16.0,2019-09,0.9999980408056437,Bear,-35.70889779916474
slope,16.0,2019-10,0.9999589045228794,Bear,-35.70889779916474
slope,16.0,2019-11,0.9988448131673962,Bear,-35.70889779916474
slope,16.0,2019-12,0.9942956338397868,Bear,-35.70889779916474
slope,16.0,2020-01,0.9971478163765555,Bear,-35.03091217438568
slope,16.0,2020-02,0.9985739076745721,Bear,-30.09792506344231
slope,16.0,2020-03,0.9992869533366153,Bear,-7.508801311518287
slope,16.0,2020-04,0.9996434645205801,Bear,-7.508801311518287
slope,16.0,2020-05,0.9998211531716057,Bear,-7.508801311518287
slope,16.0,2020-06,0.9984028216041978,Bear,-7.220151177391654
slope,16.0,2020-07,0.4998292158253361,Bear,-7.253996740571744
slope,16.0,2020-08,0.24991462151485735,Bull,-7.253996740571744
slope,16.0,2020-09,0.12495731706048162,Bull,-7.817720647628201
slope,16.0,2020-10,0.062478670005107956,Bull,-7.817720647628201
slope,16.0,2020-11,0.031239347572856468,Bull,-7.817720647628201
slope,16.0,2020-12,0.01561977946302186,Bull,-7.817720647628201
slope,16.0,2021-01,0.007809889785006555,Bull,-6.484782512052478
slope,16.0,2021-02,0.0039049449720759857,Bull,-7.403461627668206
slope,16.0,2021-03,0.001952472561449988,Bull,-7.41072259557074
slope,16.0,2021-04,0.0009762364081214457,Bull,-12.008311333757815
slope,16.0,2021-05,0.0004881184029013545,Bull,-14.105002607448291
slope,16.0,2021-06,0.00024405946689701988,Bull,-14.105002607448291
slope,16.0,2021-07,0.00012203223289908073,Bull,-20.29917010731119
slope,16.0,2021-08,6.1019084114371846e-05,Bull,-18.476031508636524
slope,16.0,2021-09,3.051898094360193e-05,Bull,-14.804715428229386
slope,16.0,2021-10,1.5363687210890978e-05,Bull,-13.700956530435404
slope,16.0,2021-11,0.500007677136081,Bull,-15.826997871484672
slope,16.0,2021-12,0.7476032140266338,Bear,-22.578311680558038
slope,16.0,2022-01,0.8732566139103235,Bear,-17.313566132999235
slope,16.0,2022-02,0.9365940830313864,Bear,-16.93207993889052
slope,16.0,2022-03,0.968285181341818,Bear,-21.879891694006993
slope,16.0,2022-04,0.9841354147175282,Bear,-20.0204095960431
slope,16.0,2022-05,0.9920555431085641,Bear,-19.74794040710648
slope,16.0,2022-06,0.9960253589394197,Bear,-14.92113843121784
slope,16.0,2022-07,0.9980018207130616,Bear,-14.92113843121784
slope,16.0,2022-08,0.9989877517795946,Bear,-12.805568347769302
slope,16.0,2022-09,0.9994938753897968,Bear,-10.650944354368285
slope,16.0,2022-10,0.9997395684127762,Bear,-10.650944354368285
slope,16.0,2022-11,0.9998625713557862,Bear,-10.531330529144933
slope,16.0,2022-12,0.9999312851409601,Bear,-5.436753639916714
slope,16.0,2023-01,0.999897702788412,Bear,-5.422280511656896
slope,16.0,2023-02,0.9993925618292705,Bear,-6.095455469581212
slope,16.0,2023-03,0.9937845763552569,Bear,-7.652596010790235
slope,16.0,2023-04,0.6461315974430526,Bear,-14.588296075938468
slope,16.0,2023-05,0.32392931724187507,Bull,-14.588296075938468
slope,16.0,2023-06,0.1619671787269881,Bull,-14.588296075938468
slope,16.0,2023-07,0.08098598279341203,Bull,-14.588296075938468
slope,16.0,2023-08,0.040493303731575746,Bull,-12.42811367563088
slope,16.0,2023-09,0.020250684199576742,Bull,-8.761303280623856
slope,16.0,2023-10,0.5096842758070348,Bull,-8.761303280623856
slope,16.0,2023-11,0.25692005060643885,Bull,-8.761303280623856
slope,16.0,2023-12,0.12875591185126087,Bull,-8.761303280623856
slope,16.0,2024-01,0.06541250524311801,Bull,-6.271472847747561
slope,16.0,2024-02,0.03297983425446782,Bull,-15.556748011689637
slope,16.0,2024-03,0.016644961433055924,Bull,-15.556748011689637
slope,16.0,2024-04,0.008442441703625334,Bull,-15.556748011689637
slope,16.0,2024-05,0.005129456565724068,Bull,-16.410672322905484
slope,16.0,2024-06,0.0027483271600628467,Bull,-18.35716885207005
slope,16.0,2024-07,0.0014726892755707627,Bull,-15.01612366365288
slope,16.0,2024-08,0.0007443659675281483,Bull,-11.951507716337185
slope,16.0,2024-09,0.0004198396090387744,Bull,-10.361688207723441
slope,16.0,2024-10,0.0024100532042538366,Bull,-14.142513086077047
slope,16.0,2024-11,0.4975469024181607,Bull,-14.142513086077047
slope,16.0,2024-12,0.7253289380963037,Bear,-14.142513086077047
slope,16.0,2025-01,0.8554261280922799,Bear,-14.142513086077047
slope,16.0,2025-02,0.9253706130105863,Bear,-13.246896601141799
slope,16.0,2025-03,0.9626853060044497,Bear,-9.030334502270755
slope,16.0,2025-04,0.9683250137521785,Bear,-4.149986320647181
slope,16.0,2025-05,0.8058536339952871,Bear,-8.901506871653952
slope,16.0,2025-06,0.4029281073135832,Bear,-8.901506871653952
slope,16.0,2025-07,0.20146405366043338,Bull,-8.901506871653952
slope,16.0,2025-08,0.10073202683052679,Bull,-8.901506871653952
slope,16.0,2025-09,0.050366013415936425,Bull,-19.894662107505688
slope,16.0,2025-10,0.02518300671463912,Bull,-19.894662107505688
slope,16.0,2025-11,0.012591503358138897,Bull,-19.894662107505688
slope,16.0,2025-12,0.0062957516942308035,Bull,-19.894662107505688
slope,16.0,2026-01,0.003147879875449891,Bull,-38.630429604794614
slope,16.0,2026-02,0.001573940483461741,Bull,
slope,16.0,2026-03,0.0007869886340433253,Bull,
slope,16.0,2026-04,0.00039349566513071407,Bull,
slope,16.0,2026-05,0.3718490542278252,Bull,
slope,16.0,2026-06,0.1859412072435926,Bull,
slope,16.0,2026-07,0.09297088848549863,Bull,
bread6,0.0,2017-01,,Bull,-2.5032266220640476
bread6,0.0,2017-02,,Bull,-5.37705297443093
bread6,0.0,2017-03,,Bull,-5.37705297443093
bread6,0.0,2017-04,,Bull,-5.37705297443093
bread6,0.0,2017-05,,Bull,-5.37705297443093
bread6,0.0,2017-06,,Bull,-5.37705297443093
bread6,0.0,2017-07,,Bull,-5.106779372261084
bread6,0.0,2017-08,,Bull,-9.022432045446305
bread6,0.0,2017-09,,Bull,-9.022432045446305
bread6,0.0,2017-10,,Bull,-9.022432045446305
bread6,0.0,2017-11,,Bull,-9.022432045446305
bread6,0.0,2017-12,,Bull,-10.92876031296578
bread6,0.0,2018-01,0.9929935303714662,Bear,-12.107655925343652
bread6,0.0,2018-02,0.9962532369553476,Bear,-10.916038402810212
bread6,0.0,2018-03,0.9981235886117799,Bear,-10.916038402810212
bread6,0.0,2018-04,0.9989895216611533,Bear,-20.646179033749025
bread6,0.0,2018-05,0.9992716403163012,Bear,-19.207231269225268
bread6,0.0,2018-06,0.5014972343715908,Bear,-15.257506834948876
bread6,0.0,2018-07,0.7507485529567293,Bear,-15.357280452694022
bread6,0.0,2018-08,0.8753742546530872,Bear,-15.357280452694022
bread6,0.0,2018-09,0.9376870426358723,Bear,-14.910784013904033
bread6,0.0,2018-10,0.9395696012904465,Bear,-6.483795664071157
bread6,0.0,2018-11,0.9697847987673579,Bear,-10.019876469916355
bread6,0.0,2018-12,0.984892398043431,Bear,-10.019876469916355
bread6,0.0,2019-01,0.963464897203322,Bear,-10.019876469916355
bread6,0.0,2019-02,0.9295975835654118,Bear,-15.072285771240034
bread6,0.0,2019-03,0.902453374403128,Bear,-15.072285771240034
bread6,0.0,2019-04,0.6460374945900216,Bear,-13.695177451700369
bread6,0.0,2019-05,0.7244047679411174,Bear,-10.52373122249326
bread6,0.0,2019-06,0.6449753367451452,Bear,-10.368350250142655
bread6,0.0,2019-07,0.8009562002287769,Bear,-6.538316914075426
bread6,0.0,2019-08,0.8979169490992944,Bear,-12.36034800901422
bread6,0.0,2019-09,0.9313299465193171,Bear,-35.70889779916474
bread6,0.0,2019-10,0.9407108739172892,Bear,-35.70889779916474
bread6,0.0,2019-11,0.9393034529325461,Bear,-35.70889779916474
bread6,0.0,2019-12,0.8311549139594182,Bear,-35.70889779916474
bread6,0.0,2020-01,0.9155774552508598,Bear,-35.03091217438568
bread6,0.0,2020-02,0.9577887266352769,Bear,-30.09792506344231
bread6,0.0,2020-03,0.9788943553602564,Bear,-7.508801311518287
bread6,0.0,2020-04,0.9884694098235316,Bear,-7.508801311518287
bread6,0.0,2020-05,0.9642486490392941,Bear,-7.508801311518287
bread6,0.0,2020-06,0.8649268583314987,Bear,-7.220151177391654
bread6,0.0,2020-07,0.4764901661357419,Bear,-7.253996740571744
bread6,0.0,2020-08,0.24181382572600799,Bull,-7.253996740571744
bread6,0.0,2020-09,0.12386903308538504,Bull,-7.817720647628201
bread6,0.0,2020-10,0.06634385520292993,Bull,-7.817720647628201
bread6,0.0,2020-11,0.043487331073912866,Bull,-7.817720647628201
bread6,0.0,2020-12,0.09265315865472146,Bull,-7.817720647628201
bread6,0.0,2021-01,0.04633958624023766,Bull,-6.484782512052478
bread6,0.0,2021-02,0.023186885375930225,Bull,-7.403461627668206
bread6,0.0,2021-03,0.01161208947849329,Bull,-7.41072259557074
bread6,0.0,2021-04,0.005833954738613556,Bull,-12.008311333757815
bread6,0.0,2021-05,0.002959476581759335,Bull,-14.105002607448291
bread6,0.0,2021-06,0.0015367661561241225,Bull,-14.105002607448291
bread6,0.0,2021-07,0.0011641004197655376,Bull,-20.29917010731119
bread6,0.0,2021-08,0.0008830600042994826,Bull,-18.476031508636524
bread6,0.0,2021-09,0.001071534905584363,Bull,-14.804715428229386
bread6,0.0,2021-10,0.0013254653495135273,Bull,-13.700956530435404
bread6,0.0,2021-11,0.5006626897483902,Bull,-15.826997871484672
bread6,0.0,2021-12,0.268372041715078,Bull,-22.578311680558038
bread6,0.0,2022-01,0.13457598270683488,Bull,-17.313566132999235
bread6,0.0,2022-02,0.06780048155269512,Bull,-16.93207993889052
bread6,0.0,2022-03,0.03482362093113108,Bull,-21.879891694006993
bread6,0.0,2022-04,0.019954295171161106,Bull,-20.0204095960431
bread6,0.0,2022-05,0.010468123254283675,Bull,-19.74794040710648
bread6,0.0,2022-06,0.006459459237332571,Bull,-14.92113843121784
bread6,0.0,2022-07,0.00375221907263083,Bull,-14.92113843121784
bread6,0.0,2022-08,0.002558800524104594,Bull,-12.805568347769302
bread6,0.0,2022-09,0.5012793632318885,Bull,-10.650944354368285
bread6,0.0,2022-10,0.2581310263082743,Bull,-10.650944354368285
bread6,0.0,2022-11,0.1297338017744414,Bull,-10.531330529144933
bread6,0.0,2022-12,0.5628784934364117,Bull,-5.436753639916714
bread6,0.0,2023-01,0.2910446361353564,Bull,-5.422280511656896
bread6,0.0,2023-02,0.14676812354305543,Bull,-6.095455469581212
bread6,0.0,2023-03,0.07452254604643876,Bull,-7.652596010790235
bread6,0.0,2023-04,0.038519722607286665,Bull,-14.588296075938468
bread6,0.0,2023-05,0.02027057933137156,Bull,-14.588296075938468
bread6,0.0,2023-06,0.010725396491735425,Bull,-14.588296075938468
bread6,0.0,2023-07,0.007695319395023274,Bull,-14.588296075938468
bread6,0.0,2023-08,0.005438692658035123,Bull,-12.42811367563088
bread6,0.0,2023-09,0.011726055270345204,Bull,-8.761303280623856
bread6,0.0,2023-10,0.5058587436449955,Bull,-8.761303280623856
bread6,0.0,2023-11,0.26084308948187296,Bull,-8.761303280623856
bread6,0.0,2023-12,0.13132076206168833,Bull,-8.761303280623856
bread6,0.0,2024-01,0.06893158207434001,Bull,-6.271472847747561
bread6,0.0,2024-02,0.03556322841309125,Bull,-15.556748011689637
bread6,0.0,2024-03,0.018540182103923986,Bull,-15.556748011689637
bread6,0.0,2024-04,0.00970528737374139,Bull,-15.556748011689637
bread6,0.0,2024-05,0.007715800983658372,Bull,-16.410672322905484
bread6,0.0,2024-06,0.004589489274598491,Bull,-18.35716885207005
bread6,0.0,2024-07,0.006565579020400185,Bull,-15.01612366365288
bread6,0.0,2024-08,0.0049732954541842015,Bull,-11.951507716337185
bread6,0.0,2024-09,0.004980137642446911,Bull,-10.361688207723441
bread6,0.0,2024-10,0.007402863852100558,Bull,-14.142513086077047
bread6,0.0,2024-11,0.46676944077697663,Bull,-14.142513086077047
bread6,0.0,2024-12,0.26194456247598275,Bull,-14.142513086077047
bread6,0.0,2025-01,0.13398469626297002,Bull,-14.142513086077047
bread6,0.0,2025-02,0.06954369646537635,Bull,-13.246896601141799
bread6,0.0,2025-03,0.534771828585866,Bull,-9.030334502270755
bread6,0.0,2025-04,0.269084712960479,Bull,-4.149986320647181
bread6,0.0,2025-05,0.13454424800838252,Bull,-8.901506871653952
bread6,0.0,2025-06,0.06727212620469383,Bull,-8.901506871653952
bread6,0.0,2025-07,0.03363606384170369,Bull,-8.901506871653952
bread6,0.0,2025-08,0.016818086881063402,Bull,-8.901506871653952
bread6,0.0,2025-09,0.00840917815985673,Bull,-19.894662107505688
bread6,0.0,2025-10,0.00420612540405969,Bull,-19.894662107505688
bread6,0.0,2025-11,0.00210333437022286,Bull,-19.894662107505688
bread6,0.0,2025-12,0.0010569018147659189,Bull,-19.894662107505688
bread6,0.0,2026-01,0.0025677749191986452,Bull,-38.630429604794614
bread6,0.0,2026-02,0.001736613792855433,Bull,
bread6,0.0,2026-03,0.007666577244045056,Bull,
bread6,0.0,2026-04,0.005018815504342531,Bull,
bread6,0.0,2026-05,0.5025085256421677,Bull,
bread6,0.0,2026-06,0.7052653577479172,Bear,
bread6,0.0,2026-07,0.41370915338042763,Bear,
bread6,0.4,2017-01,,Bull,-2.5032266220640476
bread6,0.4,2017-02,,Bull,-5.37705297443093
bread6,0.4,2017-03,,Bull,-5.37705297443093
bread6,0.4,2017-04,,Bull,-5.37705297443093
bread6,0.4,2017-05,,Bull,-5.37705297443093
bread6,0.4,2017-06,,Bull,-5.37705297443093
bread6,0.4,2017-07,,Bull,-5.106779372261084
bread6,0.4,2017-08,,Bull,-9.022432045446305
bread6,0.4,2017-09,,Bull,-9.022432045446305
bread6,0.4,2017-10,,Bull,-9.022432045446305
bread6,0.4,2017-11,,Bull,-9.022432045446305
bread6,0.4,2017-12,,Bull,-10.92876031296578
bread6,0.4,2018-01,0.9901999097827685,Bear,-12.107655925343652
bread6,0.4,2018-02,0.9947704659317169,Bear,-10.916038402810212
bread6,0.4,2018-03,0.9973810639317328,Bear,-10.916038402810212
bread6,0.4,2018-04,0.9985875919576492,Bear,-20.646179033749025
bread6,0.4,2018-05,0.998972031664553,Bear,-19.207231269225268
bread6,0.4,2018-06,0.5008017369059509,Bear,-15.257506834948876
bread6,0.4,2018-07,0.7504007880180787,Bear,-15.357280452694022
bread6,0.4,2018-08,0.8752003678415489,Bear,-15.357280452694022
bread6,0.4,2018-09,0.9376000857335847,Bear,-14.910784013904033
bread6,0.4,2018-10,0.9401854559200287,Bear,-6.483795664071157
bread6,0.4,2018-11,0.9700927262775617,Bear,-10.019876469916355
bread6,0.4,2018-12,0.9850463619711376,Bear,-10.019876469916355
bread6,0.4,2019-01,0.9685034208714185,Bear,-10.019876469916355
bread6,0.4,2019-02,0.9406441419587328,Bear,-15.072285771240034
bread6,0.4,2019-03,0.9181359771078791,Bear,-15.072285771240034
bread6,0.4,2019-04,0.6669882209310343,Bear,-13.695177451700369
bread6,0.4,2019-05,0.740642826680844,Bear,-10.52373122249326
bread6,0.4,2019-06,0.6498486522168285,Bear,-10.368350250142655
bread6,0.4,2019-07,0.8017436449609722,Bear,-6.538316914075426
bread6,0.4,2019-08,0.8981077633122854,Bear,-12.36034800901422
bread6,0.4,2019-09,0.9309785550566506,Bear,-35.70889779916474
bread6,0.4,2019-10,0.942629964215683,Bear,-35.70889779916474
bread6,0.4,2019-11,0.9441855232743706,Bear,-35.70889779916474
bread6,0.4,2019-12,0.8522063236574959,Bear,-35.70889779916474
bread6,0.4,2020-01,0.9261031603533542,Bear,-35.03091217438568
bread6,0.4,2020-02,0.9630515792913623,Bear,-30.09792506344231
bread6,0.4,2020-03,0.98152578366801,Bear,-7.508801311518287
bread6,0.4,2020-04,0.9900246536421355,Bear,-7.508801311518287
bread6,0.4,2020-05,0.9703549836216745,Bear,-7.508801311518287
bread6,0.4,2020-06,0.8851480447428118,Bear,-7.220151177391654
bread6,0.4,2020-07,0.494100623960525,Bear,-7.253996740571744
bread6,0.4,2020-08,0.2502490853443574,Bull,-7.253996740571744
bread6,0.4,2020-09,0.12701546675709588,Bull,-7.817720647628201
bread6,0.4,2020-10,0.06593389345299767,Bull,-7.817720647628201
bread6,0.4,2020-11,0.03767545671826593,Bull,-7.817720647628201
bread6,0.4,2020-12,0.04823493664337823,Bull,-7.817720647628201
bread6,0.4,2021-01,0.024122187276253586,Bull,-6.484782512052478
bread6,0.4,2021-02,0.01206722111995409,Bull,-7.403461627668206
bread6,0.4,2021-03,0.006040256608664332,Bull,-7.41072259557074
bread6,0.4,2021-04,0.0030300116438351553,Bull,-12.008311333757815
bread6,0.4,2021-05,0.0015311537086811753,Bull,-14.105002607448291
bread6,0.4,2021-06,0.0007885867838606152,Bull,-14.105002607448291
bread6,0.4,2021-07,0.0005617240444661182,Bull,-20.29917010731119
bread6,0.4,2021-08,0.00041875797528329636,Bull,-18.476031508636524
bread6,0.4,2021-09,0.0005367413649270637,Bull,-14.804715428229386
bread6,0.4,2021-10,0.0007376218735774271,Bull,-13.700956530435404
bread6,0.4,2021-11,0.5003687523407647,Bull,-15.826997871484672
bread6,0.4,2021-12,0.26640850008188777,Bull,-22.578311680558038
bread6,0.4,2022-01,0.13362603893695607,Bull,-17.313566132999235
bread6,0.4,2022-02,0.06747897767006776,Bull,-16.93207993889052
bread6,0.4,2022-03,0.03503942652656554,Bull,-21.879891694006993
bread6,0.4,2022-04,0.021177571947915697,Bull,-20.0204095960431
bread6,0.4,2022-05,0.011254428652094209,Bull,-19.74794040710648
bread6,0.4,2022-06,0.007347735571311297,Bull,-14.92113843121784
bread6,0.4,2022-07,0.00439649640970545,Bull,-14.92113843121784
bread6,0.4,2022-08,0.0031106867754644683,Bull,-12.805568347769302
bread6,0.4,2022-09,0.5015553172955584,Bull,-10.650944354368285
bread6,0.4,2022-10,0.26234169946731944,Bull,-10.650944354368285
bread6,0.4,2022-11,0.13230207595166885,Bull,-10.531330529144933
bread6,0.4,2022-12,0.5648706477327025,Bull,-5.436753639916714
bread6,0.4,2023-01,0.29638669418300845,Bull,-5.422280511656896
bread6,0.4,2023-02,0.1499719846164343,Bull,-6.095455469581212
bread6,0.4,2023-03,0.0764207420346349,Bull,-7.652596010790235
bread6,0.4,2023-04,0.03963893888309641,Bull,-14.588296075938468
bread6,0.4,2023-05,0.020881749706185476,Bull,-14.588296075938468
bread6,0.4,2023-06,0.010990822346323892,Bull,-14.588296075938468
bread6,0.4,2023-07,0.007630981981158361,Bull,-14.588296075938468
bread6,0.4,2023-08,0.005264139795675228,Bull,-12.42811367563088
bread6,0.4,2023-09,0.011137270621995356,Bull,-8.761303280623856
bread6,0.4,2023-10,0.5055644279404348,Bull,-8.761303280623856
bread6,0.4,2023-11,0.26127169607118683,Bull,-8.761303280623856
bread6,0.4,2023-12,0.13165983860735891,Bull,-8.761303280623856
bread6,0.4,2024-01,0.06961561200562184,Bull,-6.271472847747561
bread6,0.4,2024-02,0.03607285013534518,Bull,-15.556748011689637
bread6,0.4,2024-03,0.018880507938956046,Bull,-15.556748011689637
bread6,0.4,2024-04,0.009887376498910977,Bull,-15.556748011689637
bread6,0.4,2024-05,0.0077991028681012806,Bull,-16.410672322905484
bread6,0.4,2024-06,0.004610372826503667,Bull,-18.35716885207005
bread6,0.4,2024-07,0.006336986268574594,Bull,-15.01612366365288
bread6,0.4,2024-08,0.004805142697148768,Bull,-11.951507716337185
bread6,0.4,2024-09,0.00488875062018703,Bull,-10.361688207723441
bread6,0.4,2024-10,0.00759123665864693,Bull,-14.142513086077047
bread6,0.4,2024-11,0.47077648513268255,Bull,-14.142513086077047
bread6,0.4,2024-12,0.27008739041323604,Bull,-14.142513086077047
bread6,0.4,2025-01,0.13893087939789633,Bull,-14.142513086077047
bread6,0.4,2025-02,0.07262592029485788,Bull,-13.246896601141799
bread6,0.4,2025-03,0.5363129448668614,Bull,-9.030334502270755
bread6,0.4,2025-04,0.27034064090996635,Bull,-4.149986320647181
bread6,0.4,2025-05,0.13517247450364872,Bull,-8.901506871653952
bread6,0.4,2025-06,0.06758623936056404,Bull,-8.901506871653952
bread6,0.4,2025-07,0.03379312029065575,Bull,-8.901506871653952
bread6,0.4,2025-08,0.016896601010499415,Bull,-8.901506871653952
bread6,0.4,2025-09,0.008448389483582482,Bull,-19.894662107505688
bread6,0.4,2025-10,0.004225175458834716,Bull,-19.894662107505688
bread6,0.4,2025-11,0.0021127649614845014,Bull,-19.894662107505688
bread6,0.4,2025-12,0.0010599971539700006,Bull,-19.894662107505688
bread6,0.4,2026-01,0.002004525117911331,Bull,-38.630429604794614
bread6,0.4,2026-02,0.0013205837590948186,Bull,
bread6,0.4,2026-03,0.005596790625280619,Bull,
bread6,0.4,2026-04,0.0036057261947717908,Bull,
bread6,0.4,2026-05,0.5018016131823306,Bull,
bread6,0.4,2026-06,0.6914814054863504,Bear,
bread6,0.4,2026-07,0.39747088918868106,Bull,
bread6,0.8,2017-01,,Bull,-2.5032266220640476
bread6,0.8,2017-02,,Bull,-5.37705297443093
bread6,0.8,2017-03,,Bull,-5.37705297443093
bread6,0.8,2017-04,,Bull,-5.37705297443093
bread6,0.8,2017-05,,Bull,-5.37705297443093
bread6,0.8,2017-06,,Bull,-5.37705297443093
bread6,0.8,2017-07,,Bull,-5.106779372261084
bread6,0.8,2017-08,,Bull,-9.022432045446305
bread6,0.8,2017-09,,Bull,-9.022432045446305
bread6,0.8,2017-10,,Bull,-9.022432045446305
bread6,0.8,2017-11,,Bull,-9.022432045446305
bread6,0.8,2017-12,,Bull,-10.92876031296578
bread6,0.8,2018-01,0.9863072783952582,Bear,-12.107655925343652
bread6,0.8,2018-02,0.9927075962244443,Bear,-10.916038402810212
bread6,0.8,2018-03,0.9963480614499574,Bear,-10.916038402810212
bread6,0.8,2018-04,0.998027414078143,Bear,-20.646179033749025
bread6,0.8,2018-05,0.9985497259089273,Bear,-19.207231269225268
bread6,0.8,2018-06,0.5002045213816356,Bear,-15.257506834948876
bread6,0.8,2018-07,0.7501021599471175,Bear,-15.357280452694022
bread6,0.8,2018-08,0.8750510485563399,Bear,-15.357280452694022
bread6,0.8,2018-09,0.9375254103657567,Bear,-14.910784013904033
bread6,0.8,2018-10,0.9407865346759383,Bear,-6.483795664071157
bread6,0.8,2018-11,0.9703932658230858,Bear,-10.019876469916355
bread6,0.8,2018-12,0.9851966318810818,Bear,-10.019876469916355
bread6,0.8,2019-01,0.9727257120069843,Bear,-10.019876469916355
bread6,0.8,2019-02,0.9499789772928974,Bear,-15.072285771240034
bread6,0.8,2019-03,0.9314306740133496,Bear,-15.072285771240034
bread6,0.8,2019-04,0.6857467735384049,Bear,-13.695177451700369
bread6,0.8,2019-05,0.754871868275323,Bear,-10.52373122249326
bread6,0.8,2019-06,0.651679758344464,Bear,-10.368350250142655
bread6,0.8,2019-07,0.80053120608913,Bear,-6.538316914075426
bread6,0.8,2019-08,0.8972730689228607,Bear,-12.36034800901422
bread6,0.8,2019-09,0.9301004001771128,Bear,-35.70889779916474
bread6,0.8,2019-10,0.94406583429399,Bear,-35.70889779916474
bread6,0.8,2019-11,0.9483281736824264,Bear,-35.70889779916474
bread6,0.8,2019-12,0.8710626086391853,Bear,-35.70889779916474
bread6,0.8,2020-01,0.9355313030426451,Bear,-35.03091217438568
bread6,0.8,2020-02,0.967765650718432,Bear,-30.09792506344231
bread6,0.8,2020-03,0.9838828208358441,Bear,-7.508801311518287
bread6,0.8,2020-04,0.9913841107928619,Bear,-7.508801311518287
bread6,0.8,2020-05,0.9754531474570192,Bear,-7.508801311518287
bread6,0.8,2020-06,0.9029040267023902,Bear,-7.220151177391654
bread6,0.8,2020-07,0.5114609562745434,Bear,-7.253996740571744
bread6,0.8,2020-08,0.2586604079331777,Bull,-7.253996740571744
bread6,0.8,2020-09,0.13053969781671207,Bull,-7.817720647628201
bread6,0.8,2020-10,0.06660341423000395,Bull,-7.817720647628201
bread6,0.8,2020-11,0.035441212224814125,Bull,-7.817720647628201
bread6,0.8,2020-12,0.029309237063188852,Bull,-7.817720647628201
bread6,0.8,2021-01,0.014656330563727478,Bull,-6.484782512052478
bread6,0.8,2021-02,0.007330361907607361,Bull,-7.403461627668206
bread6,0.8,2021-03,0.0036675496759783484,Bull,-7.41072259557074
bread6,0.8,2021-04,0.001837274565719685,Bull,-12.008311333757815
bread6,0.8,2021-05,0.000924772590664617,Bull,-14.105002607448291
bread6,0.8,2021-06,0.00047167011132245867,Bull,-14.105002607448291
bread6,0.8,2021-07,0.00030665701538707454,Bull,-20.29917010731119
bread6,0.8,2021-08,0.00021649447333295445,Bull,-18.476031508636524
bread6,0.8,2021-09,0.00027835793630929194,Bull,-14.804715428229386
bread6,0.8,2021-10,0.00041818936810310666,Bull,-13.700956530435404
bread6,0.8,2021-11,0.5002090149453703,Bull,-15.826997871484672
bread6,0.8,2021-12,0.26468943937088646,Bull,-22.578311680558038
bread6,0.8,2022-01,0.13280183835905732,Bull,-17.313566132999235
bread6,0.8,2022-02,0.06726613400840002,Bull,-16.93207993889052
bread6,0.8,2022-03,0.035462602142299494,Bull,-21.879891694006993
bread6,0.8,2022-04,0.02299036531878527,Bull,-20.0204095960431
bread6,0.8,2022-05,0.01239841429960383,Bull,-19.74794040710648
bread6,0.8,2022-06,0.008614940396735708,Bull,-14.92113843121784
bread6,0.8,2022-07,0.0053079587682849354,Bull,-14.92113843121784
bread6,0.8,2022-08,0.0038734280358016975,Bull,-12.805568347769302
bread6,0.8,2022-09,0.501936695590387,Bull,-10.650944354368285
bread6,0.8,2022-10,0.2687393287240361,Bull,-10.650944354368285
bread6,0.8,2022-11,0.1362855917720965,Bull,-10.531330529144933
bread6,0.8,2022-12,0.5673209963120892,Bull,-5.436753639916714
bread6,0.8,2023-01,0.303842972236988,Bull,-5.422280511656896
bread6,0.8,2023-02,0.15446984153980695,Bull,-6.095455469581212
bread6,0.8,2023-03,0.07904358621736313,Bull,-7.652596010790235
bread6,0.8,2023-04,0.04114331608885753,Bull,-14.588296075938468
bread6,0.8,2023-05,0.021688008597672746,Bull,-14.588296075938468
bread6,0.8,2023-06,0.011356453101681537,Bull,-14.588296075938468
bread6,0.8,2023-07,0.007633088372183308,Bull,-14.588296075938468
bread6,0.8,2023-08,0.005135420297438288,Bull,-12.42811367563088
bread6,0.8,2023-09,0.01059839326626787,Bull,-8.761303280623856
bread6,0.8,2023-10,0.5052950645460613,Bull,-8.761303280623856
bread6,0.8,2023-11,0.26175389346089784,Bull,-8.761303280623856
bread6,0.8,2023-12,0.13204283582193826,Bull,-8.761303280623856
bread6,0.8,2024-01,0.07040191197977749,Bull,-6.271472847747561
bread6,0.8,2024-02,0.03665939996470313,Bull,-15.556748011689637
bread6,0.8,2024-03,0.01926894708122775,Bull,-15.556748011689637
bread6,0.8,2024-04,0.010093842655452026,Bull,-15.556748011689637
bread6,0.8,2024-05,0.007894510053424949,Bull,-16.410672322905484
bread6,0.8,2024-06,0.004637876331312506,Bull,-18.35716885207005
bread6,0.8,2024-07,0.00612487872569643,Bull,-15.01612366365288
bread6,0.8,2024-08,0.004646958618362949,Bull,-11.951507716337185
bread6,0.8,2024-09,0.004802307713529127,Bull,-10.361688207723441
bread6,0.8,2024-10,0.007792974271869322,Bull,-14.142513086077047
bread6,0.8,2024-11,0.4744010767137171,Bull,-14.142513086077047
bread6,0.8,2024-12,0.2792173045541456,Bull,-14.142513086077047
bread6,0.8,2025-01,0.14464495817930248,Bull,-14.142513086077047
bread6,0.8,2025-02,0.0762429296031071,Bull,-13.246896601141799
bread6,0.8,2025-03,0.538121452907472,Bull,-9.030334502270755
bread6,0.8,2025-04,0.27186816016705184,Bull,-4.149986320647181
bread6,0.8,2025-05,0.13593653596030147,Bull,-8.901506871653952
bread6,0.8,2025-06,0.06796827000085834,Bull,-8.901506871653952
bread6,0.8,2025-07,0.033984135504303584,Bull,-8.901506871653952
bread6,0.8,2025-08,0.016992098136218152,Bull,-8.901506871653952
bread6,0.8,2025-09,0.008496107834371158,Bull,-19.894662107505688
bread6,0.8,2025-10,0.004248679947247815,Bull,-19.894662107505688
bread6,0.8,2025-11,0.0021244555949366385,Bull,-19.894662107505688
bread6,0.8,2025-12,0.0010647237978514113,Bull,-19.894662107505688
bread6,0.8,2026-01,0.0015953968484440188,Bull,-38.630429604794614
bread6,0.8,2026-02,0.0010199623532134972,Bull,
bread6,0.8,2026-03,0.004057725612630216,Bull,
bread6,0.8,2026-04,0.002571944039115469,Bull,
bread6,0.8,2026-05,0.501284175795734,Bull,
bread6,0.8,2026-06,0.6745275201676091,Bear,
bread6,0.8,2026-07,0.38054299025910776,Bull,
bread6,1.2,2017-01,,Bull,-2.5032266220640476
bread6,1.2,2017-02,,Bull,-5.37705297443093
bread6,1.2,2017-03,,Bull,-5.37705297443093
bread6,1.2,2017-04,,Bull,-5.37705297443093
bread6,1.2,2017-05,,Bull,-5.37705297443093
bread6,1.2,2017-06,,Bull,-5.37705297443093
bread6,1.2,2017-07,,Bull,-5.106779372261084
bread6,1.2,2017-08,,Bull,-9.022432045446305
bread6,1.2,2017-09,,Bull,-9.022432045446305
bread6,1.2,2017-10,,Bull,-9.022432045446305
bread6,1.2,2017-11,,Bull,-9.022432045446305
bread6,1.2,2017-12,,Bull,-10.92876031296578
bread6,1.2,2018-01,0.9808972954851516,Bear,-12.107655925343652
bread6,1.2,2018-02,0.9898443479146763,Bear,-10.916038402810212
bread6,1.2,2018-03,0.9949142799221207,Bear,-10.916038402810212
bread6,1.2,2018-04,0.9972483227295923,Bear,-20.646179033749025
bread6,1.2,2018-05,0.9979551825128927,Bear,-19.207231269225268
bread6,1.2,2018-06,0.4996342698989073,Bear,-15.257506834948876
bread6,1.2,2018-07,0.7498170087541118,Bear,-15.357280452694022
bread6,1.2,2018-08,0.8749084666153819,Bear,-15.357280452694022
bread6,1.2,2018-09,0.9374541010842843,Bear,-14.910784013904033
bread6,1.2,2018-10,0.9413710924386134,Bear,-6.483795664071157
bread6,1.2,2018-11,0.9706855448482548,Bear,-10.019876469916355
bread6,1.2,2018-12,0.9853427715026817,Bear,-10.019876469916355
bread6,1.2,2019-01,0.9762540984087764,Bear,-10.019876469916355
bread6,1.2,2019-02,0.9578382020467036,Bear,-15.072285771240034
bread6,1.2,2019-03,0.9426571518859739,Bear,-15.072285771240034
bread6,1.2,2019-04,0.7023519427650975,Bear,-13.695177451700369
bread6,1.2,2019-05,0.7671503521247997,Bear,-10.52373122249326
bread6,1.2,2019-06,0.6504264419199939,Bear,-10.368350250142655
bread6,1.2,2019-07,0.7972014496836752,Bear,-6.538316914075426
bread6,1.2,2019-08,0.8953498976026397,Bear,-12.36034800901422
bread6,1.2,2019-09,0.9286629160956908,Bear,-35.70889779916474
bread6,1.2,2019-10,0.9450228988618861,Bear,-35.70889779916474
bread6,1.2,2019-11,0.951793355305169,Bear,-35.70889779916474
bread6,1.2,2019-12,0.8877735099495441,Bear,-35.70889779916474
bread6,1.2,2020-01,0.9438867538541733,Bear,-35.03091217438568
bread6,1.2,2020-02,0.9719433761890004,Bear,-30.09792506344231
bread6,1.2,2020-03,0.9859716846394982,Bear,-7.508801311518287
bread6,1.2,2020-04,0.9925652022902551,Bear,-7.508801311518287
bread6,1.2,2020-05,0.9796957716180448,Bear,-7.508801311518287
bread6,1.2,2020-06,0.9183469641849474,Bear,-7.220151177391654
bread6,1.2,2020-07,0.5286472047190194,Bear,-7.253996740571744
bread6,1.2,2020-08,0.2670718209685453,Bull,-7.253996740571744
bread6,1.2,2020-09,0.1343122865110737,Bull,-7.817720647628201
bread6,1.2,2020-10,0.06788864309149673,Bull,-7.817720647628201
bread6,1.2,2020-11,0.03491453386678547,Bull,-7.817720647628201
bread6,1.2,2020-12,0.021926703391568818,Bull,-7.817720647628201
bread6,1.2,2021-01,0.01096397281572473,Bull,-6.484782512052478
bread6,1.2,2021-02,0.005482773864384023,Bull,-7.403461627668206
bread6,1.2,2021-03,0.0027422311613546197,Bull,-7.41072259557074
bread6,1.2,2021-04,0.0013723548324505771,Bull,-12.008311333757815
bread6,1.2,2021-05,0.0006885084721573109,Bull,-14.105002607448291
bread6,1.2,2021-06,0.0003479999199620985,Bull,-14.105002607448291
bread6,1.2,2021-07,0.0002039540344174697,Bull,-20.29917010731119
bread6,1.2,2021-08,0.00013091757784398174,Bull,-18.476031508636524
bread6,1.2,2021-09,0.00015388034545226088,Bull,-14.804715428229386
bread6,1.2,2021-10,0.0002429647075668907,Bull,-13.700956530435404
bread6,1.2,2021-11,0.5001213740665031,Bull,-15.826997871484672
bread6,1.2,2021-12,0.2631675544664228,Bull,-22.578311680558038
bread6,1.2,2022-01,0.13208012721918255,Bull,-17.313566132999235
bread6,1.2,2022-02,0.06716389979928358,Bull,-16.93207993889052
bread6,1.2,2022-03,0.03615570490274292,Bull,-21.879891694006993
bread6,1.2,2022-04,0.0256309392796664,Bull,-20.0204095960431
bread6,1.2,2022-05,0.014042155352854333,Bull,-19.74794040710648
bread6,1.2,2022-06,0.01041224906345499,Bull,-14.92113843121784
bread6,1.2,2022-07,0.006592673458935058,Bull,-14.92113843121784
bread6,1.2,2022-08,0.0049259208940902344,Bull,-12.805568347769302
bread6,1.2,2022-09,0.502462947389087,Bull,-10.650944354368285
bread6,1.2,2022-10,0.2783559267178165,Bull,-10.650944354368285
bread6,1.2,2022-11,0.14240618648257514,Bull,-10.531330529144933
bread6,1.2,2022-12,0.5706774422979729,Bull,-5.436753639916714
bread6,1.2,2023-01,0.3143688036178761,Bull,-5.422280511656896
bread6,1.2,2023-02,0.1608485184801314,Bull,-6.095455469581212
bread6,1.2,2023-03,0.08270530360512052,Bull,-7.652596010790235
bread6,1.2,2023-04,0.04319301613528701,Bull,-14.588296075938468
bread6,1.2,2023-05,0.02276954098050936,Bull,-14.588296075938468
bread6,1.2,2023-06,0.011862204409654385,Bull,-14.588296075938468
bread6,1.2,2023-07,0.007720256323113046,Bull,-14.588296075938468
bread6,1.2,2023-08,0.005060731953119161,Bull,-12.42811367563088
bread6,1.2,2023-09,0.010112092790815413,Bull,-8.761303280623856
bread6,1.2,2023-10,0.505051988240354,Bull,-8.761303280623856
bread6,1.2,2023-11,0.2622931684617609,Bull,-8.761303280623856
bread6,1.2,2023-12,0.13247379072902302,Bull,-8.761303280623856
bread6,1.2,2024-01,0.07130481161921429,Bull,-6.271472847747561
bread6,1.2,2024-02,0.03733404728538958,Bull,-15.556748011689637
bread6,1.2,2024-03,0.019712175753736055,Bull,-15.556748011689637
bread6,1.2,2024-04,0.010328031863947595,Bull,-15.556748011689637
bread6,1.2,2024-05,0.008003687412339448,Bull,-16.410672322905484
bread6,1.2,2024-06,0.00467281578393008,Bull,-18.35716885207005
bread6,1.2,2024-07,0.005928947994690875,Bull,-15.01612366365288
bread6,1.2,2024-08,0.004498528784631122,Bull,-11.951507716337185
bread6,1.2,2024-09,0.004720698956470263,Bull,-10.361688207723441
bread6,1.2,2024-10,0.008008503806541393,Bull,-14.142513086077047
bread6,1.2,2024-11,0.4776767260611598,Bull,-14.142513086077047
bread6,1.2,2024-12,0.28952298726174136,Bull,-14.142513086077047
bread6,1.2,2025-01,0.15130319318959318,Bull,-14.142513086077047
bread6,1.2,2025-02,0.08052355284734997,Bull,-13.246896601141799
bread6,1.2,2025-03,0.5402617671575232,Bull,-9.030334502270755
bread6,1.2,2025-04,0.2737381461552478,Bull,-4.149986320647181
bread6,1.2,2025-05,0.13687187690735414,Bull,-8.901506871653952
bread6,1.2,2025-06,0.06843594038991944,Bull,-8.901506871653952
bread6,1.2,2025-07,0.03421797061089983,Bull,-8.901506871653952
bread6,1.2,2025-08,0.017109007895853828,Bull,-8.901506871653952
bread6,1.2,2025-09,0.008554542759353084,Bull,-19.894662107505688
bread6,1.2,2025-10,0.004277670989286901,Bull,-19.894662107505688
bread6,1.2,2025-11,0.0021389109212231736,Bull,-19.894662107505688
bread6,1.2,2025-12,0.0010711789637231099,Bull,-19.894662107505688
bread6,1.2,2026-01,0.0013007086969218688,Bull,-38.630429604794614
bread6,1.2,2026-02,0.0008050000294364738,Bull,
bread6,1.2,2026-03,0.002938863937851358,Bull,
bread6,1.2,2026-04,0.001832791388317412,Bull,
bread6,1.2,2026-05,0.5009137983544845,Bull,
bread6,1.2,2026-06,0.6539834256159298,Bear,
bread6,1.2,2026-07,0.36268424647540043,Bull,
bread6,2.0,2017-01,,Bull,-2.5032266220640476
bread6,2.0,2017-02,,Bull,-5.37705297443093
bread6,2.0,2017-03,,Bull,-5.37705297443093
bread6,2.0,2017-04,,Bull,-5.37705297443093
bread6,2.0,2017-05,,Bull,-5.37705297443093
bread6,2.0,2017-06,,Bull,-5.37705297443093
bread6,2.0,2017-07,,Bull,-5.106779372261084
bread6,2.0,2017-08,,Bull,-9.022432045446305
bread6,2.0,2017-09,,Bull,-9.022432045446305
bread6,2.0,2017-10,,Bull,-9.022432045446305
bread6,2.0,2017-11,,Bull,-9.022432045446305
bread6,2.0,2017-12,,Bull,-10.92876031296578
bread6,2.0,2018-01,0.9630793150203405,Bear,-12.107655925343652
bread6,2.0,2018-02,0.9804262585894061,Bear,-10.916038402810212
bread6,2.0,2018-03,0.9901981785433146,Bear,-10.916038402810212
bread6,2.0,2018-04,0.9946755884598247,Bear,-20.646179033749025
bread6,2.0,2018-05,0.9959478440743976,Bear,-19.207231269225268
bread6,2.0,2018-06,0.4983013078433196,Bear,-15.257506834948876
bread6,2.0,2018-07,0.7491504558517339,Bear,-15.357280452694022
bread6,2.0,2018-08,0.8745751732396908,Bear,-15.357280452694022
bread6,2.0,2018-09,0.9372874082863216,Bear,-14.910784013904033
bread6,2.0,2018-10,0.9424809628377683,Bear,-6.483795664071157
bread6,2.0,2018-11,0.9712404802775803,Bear,-10.019876469916355
bread6,2.0,2018-12,0.9856202393727898,Bear,-10.019876469916355
bread6,2.0,2019-01,0.9816444625320653,Bear,-10.019876469916355
bread6,2.0,2019-02,0.969954806865811,Bear,-15.072285771240034
bread6,2.0,2019-03,0.9600313588372761,Bear,-15.072285771240034
bread6,2.0,2019-04,0.7294544920685129,Bear,-13.695177451700369
bread6,2.0,2019-05,0.7862639443964582,Bear,-10.52373122249326
bread6,2.0,2019-06,0.639132698498537,Bear,-10.368350250142655
bread6,2.0,2019-07,0.7839543328388346,Bear,-6.538316914075426
bread6,2.0,2019-08,0.8880983874412677,Bear,-12.36034800901422
bread6,2.0,2019-09,0.9240346882734585,Bear,-35.70889779916474
bread6,2.0,2019-10,0.9455381316946823,Bear,-35.70889779916474
bread6,2.0,2019-11,0.9569195665551189,Bear,-35.70889779916474
bread6,2.0,2019-12,0.9151905236540817,Bear,-35.70889779916474
bread6,2.0,2020-01,0.9575952609288372,Bear,-35.03091217438568
bread6,2.0,2020-02,0.9787976298173429,Bear,-30.09792506344231
bread6,2.0,2020-03,0.9893988128150578,Bear,-7.508801311518287
bread6,2.0,2020-04,0.9944598874916573,Bear,-7.508801311518287
bread6,2.0,2020-05,0.9861298047033902,Bear,-7.508801311518287
bread6,2.0,2020-06,0.9430482354345067,Bear,-7.220151177391654
bread6,2.0,2020-07,0.5626315346367468,Bear,-7.253996740571744
bread6,2.0,2020-08,0.28391252444878706,Bull,-7.253996740571744
bread6,2.0,2020-09,0.14228213202898282,Bull,-7.817720647628201
bread6,2.0,2020-10,0.07136143540896721,Bull,-7.817720647628201
bread6,2.0,2020-11,0.03587921388814744,Bull,-7.817720647628201
bread6,2.0,2020-12,0.0185815031096809,Bull,-7.817720647628201
bread6,2.0,2021-01,0.00929083330746665,Bull,-6.484782512052478
bread6,2.0,2021-02,0.004645517852583232,Bull,-7.403461627668206
bread6,2.0,2021-03,0.0023228661674896942,Bull,-7.41072259557074
bread6,2.0,2021-04,0.0011615884733936804,Bull,-12.008311333757815
bread6,2.0,2021-05,0.0005811307503356673,Bull,-14.105002607448291
bread6,2.0,2021-06,0.0002911751394610936,Bull,-14.105002607448291
bread6,2.0,2021-07,0.000150945963388142,Bull,-20.29917010731119
bread6,2.0,2021-08,8.155546458254106e-05,Bull,-18.476031508636524
bread6,2.0,2021-09,6.469221707114338e-05,Bull,-14.804715428229386
bread6,2.0,2021-10,9.12629578694599e-05,Bull,-13.700956530435404
bread6,2.0,2021-11,0.5000454324516065,Bull,-15.826997871484672
bread6,2.0,2021-12,0.26059817487973347,Bull,-22.578311680558038
bread6,2.0,2022-01,0.1308874247258093,Bull,-17.313566132999235
bread6,2.0,2022-02,0.06733824113912891,Bull,-16.93207993889052
bread6,2.0,2022-03,0.03875176348614755,Bull,-21.879891694006993
bread6,2.0,2022-04,0.03486974948090851,Bull,-20.0204095960431
bread6,2.0,2022-05,0.019703019927972142,Bull,-19.74794040710648
bread6,2.0,2022-06,0.01652023129031943,Bull,-14.92113843121784
bread6,2.0,2022-07,0.010928948486836577,Bull,-14.92113843121784
bread6,2.0,2022-08,0.008372347782486519,Bull,-12.805568347769302
bread6,2.0,2022-09,0.5041861672249607,Bull,-10.650944354368285
bread6,2.0,2022-10,0.313100602169349,Bull,-10.650944354368285
bread6,2.0,2022-11,0.16548542365176258,Bull,-10.531330529144933
bread6,2.0,2022-12,0.5825297487930498,Bull,-5.436753639916714
bread6,2.0,2023-01,0.34970970512515553,Bull,-5.422280511656896
bread6,2.0,2023-02,0.18251888735376118,Bull,-6.095455469581212
bread6,2.0,2023-03,0.09489551898964478,Bull,-7.652596010790235
bread6,2.0,2023-04,0.04981764764089038,Bull,-14.588296075938468
bread6,2.0,2023-05,0.02620343458338246,Bull,-14.588296075938468
bread6,2.0,2023-06,0.013515914100343132,Bull,-14.588296075938468
bread6,2.0,2023-07,0.008255848777484052,Bull,-14.588296075938468
bread6,2.0,2023-08,0.005122506227108213,Bull,-12.42811367563088
bread6,2.0,2023-09,0.009316330037500764,Bull,-8.761303280623856
bread6,2.0,2023-10,0.5046542505768987,Bull,-8.761303280623856
bread6,2.0,2023-11,0.26355989349664743,Bull,-8.761303280623856
bread6,2.0,2023-12,0.13349875940837347,Bull,-8.761303280623856
bread6,2.0,2024-01,0.07352852050145195,Bull,-6.271472847747561
bread6,2.0,2024-02,0.039000951300389074,Bull,-15.556748011689637
bread6,2.0,2024-03,0.020794659719586533,Bull,-15.556748011689637
bread6,2.0,2024-04,0.010895439810677122,Bull,-15.556748011689637
bread6,2.0,2024-05,0.008271242587706127,Bull,-16.410672322905484
bread6,2.0,2024-06,0.004768883032953396,Bull,-18.35716885207005
bread6,2.0,2024-07,0.0055848746270821675,Bull,-15.01612366365288
bread6,2.0,2024-08,0.0042303293779381084,Bull,-11.951507716337185
bread6,2.0,2024-09,0.004571667919025418,Bull,-10.361688207723441
bread6,2.0,2024-10,0.008482796958562685,Bull,-14.142513086077047
bread6,2.0,2024-11,0.4833065740976974,Bull,-14.142513086077047
bread6,2.0,2024-12,0.31441616050453164,Bull,-14.142513086077047
bread6,2.0,2025-01,0.16825836336057223,Bull,-14.142513086077047
bread6,2.0,2025-02,0.09170812048323322,Bull,-13.246896601141799
bread6,2.0,2025-03,0.5458540545989031,Bull,-9.030334502270755
bread6,2.0,2025-04,0.27887352460430226,Bull,-4.149986320647181
bread6,2.0,2025-05,0.1394404353711559,Bull,-8.901506871653952
bread6,2.0,2025-06,0.06972021946296279,Bull,-8.901506871653952
bread6,2.0,2025-07,0.0348601100148691,Bull,-8.901506871653952
bread6,2.0,2025-08,0.017430067493534953,Bull,-8.901506871653952
bread6,2.0,2025-09,0.008715050673693004,Bull,-19.894662107505688
bread6,2.0,2025-10,0.0043576881461652,Bull,-19.894662107505688
bread6,2.0,2025-11,0.0021788761701511156,Bull,-19.894662107505688
bread6,2.0,2025-12,0.001090259796011379,Bull,-19.894662107505688
bread6,2.0,2026-01,0.0009404199910815014,Bull,-38.630429604794614
bread6,2.0,2026-02,0.0005447030336787182,Bull,
bread6,2.0,2026-03,0.001559114610170715,Bull,
bread6,2.0,2026-04,0.0009412010092878043,Bull,
bread6,2.0,2026-05,0.500465129214808,Bull,
bread6,2.0,2026-06,0.6014033952019329,Bear,
bread6,2.0,2026-07,0.32375401012094174,Bull,
bread6,4.0,2017-01,,Bull,-2.5032266220640476
bread6,4.0,2017-02,,Bull,-5.37705297443093
bread6,4.0,2017-03,,Bull,-5.37705297443093
bread6,4.0,2017-04,,Bull,-5.37705297443093
bread6,4.0,2017-05,,Bull,-5.37705297443093
bread6,4.0,2017-06,,Bull,-5.37705297443093
bread6,4.0,2017-07,,Bull,-5.106779372261084
bread6,4.0,2017-08,,Bull,-9.022432045446305
bread6,4.0,2017-09,,Bull,-9.022432045446305
bread6,4.0,2017-10,,Bull,-9.022432045446305
bread6,4.0,2017-11,,Bull,-9.022432045446305
bread6,4.0,2017-12,,Bull,-10.92876031296578
bread6,4.0,2018-01,0.8256918003539101,Bear,-12.107655925343652
bread6,4.0,2018-02,0.9074134110857001,Bear,-10.916038402810212
bread6,4.0,2018-03,0.9536326432371363,Bear,-10.916038402810212
bread6,4.0,2018-04,0.97434306711971,Bear,-20.646179033749025
bread6,4.0,2018-05,0.9786009024079396,Bear,-19.207231269225268
bread6,4.0,2018-06,0.48935745409908965,Bear,-15.257506834948876
bread6,4.0,2018-07,0.7446781151169626,Bear,-15.357280452694022
bread6,4.0,2018-08,0.8723389184254671,Bear,-15.357280452694022
bread6,4.0,2018-09,0.9361690813738696,Bear,-14.910784013904033
bread6,4.0,2018-10,0.9446764529604257,Bear,-6.483795664071157
bread6,4.0,2018-11,0.9723382256842064,Bear,-10.019876469916355
bread6,4.0,2018-12,0.9861691122579141,Bear,-10.019876469916355
bread6,4.0,2019-01,0.9888789284917721,Bear,-10.019876469916355
bread6,4.0,2019-02,0.986436504247844,Bear,-15.072285771240034
bread6,4.0,2019-03,0.9837859054249962,Bear,-15.072285771240034
bread6,4.0,2019-04,0.7683365859840428,Bear,-13.695177451700369
bread6,4.0,2019-05,0.8086820271522055,Bear,-10.52373122249326
bread6,4.0,2019-06,0.5744356023549466,Bear,-10.368350250142655
bread6,4.0,2019-07,0.7115825715935924,Bear,-6.538316914075426
bread6,4.0,2019-08,0.8492356881639046,Bear,-12.36034800901422
bread6,4.0,2019-09,0.9016945492716308,Bear,-35.70889779916474
bread6,4.0,2019-10,0.9391203796997407,Bear,-35.70889779916474
bread6,4.0,2019-11,0.9613337386523476,Bear,-35.70889779916474
bread6,4.0,2019-12,0.9556155520116272,Bear,-35.70889779916474
bread6,4.0,2020-01,0.9778077753734788,Bear,-35.03091217438568
bread6,4.0,2020-02,0.9889038871426502,Bear,-30.09792506344231
bread6,4.0,2020-03,0.9944519427311789,Bear,-7.508801311518287
bread6,4.0,2020-04,0.9971674466561564,Bear,-7.508801311518287
bread6,4.0,2020-05,0.9945638575825662,Bear,-7.508801311518287
bread6,4.0,2020-06,0.9780880399599767,Bear,-7.220151177391654
bread6,4.0,2020-07,0.6418833736235958,Bear,-7.253996740571744
bread6,4.0,2020-08,0.32380303893958634,Bull,-7.253996740571744
bread6,4.0,2020-09,0.16194377292604029,Bull,-7.817720647628201
bread6,4.0,2020-10,0.08098261633300986,Bull,-7.817720647628201
bread6,4.0,2020-11,0.040494987157698455,Bull,-7.817720647628201
bread6,4.0,2020-12,0.020252391216079114,Bull,-7.817720647628201
bread6,4.0,2021-01,0.01012619612182812,Bull,-6.484782512052478
bread6,4.0,2021-02,0.005063098660063757,Bull,-7.403461627668206
bread6,4.0,2021-03,0.0025315499467787233,Bull,-7.41072259557074
bread6,4.0,2021-04,0.0012657758385036329,Bull,-12.008311333757815
bread6,4.0,2021-05,0.0006328905838594649,Bull,-14.105002607448291
bread6,4.0,2021-06,0.0003164518123296629,Bull,-14.105002607448291
bread6,4.0,2021-07,0.00015829843833414632,Bull,-20.29917010731119
bread6,4.0,2021-08,7.927273459722655e-05,Bull,-18.476031508636524
bread6,4.0,2021-09,4.0548169904591216e-05,Bull,-14.804715428229386
bread6,4.0,2021-10,2.4719642241479096e-05,Bull,-13.700956530435404
bread6,4.0,2021-11,0.5000114536345202,Bull,-15.826997871484672
bread6,4.0,2021-12,0.2561655804119931,Bull,-22.578311680558038
bread6,4.0,2022-01,0.12900702641783401,Bull,-17.313566132999235
bread6,4.0,2022-02,0.07144012918386475,Bull,-16.93207993889052
bread6,4.0,2022-03,0.06274791063220175,Bull,-21.879891694006993
bread6,4.0,2022-04,0.11699315105015157,Bull,-20.0204095960431
bread6,4.0,2022-05,0.069242176568574,Bull,-19.74794040710648
bread6,4.0,2022-06,0.06927373356550831,Bull,-14.92113843121784
bread6,4.0,2022-07,0.048409220672205155,Bull,-14.92113843121784
bread6,4.0,2022-08,0.03634248063876041,Bull,-12.805568347769302
bread6,4.0,2022-09,0.5181712387299979,Bull,-10.650944354368285
bread6,4.0,2022-10,0.5387937542663509,Bull,-10.650944354368285
bread6,4.0,2022-11,0.3767357982435705,Bull,-10.531330529144933
bread6,4.0,2022-12,0.6883487474034788,Bear,-5.436753639916714
bread6,4.0,2023-01,0.5802314085860476,Bear,-5.422280511656896
bread6,4.0,2023-02,0.34361063263181085,Bull,-6.095455469581212
bread6,4.0,2023-03,0.18398274497609343,Bull,-7.652596010790235
bread6,4.0,2023-04,0.09642039682860433,Bull,-14.588296075938468
bread6,4.0,2023-05,0.049854259852235946,Bull,-14.588296075938468
bread6,4.0,2023-06,0.025215486628361063,Bull,-14.588296075938468
bread6,4.0,2023-07,0.013562799762025578,Bull,-14.588296075938468
bread6,4.0,2023-08,0.007400026134819083,Bull,-12.42811367563088
bread6,4.0,2023-09,0.008741303783535253,Bull,-8.761303280623856
bread6,4.0,2023-10,0.5043670672150266,Bull,-8.761303280623856
bread6,4.0,2023-11,0.26808240087885016,Bull,-8.761303280623856
bread6,4.0,2023-12,0.13730854383842736,Bull,-8.761303280623856
bread6,4.0,2024-01,0.082605682684127,Bull,-6.271472847747561
bread6,4.0,2024-02,0.04587917691265176,Bull,-15.556748011689637
bread6,4.0,2024-03,0.025148386516097368,Bull,-15.556748011689637
bread6,4.0,2024-04,0.013143972120280605,Bull,-15.556748011689637
bread6,4.0,2024-05,0.009352550285424066,Bull,-16.410672322905484
bread6,4.0,2024-06,0.005223783926305897,Bull,-18.35716885207005
bread6,4.0,2024-07,0.005006579849598932,Bull,-15.01612366365288
bread6,4.0,2024-08,0.0037260387045754124,Bull,-11.951507716337185
bread6,4.0,2024-09,0.004281045363904717,Bull,-10.361688207723441
bread6,4.0,2024-10,0.009945540109217874,Bull,-14.142513086077047
bread6,4.0,2024-11,0.49326524348750367,Bull,-14.142513086077047
bread6,4.0,2024-12,0.407566634161581,Bull,-14.142513086077047
bread6,4.0,2025-01,0.2430900153480196,Bull,-14.142513086077047
bread6,4.0,2025-02,0.145895859065287,Bull,-13.246896601141799
bread6,4.0,2025-03,0.5729479277835439,Bull,-9.030334502270755
bread6,4.0,2025-04,0.3068547567787238,Bull,-4.149986320647181
bread6,4.0,2025-05,0.15343491795379544,Bull,-8.901506871653952
bread6,4.0,2025-06,0.07671746040906101,Bull,-8.901506871653952
bread6,4.0,2025-07,0.03835873031295974,Bull,-8.901506871653952
bread6,4.0,2025-08,0.019179367989225034,Bull,-8.901506871653952
bread6,4.0,2025-09,0.009589686119026452,Bull,-19.894662107505688
bread6,4.0,2025-10,0.004794860296831154,Bull,-19.894662107505688
bread6,4.0,2025-11,0.002397433937683694,Bull,-19.894662107505688
bread6,4.0,2025-12,0.0011988458728915126,Bull,-19.894662107505688
bread6,4.0,2026-01,0.0006745979081403981,Bull,-38.630429604794614
bread6,4.0,2026-02,0.0003491605596030956,Bull,
bread6,4.0,2026-03,0.00040670723598900467,Bull,
bread6,4.0,2026-04,0.00022447032758174146,Bull,
bread6,4.0,2026-05,0.5000765298005173,Bull,
bread6,4.0,2026-06,0.4303324273746404,Bull,
bread6,4.0,2026-07,0.22069742506349355,Bull,
bread6,8.0,2017-01,,Bull,-2.5032266220640476
bread6,8.0,2017-02,,Bull,-5.37705297443093
bread6,8.0,2017-03,,Bull,-5.37705297443093
bread6,8.0,2017-04,,Bull,-5.37705297443093
bread6,8.0,2017-05,,Bull,-5.37705297443093
bread6,8.0,2017-06,,Bull,-5.37705297443093
bread6,8.0,2017-07,,Bull,-5.106779372261084
bread6,8.0,2017-08,,Bull,-9.022432045446305
bread6,8.0,2017-09,,Bull,-9.022432045446305
bread6,8.0,2017-10,,Bull,-9.022432045446305
bread6,8.0,2017-11,,Bull,-9.022432045446305
bread6,8.0,2017-12,,Bull,-10.92876031296578
bread6,8.0,2018-01,0.0759264243553448,Bull,-12.107655925343652
bread6,8.0,2018-02,0.3133584489198869,Bull,-10.916038402810212
bread6,8.0,2018-03,0.6543003947174504,Bear,-10.916038402810212
bread6,8.0,2018-04,0.7540273013605572,Bear,-20.646179033749025
bread6,8.0,2018-05,0.6643574836611839,Bear,-19.207231269225268
bread6,8.0,2018-06,0.3321800407784274,Bull,-15.257506834948876
bread6,8.0,2018-07,0.6660841704072157,Bear,-15.357280452694022
bread6,8.0,2018-08,0.8330411742965953,Bear,-15.357280452694022
bread6,8.0,2018-09,0.916518885099217,Bear,-14.910784013904033
bread6,8.0,2018-10,0.9395438848408024,Bear,-6.483795664071157
bread6,8.0,2018-11,0.9697719418597943,Bear,-10.019876469916355
bread6,8.0,2018-12,0.9848859704214393,Bear,-10.019876469916355
bread6,8.0,2019-01,0.9918580680372922,Bear,-10.019876469916355
bread6,8.0,2019-02,0.9947939219291522,Bear,-15.072285771240034
bread6,8.0,2019-03,0.996121686474962,Bear,-15.072285771240034
bread6,8.0,2019-04,0.7845969619813213,Bear,-13.695177451700369
bread6,8.0,2019-05,0.795002777700792,Bear,-10.52373122249326
bread6,8.0,2019-06,0.44155791010308626,Bear,-10.368350250142655
bread6,8.0,2019-07,0.4023722150342152,Bear,-6.538316914075426
bread6,8.0,2019-08,0.6660055909593755,Bear,-12.36034800901422
bread6,8.0,2019-09,0.7980921788509223,Bear,-35.70889779916474
bread6,8.0,2019-10,0.8908123003459586,Bear,-35.70889779916474
bread6,8.0,2019-11,0.9429727151208254,Bear,-35.70889779916474
bread6,8.0,2019-12,0.9687165155273265,Bear,-35.70889779916474
bread6,8.0,2020-01,0.9843582572503544,Bear,-35.03091217438568
bread6,8.0,2020-02,0.9921791281212402,Bear,-30.09792506344231
bread6,8.0,2020-03,0.9960895635452454,Bear,-7.508801311518287
bread6,8.0,2020-04,0.9980413227644231,Bear,-7.508801311518287
bread6,8.0,2020-05,0.9985045480696408,Bear,-7.508801311518287
bread6,8.0,2020-06,0.9965953068580433,Bear,-7.220151177391654
bread6,8.0,2020-07,0.7397463918595336,Bear,-7.253996740571744
bread6,8.0,2020-08,0.37172096765671286,Bull,-7.253996740571744
bread6,8.0,2020-09,0.1858609392390144,Bull,-7.817720647628201
bread6,8.0,2020-10,0.09293049553458561,Bull,-7.817720647628201
bread6,8.0,2020-11,0.04646526033760063,Bull,-7.817720647628201
bread6,8.0,2020-12,0.023232735845393943,Bull,-7.817720647628201
bread6,8.0,2021-01,0.011616367976192596,Bull,-6.484782512052478
bread6,8.0,2021-02,0.005808184067669006,Bull,-7.403461627668206
bread6,8.0,2021-03,0.002904092109246498,Bull,-7.41072259557074
bread6,8.0,2021-04,0.0014520461820197008,Bull,-12.008311333757815
bread6,8.0,2021-05,0.000726023289850482,Bull,-14.105002607448291
bread6,8.0,2021-06,0.0003630119103715836,Bull,-14.105002607448291
bread6,8.0,2021-07,0.0001815084546363626,Bull,-20.29917010731119
bread6,8.0,2021-08,9.075719498301278e-05,Bull,-18.476031508636524
bread6,8.0,2021-09,4.5388036378180694e-05,Bull,-14.804715428229386
bread6,8.0,2021-10,2.2719058032633627e-05,Bull,-13.700956530435404
bread6,8.0,2021-11,0.49999229906869896,Bull,-15.826997871484672
bread6,8.0,2021-12,0.25206578408365204,Bull,-22.578311680558038
bread6,8.0,2022-01,0.1284869800217387,Bull,-17.313566132999235
bread6,8.0,2022-02,0.14496283818065828,Bull,-16.93207993889052
bread6,8.0,2022-03,0.4075891118473654,Bull,-21.879891694006993
bread6,8.0,2022-04,0.6802179339149079,Bear,-20.0204095960431
bread6,8.0,2022-05,0.6200019189860826,Bear,-19.74794040710648
bread6,8.0,2022-06,0.6385174758510093,Bear,-14.92113843121784
bread6,8.0,2022-07,0.4455602025046491,Bear,-14.92113843121784
bread6,8.0,2022-08,0.2586093092744239,Bull,-12.805568347769302
bread6,8.0,2022-09,0.6293046539667704,Bear,-10.650944354368285
bread6,8.0,2022-10,0.8099790138274358,Bear,-10.650944354368285
bread6,8.0,2022-11,0.9025504316390895,Bear,-10.531330529144933
bread6,8.0,2022-12,0.9512751829294637,Bear,-5.436753639916714
bread6,8.0,2023-01,0.9636846764417282,Bear,-5.422280511656896
bread6,8.0,2023-02,0.9386228360835689,Bear,-6.095455469581212
bread6,8.0,2023-03,0.6833472961329898,Bear,-7.652596010790235
bread6,8.0,2023-04,0.3586044951810931,Bull,-14.588296075938468
bread6,8.0,2023-05,0.18137689491365194,Bull,-14.588296075938468
bread6,8.0,2023-06,0.09080269671501165,Bull,-14.588296075938468
bread6,8.0,2023-07,0.045734277885283905,Bull,-14.588296075938468
bread6,8.0,2023-08,0.023079644949195753,Bull,-12.42811367563088
bread6,8.0,2023-09,0.014088665477732179,Bull,-8.761303280623856
bread6,8.0,2023-10,0.5070410988510189,Bull,-8.761303280623856
bread6,8.0,2023-11,0.2849472026996034,Bull,-8.761303280623856
bread6,8.0,2023-12,0.15411831790158695,Bull,-8.761303280623856
bread6,8.0,2024-01,0.13284894616069817,Bull,-6.271472847747561
bread6,8.0,2024-02,0.08601672703903496,Bull,-15.556748011689637
bread6,8.0,2024-03,0.049449090237768806,Bull,-15.556748011689637
bread6,8.0,2024-04,0.025464202348198163,Bull,-15.556748011689637
bread6,8.0,2024-05,0.015396997898266034,Bull,-16.410672322905484
bread6,8.0,2024-06,0.008103897237374653,Bull,-18.35716885207005
bread6,8.0,2024-07,0.005380372346572864,Bull,-15.01612366365288
bread6,8.0,2024-08,0.0035692962489040484,Bull,-11.951507716337185
bread6,8.0,2024-09,0.004112157147236287,Bull,-10.361688207723441
bread6,8.0,2024-10,0.014328143583966413,Bull,-14.142513086077047
bread6,8.0,2024-11,0.5035545755188515,Bull,-14.142513086077047
bread6,8.0,2024-12,0.6445160109027541,Bear,-14.142513086077047
bread6,8.0,2025-01,0.6347618870178764,Bear,-14.142513086077047
bread6,8.0,2025-02,0.5838875674819008,Bear,-13.246896601141799
bread6,8.0,2025-03,0.791943783197439,Bear,-9.030334502270755
bread6,8.0,2025-04,0.5691023578157632,Bear,-4.149986320647181
bread6,8.0,2025-05,0.28459816615923517,Bull,-8.901506871653952
bread6,8.0,2025-06,0.14229908398569255,Bull,-8.901506871653952
bread6,8.0,2025-07,0.07114954200843483,Bull,-8.901506871653952
bread6,8.0,2025-08,0.03557477114808144,Bull,-8.901506871653952
bread6,8.0,2025-09,0.01778738560716545,Bull,-19.894662107505688
bread6,8.0,2025-10,0.008893692995281338,Bull,-19.894662107505688
bread6,8.0,2025-11,0.0044468465501221015,Bull,-19.894662107505688
bread6,8.0,2025-12,0.0022234264309549953,Bull,-19.894662107505688
bread6,8.0,2026-01,0.0011142726159309958,Bull,-38.630429604794614
bread6,8.0,2026-02,0.0005574220119080928,Bull,
bread6,8.0,2026-03,0.00028591475884093135,Bull,
bread6,8.0,2026-04,0.00014330543592514107,Bull,
bread6,8.0,2026-05,0.4985039805848555,Bull,
bread6,8.0,2026-06,0.2648122386234097,Bull,
bread6,8.0,2026-07,0.1327647555288723,Bull,
bread6,16.0,2017-01,,Bull,-2.5032266220640476
bread6,16.0,2017-02,,Bull,-5.37705297443093
bread6,16.0,2017-03,,Bull,-5.37705297443093
bread6,16.0,2017-04,,Bull,-5.37705297443093
bread6,16.0,2017-05,,Bull,-5.37705297443093
bread6,16.0,2017-06,,Bull,-5.37705297443093
bread6,16.0,2017-07,,Bull,-5.106779372261084
bread6,16.0,2017-08,,Bull,-9.022432045446305
bread6,16.0,2017-09,,Bull,-9.022432045446305
bread6,16.0,2017-10,,Bull,-9.022432045446305
bread6,16.0,2017-11,,Bull,-9.022432045446305
bread6,16.0,2017-12,,Bull,-10.92876031296578
bread6,16.0,2018-01,2.391770581777277e-05,Bull,-12.107655925343652
bread6,16.0,2018-02,0.0007671773594985622,Bull,-10.916038402810212
bread6,16.0,2018-03,0.023730066079825307,Bull,-10.916038402810212
bread6,16.0,2018-04,0.012412015246809514,Bull,-20.646179033749025
bread6,16.0,2018-05,0.006322674017322295,Bull,-19.207231269225268
bread6,16.0,2018-06,0.0031613374213980638,Bull,-15.257506834948876
bread6,16.0,2018-07,0.5010460696499963,Bull,-15.357280452694022
bread6,16.0,2018-08,0.7504837146619024,Bear,-15.357280452694022
bread6,16.0,2018-09,0.8752072500342657,Bear,-14.910784013904033
bread6,16.0,2018-10,0.9257021155032024,Bear,-6.483795664071157
bread6,16.0,2018-11,0.9628510572492018,Bear,-10.019876469916355
bread6,16.0,2018-12,0.981425528124515,Bear,-10.019876469916355
bread6,16.0,2019-01,0.9907015535012602,Bear,-10.019876469916355
bread6,16.0,2019-02,0.9953240910266867,Bear,-15.072285771240034
bread6,16.0,2019-03,0.9976310957741334,Bear,-15.072285771240034
bread6,16.0,2019-04,0.7738345678963554,Bear,-13.695177451700369
bread6,16.0,2019-05,0.6784591323516216,Bear,-10.52373122249326
bread6,16.0,2019-06,0.3403223090821388,Bull,-10.368350250142655
bread6,16.0,2019-07,0.1729780235928231,Bull,-6.538316914075426
bread6,16.0,2019-08,0.16506776205119023,Bull,-12.36034800901422
bread6,16.0,2019-09,0.2868383653905605,Bull,-35.70889779916474
bread6,16.0,2019-10,0.6294399951334999,Bear,-35.70889779916474
bread6,16.0,2019-11,0.8144533954828244,Bear,-35.70889779916474
bread6,16.0,2019-12,0.9071969111551546,Bear,-35.70889779916474
bread6,16.0,2020-01,0.9535984550774136,Bear,-35.03091217438568
bread6,16.0,2020-02,0.9767992270386752,Bear,-30.09792506344231
bread6,16.0,2020-03,0.9883996130192949,Bear,-7.508801311518287
bread6,16.0,2020-04,0.9941997938325767,Bear,-7.508801311518287
bread6,16.0,2020-05,0.9970912967422397,Bear,-7.508801311518287
bread6,16.0,2020-06,0.9984706066261235,Bear,-7.220151177391654
bread6,16.0,2020-07,0.8121840213716881,Bear,-7.253996740571744
bread6,16.0,2020-08,0.4061610579256008,Bear,-7.253996740571744
bread6,16.0,2020-09,0.20308053526584652,Bull,-7.817720647628201
bread6,16.0,2020-10,0.10154027910778764,Bull,-7.817720647628201
bread6,16.0,2020-11,0.050770152124189664,Bull,-7.817720647628201
bread6,16.0,2020-12,0.02538518173868846,Bull,-7.817720647628201
bread6,16.0,2021-01,0.012692590922839855,Bull,-6.484782512052478
bread6,16.0,2021-02,0.006346295540992635,Bull,-7.403461627668206
bread6,16.0,2021-03,0.003173147845908313,Bull,-7.41072259557074
bread6,16.0,2021-04,0.0015865740503506081,Bull,-12.008311333757815
bread6,16.0,2021-05,0.0007932872240159356,Bull,-14.105002607448291
bread6,16.0,2021-06,0.00039664387745431045,Bull,-14.105002607448291
bread6,16.0,2021-07,0.00019832443817772603,Bull,-20.29917010731119
bread6,16.0,2021-08,9.916518675369449e-05,Bull,-18.476031508636524
bread6,16.0,2021-09,4.959203226326325e-05,Bull,-14.804715428229386
bread6,16.0,2021-10,2.48106112801273e-05,Bull,-13.700956530435404
bread6,16.0,2021-11,0.49951290387955255,Bull,-15.826997871484672
bread6,16.0,2021-12,0.2499871143220621,Bull,-22.578311680558038
bread6,16.0,2022-01,0.14351130057230688,Bull,-17.313566132999235
bread6,16.0,2022-02,0.558691520417042,Bull,-16.93207993889052
bread6,16.0,2022-03,0.7793055219373358,Bear,-21.879891694006993
bread6,16.0,2022-04,0.8896455802969696,Bear,-20.0204095960431
bread6,16.0,2022-05,0.9446545797721692,Bear,-19.74794040710648
bread6,16.0,2022-06,0.9723040660701168,Bear,-14.92113843121784
bread6,16.0,2022-07,0.9860273024586462,Bear,-14.92113843121784
bread6,16.0,2022-08,0.9924865819676922,Bear,-12.805568347769302
bread6,16.0,2022-09,0.9962432904838394,Bear,-10.650944354368285
bread6,16.0,2022-10,0.9981142759597974,Bear,-10.650944354368285
bread6,16.0,2022-11,0.9990499251292968,Bear,-10.531330529144933
bread6,16.0,2022-12,0.999524962027716,Bear,-5.436753639916714
bread6,16.0,2023-01,0.9997510848563211,Bear,-5.422280511656896
bread6,16.0,2023-02,0.9998256926024569,Bear,-6.095455469581212
bread6,16.0,2023-03,0.9953908036561195,Bear,-7.652596010790235
bread6,16.0,2023-04,0.8459064277593114,Bear,-14.588296075938468
bread6,16.0,2023-05,0.4363661356209674,Bear,-14.588296075938468
bread6,16.0,2023-06,0.21820160928041624,Bull,-14.588296075938468
bread6,16.0,2023-07,0.10913766510749022,Bull,-14.588296075938468
bread6,16.0,2023-08,0.05459270164645454,Bull,-12.42811367563088
bread6,16.0,2023-09,0.027928864885517254,Bull,-8.761303280623856
bread6,16.0,2023-10,0.5139618337558006,Bull,-8.761303280623856
bread6,16.0,2023-11,0.3662661692444523,Bull,-8.761303280623856
bread6,16.0,2023-12,0.3131943689466269,Bull,-8.761303280623856
bread6,16.0,2024-01,0.5206392941952458,Bull,-6.271472847747561
bread6,16.0,2024-02,0.555806943826828,Bull,-15.556748011689637
bread6,16.0,2024-03,0.3481332361461471,Bull,-15.556748011689637
bread6,16.0,2024-04,0.17525251695318284,Bull,-15.556748011689637
bread6,16.0,2024-05,0.08936004853970335,Bull,-16.410672322905484
bread6,16.0,2024-06,0.044849086203064284,Bull,-18.35716885207005
bread6,16.0,2024-07,0.0227537949253776,Bull,-15.01612366365288
bread6,16.0,2024-08,0.011762049935422254,Bull,-11.951507716337185
bread6,16.0,2024-09,0.007773404777106913,Bull,-10.361688207723441
bread6,16.0,2024-10,0.030960332878512305,Bull,-14.142513086077047
bread6,16.0,2024-11,0.5150927122483832,Bull,-14.142513086077047
bread6,16.0,2024-12,0.7552172989414352,Bear,-14.142513086077047
bread6,16.0,2025-01,0.8770282469430559,Bear,-14.142513086077047
bread6,16.0,2025-02,0.9381193556033863,Bear,-13.246896601141799
bread6,16.0,2025-03,0.9690596773016722,Bear,-9.030334502270755
bread6,16.0,2025-04,0.9785266466430432,Bear,-4.149986320647181
bread6,16.0,2025-05,0.493127272300125,Bear,-8.901506871653952
bread6,16.0,2025-06,0.24656363638266648,Bull,-8.901506871653952
bread6,16.0,2025-07,0.12328181819154856,Bull,-8.901506871653952
bread6,16.0,2025-08,0.06164090909609608,Bull,-8.901506871653952
bread6,16.0,2025-09,0.030820454548721073,Bull,-19.894662107505688
bread6,16.0,2025-10,0.015410227281031443,Bull,-19.894662107505688
bread6,16.0,2025-11,0.007705113641335059,Bull,-19.894662107505688
bread6,16.0,2025-12,0.003852556835828885,Bull,-19.894662107505688
bread6,16.0,2026-01,0.0019262824462489884,Bull,-38.630429604794614
bread6,16.0,2026-02,0.0009631417688612895,Bull,
bread6,16.0,2026-03,0.00048158927674309956,Bull,
bread6,16.0,2026-04,0.00024079598648060123,Bull,
bread6,16.0,2026-05,0.3717727043885001,Bull,
bread6,16.0,2026-06,0.18593254012634167,Bull,
bread6,16.0,2026-07,0.09299912250779202,Bull,
negrun,0.0,2017-01,,Bull,-2.5032266220640476
negrun,0.0,2017-02,,Bull,-5.37705297443093
negrun,0.0,2017-03,,Bull,-5.37705297443093
negrun,0.0,2017-04,,Bull,-5.37705297443093
negrun,0.0,2017-05,,Bull,-5.37705297443093
negrun,0.0,2017-06,,Bull,-5.37705297443093
negrun,0.0,2017-07,,Bull,-5.106779372261084
negrun,0.0,2017-08,,Bull,-9.022432045446305
negrun,0.0,2017-09,,Bull,-9.022432045446305
negrun,0.0,2017-10,,Bull,-9.022432045446305
negrun,0.0,2017-11,,Bull,-9.022432045446305
negrun,0.0,2017-12,,Bull,-10.92876031296578
negrun,0.0,2018-01,0.9929935303714662,Bear,-12.107655925343652
negrun,0.0,2018-02,0.9962532369553476,Bear,-10.916038402810212
negrun,0.0,2018-03,0.9981235886117799,Bear,-10.916038402810212
negrun,0.0,2018-04,0.9989895216611533,Bear,-20.646179033749025
negrun,0.0,2018-05,0.9992716403163012,Bear,-19.207231269225268
negrun,0.0,2018-06,0.5014972343715908,Bear,-15.257506834948876
negrun,0.0,2018-07,0.7507485529567293,Bear,-15.357280452694022
negrun,0.0,2018-08,0.8753742546530872,Bear,-15.357280452694022
negrun,0.0,2018-09,0.9376870426358723,Bear,-14.910784013904033
negrun,0.0,2018-10,0.9395696012904465,Bear,-6.483795664071157
negrun,0.0,2018-11,0.9697847987673579,Bear,-10.019876469916355
negrun,0.0,2018-12,0.984892398043431,Bear,-10.019876469916355
negrun,0.0,2019-01,0.963464897203322,Bear,-10.019876469916355
negrun,0.0,2019-02,0.9295975835654118,Bear,-15.072285771240034
negrun,0.0,2019-03,0.902453374403128,Bear,-15.072285771240034
negrun,0.0,2019-04,0.6460374945900216,Bear,-13.695177451700369
negrun,0.0,2019-05,0.7244047679411174,Bear,-10.52373122249326
negrun,0.0,2019-06,0.6449753367451452,Bear,-10.368350250142655
negrun,0.0,2019-07,0.8009562002287769,Bear,-6.538316914075426
negrun,0.0,2019-08,0.8979169490992944,Bear,-12.36034800901422
negrun,0.0,2019-09,0.9313299465193171,Bear,-35.70889779916474
negrun,0.0,2019-10,0.9407108739172892,Bear,-35.70889779916474
negrun,0.0,2019-11,0.9393034529325461,Bear,-35.70889779916474
negrun,0.0,2019-12,0.8311549139594182,Bear,-35.70889779916474
negrun,0.0,2020-01,0.9155774552508598,Bear,-35.03091217438568
negrun,0.0,2020-02,0.9577887266352769,Bear,-30.09792506344231
negrun,0.0,2020-03,0.9788943553602564,Bear,-7.508801311518287
negrun,0.0,2020-04,0.9884694098235316,Bear,-7.508801311518287
negrun,0.0,2020-05,0.9642486490392941,Bear,-7.508801311518287
negrun,0.0,2020-06,0.8649268583314987,Bear,-7.220151177391654
negrun,0.0,2020-07,0.4764901661357419,Bear,-7.253996740571744
negrun,0.0,2020-08,0.24181382572600799,Bull,-7.253996740571744
negrun,0.0,2020-09,0.12386903308538504,Bull,-7.817720647628201
negrun,0.0,2020-10,0.06634385520292993,Bull,-7.817720647628201
negrun,0.0,2020-11,0.043487331073912866,Bull,-7.817720647628201
negrun,0.0,2020-12,0.09265315865472146,Bull,-7.817720647628201
negrun,0.0,2021-01,0.04633958624023766,Bull,-6.484782512052478
negrun,0.0,2021-02,0.023186885375930225,Bull,-7.403461627668206
negrun,0.0,2021-03,0.01161208947849329,Bull,-7.41072259557074
negrun,0.0,2021-04,0.005833954738613556,Bull,-12.008311333757815
negrun,0.0,2021-05,0.002959476581759335,Bull,-14.105002607448291
negrun,0.0,2021-06,0.0015367661561241225,Bull,-14.105002607448291
negrun,0.0,2021-07,0.0011641004197655376,Bull,-20.29917010731119
negrun,0.0,2021-08,0.0008830600042994826,Bull,-18.476031508636524
negrun,0.0,2021-09,0.001071534905584363,Bull,-14.804715428229386
negrun,0.0,2021-10,0.0013254653495135273,Bull,-13.700956530435404
negrun,0.0,2021-11,0.5006626897483902,Bull,-15.826997871484672
negrun,0.0,2021-12,0.268372041715078,Bull,-22.578311680558038
negrun,0.0,2022-01,0.13457598270683488,Bull,-17.313566132999235
negrun,0.0,2022-02,0.06780048155269512,Bull,-16.93207993889052
negrun,0.0,2022-03,0.03482362093113108,Bull,-21.879891694006993
negrun,0.0,2022-04,0.019954295171161106,Bull,-20.0204095960431
negrun,0.0,2022-05,0.010468123254283675,Bull,-19.74794040710648
negrun,0.0,2022-06,0.006459459237332571,Bull,-14.92113843121784
negrun,0.0,2022-07,0.00375221907263083,Bull,-14.92113843121784
negrun,0.0,2022-08,0.002558800524104594,Bull,-12.805568347769302
negrun,0.0,2022-09,0.5012793632318885,Bull,-10.650944354368285
negrun,0.0,2022-10,0.2581310263082743,Bull,-10.650944354368285
negrun,0.0,2022-11,0.1297338017744414,Bull,-10.531330529144933
negrun,0.0,2022-12,0.5628784934364117,Bull,-5.436753639916714
negrun,0.0,2023-01,0.2910446361353564,Bull,-5.422280511656896
negrun,0.0,2023-02,0.14676812354305543,Bull,-6.095455469581212
negrun,0.0,2023-03,0.07452254604643876,Bull,-7.652596010790235
negrun,0.0,2023-04,0.038519722607286665,Bull,-14.588296075938468
negrun,0.0,2023-05,0.02027057933137156,Bull,-14.588296075938468
negrun,0.0,2023-06,0.010725396491735425,Bull,-14.588296075938468
negrun,0.0,2023-07,0.007695319395023274,Bull,-14.588296075938468
negrun,0.0,2023-08,0.005438692658035123,Bull,-12.42811367563088
negrun,0.0,2023-09,0.011726055270345204,Bull,-8.761303280623856
negrun,0.0,2023-10,0.5058587436449955,Bull,-8.761303280623856
negrun,0.0,2023-11,0.26084308948187296,Bull,-8.761303280623856
negrun,0.0,2023-12,0.13132076206168833,Bull,-8.761303280623856
negrun,0.0,2024-01,0.06893158207434001,Bull,-6.271472847747561
negrun,0.0,2024-02,0.03556322841309125,Bull,-15.556748011689637
negrun,0.0,2024-03,0.018540182103923986,Bull,-15.556748011689637
negrun,0.0,2024-04,0.00970528737374139,Bull,-15.556748011689637
negrun,0.0,2024-05,0.007715800983658372,Bull,-16.410672322905484
negrun,0.0,2024-06,0.004589489274598491,Bull,-18.35716885207005
negrun,0.0,2024-07,0.006565579020400185,Bull,-15.01612366365288
negrun,0.0,2024-08,0.0049732954541842015,Bull,-11.951507716337185
negrun,0.0,2024-09,0.004980137642446911,Bull,-10.361688207723441
negrun,0.0,2024-10,0.007402863852100558,Bull,-14.142513086077047
negrun,0.0,2024-11,0.46676944077697663,Bull,-14.142513086077047
negrun,0.0,2024-12,0.26194456247598275,Bull,-14.142513086077047
negrun,0.0,2025-01,0.13398469626297002,Bull,-14.142513086077047
negrun,0.0,2025-02,0.06954369646537635,Bull,-13.246896601141799
negrun,0.0,2025-03,0.534771828585866,Bull,-9.030334502270755
negrun,0.0,2025-04,0.269084712960479,Bull,-4.149986320647181
negrun,0.0,2025-05,0.13454424800838252,Bull,-8.901506871653952
negrun,0.0,2025-06,0.06727212620469383,Bull,-8.901506871653952
negrun,0.0,2025-07,0.03363606384170369,Bull,-8.901506871653952
negrun,0.0,2025-08,0.016818086881063402,Bull,-8.901506871653952
negrun,0.0,2025-09,0.00840917815985673,Bull,-19.894662107505688
negrun,0.0,2025-10,0.00420612540405969,Bull,-19.894662107505688
negrun,0.0,2025-11,0.00210333437022286,Bull,-19.894662107505688
negrun,0.0,2025-12,0.0010569018147659189,Bull,-19.894662107505688
negrun,0.0,2026-01,0.0025677749191986452,Bull,-38.630429604794614
negrun,0.0,2026-02,0.001736613792855433,Bull,
negrun,0.0,2026-03,0.007666577244045056,Bull,
negrun,0.0,2026-04,0.005018815504342531,Bull,
negrun,0.0,2026-05,0.5025085256421677,Bull,
negrun,0.0,2026-06,0.7052653577479172,Bear,
negrun,0.0,2026-07,0.41370915338042763,Bear,
negrun,0.4,2017-01,,Bull,-2.5032266220640476
negrun,0.4,2017-02,,Bull,-5.37705297443093
negrun,0.4,2017-03,,Bull,-5.37705297443093
negrun,0.4,2017-04,,Bull,-5.37705297443093
negrun,0.4,2017-05,,Bull,-5.37705297443093
negrun,0.4,2017-06,,Bull,-5.37705297443093
negrun,0.4,2017-07,,Bull,-5.106779372261084
negrun,0.4,2017-08,,Bull,-9.022432045446305
negrun,0.4,2017-09,,Bull,-9.022432045446305
negrun,0.4,2017-10,,Bull,-9.022432045446305
negrun,0.4,2017-11,,Bull,-9.022432045446305
negrun,0.4,2017-12,,Bull,-10.92876031296578
negrun,0.4,2018-01,0.9929935303714662,Bear,-12.107655925343652
negrun,0.4,2018-02,0.9962532369553476,Bear,-10.916038402810212
negrun,0.4,2018-03,0.9981235886117799,Bear,-10.916038402810212
negrun,0.4,2018-04,0.9989895216611533,Bear,-20.646179033749025
negrun,0.4,2018-05,0.99944966981413,Bear,-19.207231269225268
negrun,0.4,2018-06,0.5076965918204334,Bear,-15.257506834948876
negrun,0.4,2018-07,0.7538482788429627,Bear,-15.357280452694022
negrun,0.4,2018-08,0.8769241327856847,Bear,-15.357280452694022
negrun,0.4,2018-09,0.9384620399130424,Bear,-14.910784013904033
negrun,0.4,2018-10,0.959289334112271,Bear,-6.483795664071157
negrun,0.4,2018-11,0.9796446661062702,Bear,-10.019876469916355
negrun,0.4,2018-12,0.9898223322542241,Bear,-10.019876469916355
negrun,0.4,2019-01,0.9839395348367483,Bear,-10.019876469916355
negrun,0.4,2019-02,0.9715468481122932,Bear,-15.072285771240034
negrun,0.4,2019-03,0.960955515908267,Bear,-15.072285771240034
negrun,0.4,2019-04,0.7071604924565131,Bear,-13.695177451700369
negrun,0.4,2019-05,0.7707951231600323,Bear,-10.52373122249326
negrun,0.4,2019-06,0.6840979438390139,Bear,-10.368350250142655
negrun,0.4,2019-07,0.823013240862637,Bear,-6.538316914075426
negrun,0.4,2019-08,0.9093825725111448,Bear,-12.36034800901422
negrun,0.4,2019-09,0.9415740276081113,Bear,-35.70889779916474
negrun,0.4,2019-10,0.9538776545164642,Bear,-35.70889779916474
negrun,0.4,2019-11,0.9577218768706718,Bear,-35.70889779916474
negrun,0.4,2019-12,0.8326596305625414,Bear,-35.70889779916474
negrun,0.4,2020-01,0.9163298130859974,Bear,-35.03091217438568
negrun,0.4,2020-02,0.9581649054545939,Bear,-30.09792506344231
negrun,0.4,2020-03,0.9790824443086124,Bear,-7.508801311518287
negrun,0.4,2020-04,0.9886226729224872,Bear,-7.508801311518287
negrun,0.4,2020-05,0.9547733149310349,Bear,-7.508801311518287
negrun,0.4,2020-06,0.8291408117230584,Bear,-7.220151177391654
negrun,0.4,2020-07,0.4454472369137641,Bear,-7.253996740571744
negrun,0.4,2020-08,0.2253041421064738,Bull,-7.253996740571744
negrun,0.4,2020-09,0.11487798620863286,Bull,-7.817720647628201
negrun,0.4,2020-10,0.06077290215464489,Bull,-7.817720647628201
negrun,0.4,2020-11,0.03823982010547587,Bull,-7.817720647628201
negrun,0.4,2020-12,0.07484720072887416,Bull,-7.817720647628201
negrun,0.4,2021-01,0.037433553319070466,Bull,-6.484782512052478
negrun,0.4,2021-02,0.018729906367548378,Bull,-7.403461627668206
negrun,0.4,2021-03,0.009379330189614746,Bull,-7.41072259557074
negrun,0.4,2021-04,0.004711260849221119,Bull,-12.008311333757815
negrun,0.4,2021-05,0.0023886271784684773,Bull,-14.105002607448291
negrun,0.4,2021-06,0.0012387358196798979,Bull,-14.105002607448291
negrun,0.4,2021-07,0.0009286286804034891,Bull,-20.29917010731119
negrun,0.4,2021-08,0.0007001657649988625,Bull,-18.476031508636524
negrun,0.4,2021-09,0.0009160916542346959,Bull,-14.804715428229386
negrun,0.4,2021-10,0.0012710800059558068,Bull,-13.700956530435404
negrun,0.4,2021-11,0.5006355036294529,Bull,-15.826997871484672
negrun,0.4,2021-12,0.2744534142535985,Bull,-22.578311680558038
negrun,0.4,2022-01,0.13785141532058548,Bull,-17.313566132999235
negrun,0.4,2022-02,0.06981204445298793,Bull,-16.93207993889052
negrun,0.4,2022-03,0.036685779354354686,Bull,-21.879891694006993
negrun,0.4,2022-04,0.023728530888656642,Bull,-20.0204095960431
negrun,0.4,2022-05,0.013003364928105008,Bull,-19.74794040710648
negrun,0.4,2022-06,0.009541316492697552,Bull,-14.92113843121784
negrun,0.4,2022-07,0.006153501167243505,Bull,-14.92113843121784
negrun,0.4,2022-08,0.004934879046049064,Bull,-12.805568347769302
negrun,0.4,2022-09,0.5024674260729448,Bull,-10.650944354368285
negrun,0.4,2022-10,0.27206935671210486,Bull,-10.650944354368285
negrun,0.4,2022-11,0.13827313175140327,Bull,-10.531330529144933
negrun,0.4,2022-12,0.5684609854495587,Bull,-5.436753639916714
negrun,0.4,2023-01,0.31116325194555294,Bull,-5.422280511656896
negrun,0.4,2023-02,0.15658217455597379,Bull,-6.095455469581212
negrun,0.4,2023-03,0.07908603651760984,Bull,-7.652596010790235
negrun,0.4,2023-04,0.04042099876598049,Bull,-14.588296075938468
negrun,0.4,2023-05,0.020918274579999847,Bull,-14.588296075938468
negrun,0.4,2023-06,0.010874902690774853,Bull,-14.588296075938468
negrun,0.4,2023-07,0.0070950930898572035,Bull,-14.588296075938468
negrun,0.4,2023-08,0.004685310949506076,Bull,-12.42811367563088
negrun,0.4,2023-09,0.009411121365324616,Bull,-8.761303280623856
negrun,0.4,2023-10,0.5047005161530937,Bull,-8.761303280623856
negrun,0.4,2023-11,0.2581798194289757,Bull,-8.761303280623856
negrun,0.4,2023-12,0.12974665783869604,Bull,-8.761303280623856
negrun,0.4,2024-01,0.06753164305009678,Bull,-6.271472847747561
negrun,0.4,2024-02,0.03459410218001173,Bull,-15.556748011689637
negrun,0.4,2024-03,0.017876287033383904,Bull,-15.556748011689637
negrun,0.4,2024-04,0.009270537340703025,Bull,-15.556748011689637
negrun,0.4,2024-05,0.006829569001583498,Bull,-16.410672322905484
negrun,0.4,2024-06,0.0039759556131975056,Bull,-18.35716885207005
negrun,0.4,2024-07,0.0052933585514132655,Bull,-15.01612366365288
negrun,0.4,2024-08,0.003958762160760422,Bull,-11.951507716337185
negrun,0.4,2024-09,0.004100682014172945,Bull,-10.361688207723441
negrun,0.4,2024-10,0.00661803379305181,Bull,-14.142513086077047
negrun,0.4,2024-11,0.46695133490009444,Bull,-14.142513086077047
negrun,0.4,2024-12,0.26469010495707335,Bull,-14.142513086077047
negrun,0.4,2025-01,0.13595629928217684,Bull,-14.142513086077047
negrun,0.4,2025-02,0.07122902590599148,Bull,-13.246896601141799
negrun,0.4,2025-03,0.5356144985422786,Bull,-9.030334502270755
negrun,0.4,2025-04,0.27033683048008944,Bull,-4.149986320647181
negrun,0.4,2025-05,0.135169886976607,Bull,-8.901506871653952
negrun,0.4,2025-06,0.06758494516888597,Bull,-8.901506871653952
negrun,0.4,2025-07,0.033792473149204506,Bull,-8.901506871653952
negrun,0.4,2025-08,0.016896278559945604,Bull,-8.901506871653952
negrun,0.4,2025-09,0.00844824220101011,Bull,-19.894662107505688
negrun,0.4,2025-10,0.004225294855460409,Bull,-19.894662107505688
negrun,0.4,2025-11,0.002112854990556014,Bull,-19.894662107505688
negrun,0.4,2025-12,0.0010604270829800654,Bull,-19.894662107505688
negrun,0.4,2026-01,0.002093948282472254,Bull,-38.630429604794614
negrun,0.4,2026-02,0.001396277352134907,Bull,
negrun,0.4,2026-03,0.005977549652021241,Bull,
negrun,0.4,2026-04,0.003908818855293619,Bull,
negrun,0.4,2026-05,0.5019532760351755,Bull,
negrun,0.4,2026-06,0.6924618728446008,Bear,
negrun,0.4,2026-07,0.3932360915099642,Bull,
negrun,0.8,2017-01,,Bull,-2.5032266220640476
negrun,0.8,2017-02,,Bull,-5.37705297443093
negrun,0.8,2017-03,,Bull,-5.37705297443093
negrun,0.8,2017-04,,Bull,-5.37705297443093
negrun,0.8,2017-05,,Bull,-5.37705297443093
negrun,0.8,2017-06,,Bull,-5.37705297443093
negrun,0.8,2017-07,,Bull,-5.106779372261084
negrun,0.8,2017-08,,Bull,-9.022432045446305
negrun,0.8,2017-09,,Bull,-9.022432045446305
negrun,0.8,2017-10,,Bull,-9.022432045446305
negrun,0.8,2017-11,,Bull,-9.022432045446305
negrun,0.8,2017-12,,Bull,-10.92876031296578
negrun,0.8,2018-01,0.9929935303714662,Bear,-12.107655925343652
negrun,0.8,2018-02,0.9962532369553476,Bear,-10.916038402810212
negrun,0.8,2018-03,0.9981235886117799,Bear,-10.916038402810212
negrun,0.8,2018-04,0.9989895216611533,Bear,-20.646179033749025
negrun,0.8,2018-05,0.9994856524939044,Bear,-19.207231269225268
negrun,0.8,2018-06,0.5325649410520046,Bear,-15.257506834948876
negrun,0.8,2018-07,0.7662824657326053,Bear,-15.357280452694022
negrun,0.8,2018-08,0.8831412305957762,Bear,-15.357280452694022
negrun,0.8,2018-09,0.9415706067777206,Bear,-14.910784013904033
negrun,0.8,2018-10,0.9674952484098279,Bear,-6.483795664071157
negrun,0.8,2018-11,0.9837476235570182,Bear,-10.019876469916355
negrun,0.8,2018-12,0.9918738111722549,Bear,-10.019876469916355
negrun,0.8,2019-01,0.9918814750076737,Bear,-10.019876469916355
negrun,0.8,2019-02,0.9884030187990261,Bear,-15.072285771240034
negrun,0.8,2019-03,0.9850854066203922,Bear,-15.072285771240034
negrun,0.8,2019-04,0.715928627741701,Bear,-13.695177451700369
negrun,0.8,2019-05,0.7720075845340116,Bear,-10.52373122249326
negrun,0.8,2019-06,0.6790125347700442,Bear,-10.368350250142655
negrun,0.8,2019-07,0.8204056083686628,Bear,-6.538316914075426
negrun,0.8,2019-08,0.9083895675425367,Bear,-12.36034800901422
negrun,0.8,2019-09,0.9444475424434282,Bear,-35.70889779916474
negrun,0.8,2019-10,0.9608159678321551,Bear,-35.70889779916474
negrun,0.8,2019-11,0.9686207513619993,Bear,-35.70889779916474
negrun,0.8,2019-12,0.8186724367689104,Bear,-35.70889779916474
negrun,0.8,2020-01,0.9093362154849517,Bear,-35.03091217438568
negrun,0.8,2020-02,0.9546681065362379,Bear,-30.09792506344231
negrun,0.8,2020-03,0.977334044361171,Bear,-7.508801311518287
negrun,0.8,2020-04,0.9878042985522526,Bear,-7.508801311518287
negrun,0.8,2020-05,0.9420025889878199,Bear,-7.508801311518287
negrun,0.8,2020-06,0.787329322598585,Bear,-7.220151177391654
negrun,0.8,2020-07,0.41532757253678715,Bear,-7.253996740571744
negrun,0.8,2020-08,0.20954370522294735,Bull,-7.253996740571744
negrun,0.8,2020-09,0.10644486328769788,Bull,-7.817720647628201
negrun,0.8,2020-10,0.05574260359092095,Bull,-7.817720647628201
negrun,0.8,2020-11,0.0338455886630334,Bull,-7.817720647628201
negrun,0.8,2020-12,0.06042568121446073,Bull,-7.817720647628201
negrun,0.8,2021-01,0.030220456642916012,Bull,-6.484782512052478
negrun,0.8,2021-02,0.015120314110933255,Bull,-7.403461627668206
negrun,0.8,2021-03,0.007571241961770872,Bull,-7.41072259557074
negrun,0.8,2021-04,0.0038023309529156375,Bull,-12.008311333757815
negrun,0.8,2021-05,0.0019267843417156453,Bull,-14.105002607448291
negrun,0.8,2021-06,0.0009979950023675612,Bull,-14.105002607448291
negrun,0.8,2021-07,0.0007406817596339487,Bull,-20.29917010731119
negrun,0.8,2021-08,0.0005551320719676346,Bull,-18.476031508636524
negrun,0.8,2021-09,0.0007861551451839804,Bull,-14.804715428229386
negrun,0.8,2021-10,0.001230327912807714,Bull,-13.700956530435404
negrun,0.8,2021-11,0.5006151331192115,Bull,-15.826997871484672
negrun,0.8,2021-12,0.28245998023329005,Bull,-22.578311680558038
negrun,0.8,2022-01,0.14222718346603835,Bull,-17.313566132999235
negrun,0.8,2022-02,0.07264587885143259,Bull,-16.93207993889052
negrun,0.8,2022-03,0.039747752256673416,Bull,-21.879891694006993
negrun,0.8,2022-04,0.031212380126659958,Bull,-20.0204095960431
negrun,0.8,2022-05,0.018242145604767706,Bull,-19.74794040710648
negrun,0.8,2022-06,0.0166320854911364,Bull,-14.92113843121784
negrun,0.8,2022-07,0.01197361645255651,Bull,-14.92113843121784
negrun,0.8,2022-08,0.011021935380247476,Bull,-12.805568347769302
negrun,0.8,2022-09,0.5055109626208191,Bull,-10.650944354368285
negrun,0.8,2022-10,0.30803746793356557,Bull,-10.650944354368285
negrun,0.8,2022-11,0.16127696677139894,Bull,-10.531330529144933
negrun,0.8,2022-12,0.5804114801389533,Bull,-5.436753639916714
negrun,0.8,2023-01,0.3611953318369351,Bull,-5.422280511656896
negrun,0.8,2023-02,0.1815404799402681,Bull,-6.095455469581212
negrun,0.8,2023-03,0.09131887554755833,Bull,-7.652596010790235
negrun,0.8,2023-04,0.04626362270512048,Bull,-14.588296075938468
negrun,0.8,2023-05,0.023622427417924568,Bull,-14.588296075938468
negrun,0.8,2023-06,0.012101818128998848,Bull,-14.588296075938468
negrun,0.8,2023-07,0.007220967096662749,Bull,-14.588296075938468
negrun,0.8,2023-08,0.004419961460584907,Bull,-12.42811367563088
negrun,0.8,2023-09,0.007730125886580342,Bull,-8.761303280623856
negrun,0.8,2023-10,0.5038591090564578,Bull,-8.761303280623856
negrun,0.8,2023-11,0.2562190575468162,Bull,-8.761303280623856
negrun,0.8,2023-12,0.12859013093702412,Bull,-8.761303280623856
negrun,0.8,2024-01,0.06645498062974135,Bull,-6.271472847747561
negrun,0.8,2024-02,0.033852587765673334,Bull,-15.556748011689637
negrun,0.8,2024-03,0.017368590762286636,Bull,-15.556748011689637
negrun,0.8,2024-04,0.0089381569716105,Bull,-15.556748011689637
negrun,0.8,2024-05,0.0061501266491347135,Bull,-16.410672322905484
negrun,0.8,2024-06,0.003505563914451476,Bull,-18.35716885207005
negrun,0.8,2024-07,0.0043094069278061965,Bull,-15.01612366365288
negrun,0.8,2024-08,0.0031730996045498823,Bull,-11.951507716337185
negrun,0.8,2024-09,0.0033907163475367466,Bull,-10.361688207723441
negrun,0.8,2024-10,0.005941198185041594,Bull,-14.142513086077047
negrun,0.8,2024-11,0.4671664943537589,Bull,-14.142513086077047
negrun,0.8,2024-12,0.2676787668101533,Bull,-14.142513086077047
negrun,0.8,2025-01,0.13816170312086445,Bull,-14.142513086077047
negrun,0.8,2025-02,0.07321240037785269,Bull,-13.246896601141799
negrun,0.8,2025-03,0.5366061895581343,Bull,-9.030334502270755
negrun,0.8,2025-04,0.27206667680641783,Bull,-4.149986320647181
negrun,0.8,2025-05,0.13603449525524952,Bull,-8.901506871653952
negrun,0.8,2025-06,0.06801724891060497,Bull,-8.901506871653952
negrun,0.8,2025-07,0.03400862488656712,Bull,-8.901506871653952
negrun,0.8,2025-08,0.017004344508811206,Bull,-8.901506871653952
negrun,0.8,2025-09,0.008502250865747699,Bull,-19.894662107505688
negrun,0.8,2025-10,0.004252022017312128,Bull,-19.894662107505688
negrun,0.8,2025-11,0.0021261695673429055,Bull,-19.894662107505688
negrun,0.8,2025-12,0.0010661402951021347,Bull,-19.894662107505688
negrun,0.8,2026-01,0.0017289332810709955,Bull,-38.630429604794614
negrun,0.8,2026-02,0.0011327017114712127,Bull,
negrun,0.8,2026-03,0.004639590352490232,Bull,
negrun,0.8,2026-04,0.0030288842744159348,Bull,
negrun,0.8,2026-05,0.501512975006655,Bull,
negrun,0.8,2026-06,0.6768595190548006,Bear,
negrun,0.8,2026-07,0.3741250206834804,Bull,
negrun,1.2,2017-01,,Bull,-2.5032266220640476
negrun,1.2,2017-02,,Bull,-5.37705297443093
negrun,1.2,2017-03,,Bull,-5.37705297443093
negrun,1.2,2017-04,,Bull,-5.37705297443093
negrun,1.2,2017-05,,Bull,-5.37705297443093
negrun,1.2,2017-06,,Bull,-5.37705297443093
negrun,1.2,2017-07,,Bull,-5.106779372261084
negrun,1.2,2017-08,,Bull,-9.022432045446305
negrun,1.2,2017-09,,Bull,-9.022432045446305
negrun,1.2,2017-10,,Bull,-9.022432045446305
negrun,1.2,2017-11,,Bull,-9.022432045446305
negrun,1.2,2017-12,,Bull,-10.92876031296578
negrun,1.2,2018-01,0.9929935303714662,Bear,-12.107655925343652
negrun,1.2,2018-02,0.9962532369553476,Bear,-10.916038402810212
negrun,1.2,2018-03,0.9981235886117799,Bear,-10.916038402810212
negrun,1.2,2018-04,0.9989895216611533,Bear,-20.646179033749025
negrun,1.2,2018-05,0.9994929210025988,Bear,-19.207231269225268
negrun,1.2,2018-06,0.6164931792010364,Bear,-15.257506834948876
negrun,1.2,2018-07,0.8082465879960414,Bear,-15.357280452694022
negrun,1.2,2018-08,0.9041232929839269,Bear,-15.357280452694022
negrun,1.2,2018-09,0.9520616435134189,Bear,-14.910784013904033
negrun,1.2,2018-10,0.9749519378008695,Bear,-6.483795664071157
negrun,1.2,2018-11,0.9874759683511234,Bear,-10.019876469916355
negrun,1.2,2018-12,0.9937379836378198,Bear,-10.019876469916355
negrun,1.2,2019-01,0.9953841480366861,Bear,-10.019876469916355
negrun,1.2,2019-02,0.995025911177004,Bear,-15.072285771240034
negrun,1.2,2019-03,0.9943768406329014,Bear,-15.072285771240034
negrun,1.2,2019-04,0.6978415518203462,Bear,-13.695177451700369
negrun,1.2,2019-05,0.7483246444168223,Bear,-10.52373122249326
negrun,1.2,2019-06,0.6491494683082408,Bear,-10.368350250142655
negrun,1.2,2019-07,0.8039167372281403,Bear,-6.538316914075426
negrun,1.2,2019-08,0.900369605572755,Bear,-12.36034800901422
negrun,1.2,2019-09,0.9429453449471035,Bear,-35.70889779916474
negrun,1.2,2019-10,0.9638084763663685,Bear,-35.70889779916474
negrun,1.2,2019-11,0.9747466176620958,Bear,-35.70889779916474
negrun,1.2,2019-12,0.7935002336036585,Bear,-35.70889779916474
negrun,1.2,2020-01,0.8967501128327933,Bear,-35.03091217438568
negrun,1.2,2020-02,0.9483750550687786,Bear,-30.09792506344231
negrun,1.2,2020-03,0.9741875181096826,Bear,-7.508801311518287
negrun,1.2,2020-04,0.9862835373245586,Bear,-7.508801311518287
negrun,1.2,2020-05,0.9254802311097583,Bear,-7.508801311518287
negrun,1.2,2020-06,0.74022234347099,Bear,-7.220151177391654
negrun,1.2,2020-07,0.3852984157171551,Bull,-7.253996740571744
negrun,1.2,2020-08,0.19402534880776742,Bull,-7.253996740571744
negrun,1.2,2020-09,0.09827023547398232,Bull,-7.817720647628201
negrun,1.2,2020-10,0.05103979116273691,Bull,-7.817720647628201
negrun,1.2,2020-11,0.030061980227934257,Bull,-7.817720647628201
negrun,1.2,2020-12,0.04880898721725446,Bull,-7.817720647628201
negrun,1.2,2021-01,0.024410321415518133,Bull,-6.484782512052478
negrun,1.2,2021-02,0.012212908248741978,Bull,-7.403461627668206
negrun,1.2,2021-03,0.006115000752139082,Bull,-7.41072259557074
negrun,1.2,2021-04,0.00307042988066477,Bull,-12.008311333757815
negrun,1.2,2021-05,0.0015551054979085176,Bull,-14.105002607448291
negrun,1.2,2021-06,0.0008045066093300368,Bull,-14.105002607448291
negrun,1.2,2021-07,0.0005911214183158719,Bull,-20.29917010731119
negrun,1.2,2021-08,0.000440341075979529,Bull,-18.476031508636524
negrun,1.2,2021-09,0.0006772227115326441,Bull,-14.804715428229386
negrun,1.2,2021-10,0.0012009713698354684,Bull,-13.700956530435404
negrun,1.2,2021-11,0.5006004595258171,Bull,-15.826997871484672
negrun,1.2,2021-12,0.2928938476861915,Bull,-22.578311680558038
negrun,1.2,2022-01,0.1480274516502166,Bull,-17.313566132999235
negrun,1.2,2022-02,0.0766602501763479,Bull,-16.93207993889052
negrun,1.2,2022-03,0.044899894016164565,Bull,-21.879891694006993
negrun,1.2,2022-04,0.04602671091110008,Bull,-20.0204095960431
negrun,1.2,2022-05,0.02908289531270293,Bull,-19.74794040710648
negrun,1.2,2022-06,0.03284207756598495,Bull,-14.92113843121784
negrun,1.2,2022-07,0.026030054752235215,Bull,-14.92113843121784
negrun,1.2,2022-08,0.02648477790796712,Bull,-12.805568347769302
negrun,1.2,2022-09,0.5132423868377863,Bull,-10.650944354368285
negrun,1.2,2022-10,0.3877170479309525,Bull,-10.650944354368285
negrun,1.2,2022-11,0.21660583581311574,Bull,-10.531330529144933
negrun,1.2,2022-12,0.6082273810865085,Bear,-5.436753639916714
negrun,1.2,2023-01,0.46648964986668884,Bear,-5.422280511656896
negrun,1.2,2023-02,0.23428250193043387,Bull,-6.095455469581212
negrun,1.2,2023-03,0.11751085357236406,Bull,-7.652596010790235
negrun,1.2,2023-04,0.059159789030927855,Bull,-14.588296075938468
negrun,1.2,2023-05,0.02991312873654508,Bull,-14.588296075938468
negrun,1.2,2023-06,0.015156511218293074,Bull,-14.588296075938468
negrun,1.2,2023-07,0.008393669181335722,Bull,-14.588296075938468
negrun,1.2,2023-08,0.004767049341461108,Bull,-12.42811367563088
negrun,1.2,2023-09,0.006657389505438452,Bull,-8.761303280623856
negrun,1.2,2023-10,0.5033216294787503,Bull,-8.761303280623856
negrun,1.2,2023-11,0.25481451613963074,Bull,-8.761303280623856
negrun,1.2,2023-12,0.1277596648933897,Bull,-8.761303280623856
negrun,1.2,2024-01,0.06563454382148959,Bull,-6.271472847747561
negrun,1.2,2024-02,0.0332890301317836,Bull,-15.556748011689637
negrun,1.2,2024-03,0.01698224806253233,Bull,-15.556748011689637
negrun,1.2,2024-04,0.008684999780224288,Bull,-15.556748011689637
negrun,1.2,2024-05,0.005629963942699431,Bull,-16.410672322905484
negrun,1.2,2024-06,0.003145280439370353,Bull,-18.35716885207005
negrun,1.2,2024-07,0.003549195204446558,Bull,-15.01612366365288
negrun,1.2,2024-08,0.00256509622081269,Bull,-11.951507716337185
negrun,1.2,2024-09,0.002816637938204296,Bull,-10.361688207723441
negrun,1.2,2024-10,0.005354228214833652,Bull,-14.142513086077047
negrun,1.2,2024-11,0.4674088413211717,Bull,-14.142513086077047
negrun,1.2,2024-12,0.2709233057920994,Bull,-14.142513086077047
negrun,1.2,2025-01,0.1406255612039604,Bull,-14.142513086077047
negrun,1.2,2025-02,0.07554788504275076,Bull,-13.246896601141799
negrun,1.2,2025-03,0.5377739346226563,Bull,-9.030334502270755
negrun,1.2,2025-04,0.27447976269708424,Bull,-4.149986320647181
negrun,1.2,2025-05,0.13724080418374937,Bull,-8.901506871653952
negrun,1.2,2025-06,0.06862040307070522,Bull,-8.901506871653952
negrun,1.2,2025-07,0.03431020186452284,Bull,-8.901506871653952
negrun,1.2,2025-08,0.017155125412381712,Bull,-8.901506871653952
negrun,1.2,2025-09,0.008577622730131669,Bull,-19.894662107505688
negrun,1.2,2025-10,0.004289496036634275,Bull,-19.894662107505688
negrun,1.2,2025-11,0.002144869112684101,Bull,-19.894662107505688
negrun,1.2,2025-12,0.001074768343281393,Bull,-19.894662107505688
negrun,1.2,2026-01,0.0014497348701120207,Bull,-38.630429604794614
negrun,1.2,2026-02,0.0009301410365929464,Bull,
negrun,1.2,2026-03,0.0035937083272411605,Bull,
negrun,1.2,2026-04,0.0023409785719347284,Bull,
negrun,1.2,2026-05,0.5011685811696978,Bull,
negrun,1.2,2026-06,0.658108479029327,Bear,
negrun,1.2,2026-07,0.35579930918396724,Bull,
negrun,2.0,2017-01,,Bull,-2.5032266220640476
negrun,2.0,2017-02,,Bull,-5.37705297443093
negrun,2.0,2017-03,,Bull,-5.37705297443093
negrun,2.0,2017-04,,Bull,-5.37705297443093
negrun,2.0,2017-05,,Bull,-5.37705297443093
negrun,2.0,2017-06,,Bull,-5.37705297443093
negrun,2.0,2017-07,,Bull,-5.106779372261084
negrun,2.0,2017-08,,Bull,-9.022432045446305
negrun,2.0,2017-09,,Bull,-9.022432045446305
negrun,2.0,2017-10,,Bull,-9.022432045446305
negrun,2.0,2017-11,,Bull,-9.022432045446305
negrun,2.0,2017-12,,Bull,-10.92876031296578
negrun,2.0,2018-01,0.9929935303714662,Bear,-12.107655925343652
negrun,2.0,2018-02,0.9962532369553476,Bear,-10.916038402810212
negrun,2.0,2018-03,0.9981235886117799,Bear,-10.916038402810212
negrun,2.0,2018-04,0.9989895216611533,Bear,-20.646179033749025
negrun,2.0,2018-05,0.9994946853208659,Bear,-19.207231269225268
negrun,2.0,2018-06,0.9253985406148757,Bear,-15.257506834948876
negrun,2.0,2018-07,0.9626992697389825,Bear,-15.357280452694022
negrun,2.0,2018-08,0.9813496343244603,Bear,-15.357280452694022
negrun,2.0,2018-09,0.9906748164236798,Bear,-14.910784013904033
negrun,2.0,2018-10,0.995222124824835,Bear,-6.483795664071157
negrun,2.0,2018-11,0.9976110619067711,Bear,-10.019876469916355
negrun,2.0,2018-12,0.9988055304486407,Bear,-10.019876469916355
negrun,2.0,2019-01,0.9992050899830522,Bear,-10.019876469916355
negrun,2.0,2019-02,0.9992672090160137,Bear,-15.072285771240034
negrun,2.0,2019-03,0.9992556965729801,Bear,-15.072285771240034
negrun,2.0,2019-04,0.6438038626014959,Bear,-13.695177451700369
negrun,2.0,2019-05,0.6730440776083185,Bear,-10.52373122249326
negrun,2.0,2019-06,0.5607552901532376,Bear,-10.368350250142655
negrun,2.0,2019-07,0.7536453189444088,Bear,-6.538316914075426
negrun,2.0,2019-08,0.8754998830864518,Bear,-12.36034800901422
negrun,2.0,2019-09,0.9337491860846114,Bear,-35.70889779916474
negrun,2.0,2019-10,0.963469356581838,Bear,-35.70889779916474
negrun,2.0,2019-11,0.9792042659878529,Bear,-35.70889779916474
negrun,2.0,2019-12,0.7246004906342648,Bear,-35.70889779916474
negrun,2.0,2020-01,0.8623002371043418,Bear,-35.03091217438568
negrun,2.0,2020-02,0.9311501168313753,Bear,-30.09792506344231
negrun,2.0,2020-03,0.9655750478593323,Bear,-7.508801311518287
negrun,2.0,2020-04,0.9820730527008599,Bear,-7.508801311518287
negrun,2.0,2020-05,0.8796132711742372,Bear,-7.508801311518287
negrun,2.0,2020-06,0.6357755565650902,Bear,-7.220151177391654
negrun,2.0,2020-07,0.325260809097512,Bull,-7.253996740571744
negrun,2.0,2020-08,0.16337326115760545,Bull,-7.253996740571744
negrun,2.0,2020-09,0.0823972097715562,Bull,-7.817720647628201
negrun,2.0,2020-10,0.04228599918940123,Bull,-7.817720647628201
negrun,2.0,2020-11,0.02376501014550082,Bull,-7.817720647628201
negrun,2.0,2020-12,0.03200572998072947,Bull,-7.817720647628201
negrun,2.0,2021-01,0.016006277355206256,Bull,-6.484782512052478
negrun,2.0,2021-02,0.008007710289482441,Bull,-7.403461627668206
negrun,2.0,2021-03,0.004008935776998506,Bull,-7.41072259557074
negrun,2.0,2021-04,0.0020122087759955414,Bull,-12.008311333757815
negrun,2.0,2021-05,0.001018094313062988,Bull,-14.105002607448291
negrun,2.0,2021-06,0.0005254015309353874,Bull,-14.105002607448291
negrun,2.0,2021-07,0.00037803243055161665,Bull,-20.29917010731119
negrun,2.0,2021-08,0.00027788185246453294,Bull,-18.476031508636524
negrun,2.0,2021-09,0.0005081695020710407,Bull,-14.804715428229386
negrun,2.0,2021-10,0.0011694077364099657,Bull,-13.700956530435404
negrun,2.0,2021-11,0.5005846850043396,Bull,-15.826997871484672
negrun,2.0,2021-12,0.32329429077223265,Bull,-22.578311680558038
negrun,2.0,2022-01,0.1655112252443337,Bull,-17.313566132999235
negrun,2.0,2022-02,0.09060213738423839,Bull,-16.93207993889052
negrun,2.0,2022-03,0.06897534871421404,Bull,-21.879891694006993
negrun,2.0,2022-04,0.12725445986235362,Bull,-20.0204095960431
negrun,2.0,2022-05,0.0949202578853609,Bull,-19.74794040710648
negrun,2.0,2022-06,0.14318372180736733,Bull,-14.92113843121784
negrun,2.0,2022-07,0.13500998012551768,Bull,-14.92113843121784
negrun,2.0,2022-08,0.14840633964807018,Bull,-12.805568347769302
negrun,2.0,2022-09,0.5742031690709412,Bull,-10.650944354368285
negrun,2.0,2022-10,0.6590347904271265,Bear,-10.650944354368285
negrun,2.0,2022-11,0.5328436819121374,Bear,-10.531330529144933
negrun,2.0,2022-12,0.7664150529689249,Bear,-5.436753639916714
negrun,2.0,2023-01,0.7844431664831748,Bear,-5.422280511656896
negrun,2.0,2023-02,0.3932593131822176,Bull,-6.095455469581212
negrun,2.0,2023-03,0.1967893463134335,Bull,-7.652596010790235
negrun,2.0,2023-04,0.0985663004217041,Bull,-14.588296075938468
negrun,2.0,2023-05,0.04943135520532735,Bull,-14.588296075938468
negrun,2.0,2023-06,0.024807734811428055,Bull,-14.588296075938468
negrun,2.0,2023-07,0.012791106997336911,Bull,-14.588296075938468
negrun,2.0,2023-08,0.006673722753909273,Bull,-12.42811367563088
negrun,2.0,2023-09,0.005861128498310341,Bull,-8.761303280623856
negrun,2.0,2023-10,0.5029205354639616,Bull,-8.761303280623856
negrun,2.0,2023-11,0.2531621390856675,Bull,-8.761303280623856
negrun,2.0,2023-12,0.12677160840471408,Bull,-8.761303280623856
negrun,2.0,2024-01,0.06454348358253655,Bull,-6.271472847747561
negrun,2.0,2024-02,0.03254049145532158,Bull,-15.556748011689637
negrun,2.0,2024-03,0.016467171104967208,Bull,-15.556748011689637
negrun,2.0,2024-04,0.008346653577760516,Bull,-15.556748011689637
negrun,2.0,2024-05,0.00492801271910002,Bull,-16.410672322905484
negrun,2.0,2024-06,0.0026585120041561572,Bull,-18.35716885207005
negrun,2.0,2024-07,0.0025094480871222027,Bull,-15.01612366365288
negrun,2.0,2024-08,0.0017311380805929857,Bull,-11.951507716337185
negrun,2.0,2024-09,0.001974132739391137,Bull,-10.361688207723441
negrun,2.0,2024-10,0.004393665248847014,Bull,-14.142513086077047
negrun,2.0,2024-11,0.4679561345037766,Bull,-14.142513086077047
negrun,2.0,2024-12,0.27823580716086116,Bull,-14.142513086077047
negrun,2.0,2025-01,0.14644076907144618,Bull,-14.142513086077047
negrun,2.0,2025-02,0.08153893030320204,Bull,-13.246896601141799
negrun,2.0,2025-03,0.5407694606681507,Bull,-9.030334502270755
negrun,2.0,2025-04,0.28265863944603253,Bull,-4.149986320647181
negrun,2.0,2025-05,0.14132994763653042,Bull,-8.901506871653952
negrun,2.0,2025-06,0.07066497438612616,Bull,-8.901506871653952
negrun,2.0,2025-07,0.03533248738436132,Bull,-8.901506871653952
negrun,2.0,2025-08,0.017666257931692804,Bull,-8.901506871653952
negrun,2.0,2025-09,0.008833163900829619,Bull,-19.894662107505688
negrun,2.0,2025-10,0.004416980629514703,Bull,-19.894662107505688
negrun,2.0,2025-11,0.0022085608548190533,Bull,-19.894662107505688
negrun,2.0,2025-12,0.0011056404330548632,Bull,-19.894662107505688
negrun,2.0,2026-01,0.0010798634026045737,Bull,-38.630429604794614
negrun,2.0,2026-02,0.0006591468400225826,Bull,
negrun,2.0,2026-03,0.0021577851417898565,Bull,
negrun,2.0,2026-04,0.0013966508234470741,Bull,
negrun,2.0,2026-05,0.5006950694907292,Bull,
negrun,2.0,2026-06,0.6104461673850208,Bear,
negrun,2.0,2026-07,0.319620512786209,Bull,
negrun,4.0,2017-01,,Bull,-2.5032266220640476
negrun,4.0,2017-02,,Bull,-5.37705297443093
negrun,4.0,2017-03,,Bull,-5.37705297443093
negrun,4.0,2017-04,,Bull,-5.37705297443093
negrun,4.0,2017-05,,Bull,-5.37705297443093
negrun,4.0,2017-06,,Bull,-5.37705297443093
negrun,4.0,2017-07,,Bull,-5.106779372261084
negrun,4.0,2017-08,,Bull,-9.022432045446305
negrun,4.0,2017-09,,Bull,-9.022432045446305
negrun,4.0,2017-10,,Bull,-9.022432045446305
negrun,4.0,2017-11,,Bull,-9.022432045446305
negrun,4.0,2017-12,,Bull,-10.92876031296578
negrun,4.0,2018-01,0.9929935303714662,Bear,-12.107655925343652
negrun,4.0,2018-02,0.9962532369553476,Bear,-10.916038402810212
negrun,4.0,2018-03,0.9981235886117799,Bear,-10.916038402810212
negrun,4.0,2018-04,0.9989895216611533,Bear,-20.646179033749025
negrun,4.0,2018-05,0.9994947581623281,Bear,-19.207231269225268
negrun,4.0,2018-06,0.9991410771643486,Bear,-15.257506834948876
negrun,4.0,2018-07,0.9995705380821266,Bear,-15.357280452694022
negrun,4.0,2018-08,0.9997852685407593,Bear,-15.357280452694022
negrun,4.0,2018-09,0.9998926337692374,Bear,-14.910784013904033
negrun,4.0,2018-10,0.9999458764387426,Bear,-6.483795664071157
negrun,4.0,2018-11,0.9999729377193451,Bear,-10.019876469916355
negrun,4.0,2018-12,0.9999864683596462,Bear,-10.019876469916355
negrun,4.0,2019-01,0.999991955892152,Bear,-10.019876469916355
negrun,4.0,2019-02,0.9999935999001315,Bear,-15.072285771240034
negrun,4.0,2019-03,0.9999938834183593,Bear,-15.072285771240034
negrun,4.0,2019-04,0.548401911912825,Bear,-13.695177451700369
negrun,4.0,2019-05,0.455734604833657,Bear,-10.52373122249326
negrun,4.0,2019-06,0.32593619127587237,Bull,-10.368350250142655
negrun,4.0,2019-07,0.6056751849340594,Bear,-6.538316914075426
negrun,4.0,2019-08,0.8015104092959098,Bear,-12.36034800901422
negrun,4.0,2019-09,0.8998026559929757,Bear,-35.70889779916474
negrun,4.0,2019-10,0.9495026187500833,Bear,-35.70889779916474
negrun,4.0,2019-11,0.9745932349732385,Bear,-35.70889779916474
negrun,4.0,2019-12,0.5666663342909154,Bear,-35.70889779916474
negrun,4.0,2020-01,0.7833330837298367,Bear,-35.03091217438568
negrun,4.0,2020-02,0.8916665383298582,Bear,-30.09792506344231
negrun,4.0,2020-03,0.9458332551328084,Bear,-7.508801311518287
negrun,4.0,2020-04,0.9723959573670612,Bear,-7.508801311518287
negrun,4.0,2020-05,0.702381347181034,Bear,-7.508801311518287
negrun,4.0,2020-06,0.3978872763222555,Bull,-7.220151177391654
negrun,4.0,2020-07,0.19990386348751585,Bull,-7.253996740571744
negrun,4.0,2020-08,0.10011247567082927,Bull,-7.253996740571744
negrun,4.0,2020-09,0.050226642290908355,Bull,-7.817720647628201
negrun,4.0,2020-10,0.02538046510241636,Bull,-7.817720647628201
negrun,4.0,2020-11,0.01335128660080729,Bull,-7.817720647628201
negrun,4.0,2020-12,0.011979850744152844,Bull,-7.817720647628201
negrun,4.0,2021-01,0.005990820574130648,Bull,-6.484782512052478
negrun,4.0,2021-02,0.0029966329895686696,Bull,-7.403461627668206
negrun,4.0,2021-03,0.0014997007340027963,Bull,-7.41072259557074
negrun,4.0,2021-04,0.000751997186298283,Bull,-12.008311333757815
negrun,4.0,2021-05,0.00037938093704636684,Bull,-14.105002607448291
negrun,4.0,2021-06,0.0001943800968838614,Bull,-14.105002607448291
negrun,4.0,2021-07,0.0001307885513333775,Bull,-20.29917010731119
negrun,4.0,2021-08,9.162541678626329e-05,Bull,-18.476031508636524
negrun,4.0,2021-09,0.0002626415689536279,Bull,-14.804715428229386
negrun,4.0,2021-10,0.0011959540149056149,Bull,-13.700956530435404
negrun,4.0,2021-11,0.5005979685345086,Bull,-15.826997871484672
negrun,4.0,2021-12,0.4695360387930817,Bull,-22.578311680558038
negrun,4.0,2022-01,0.2688729913915646,Bull,-17.313566132999235
negrun,4.0,2022-02,0.23535628566743072,Bull,-16.93207993889052
negrun,4.0,2022-03,0.4157384267934331,Bull,-21.879891694006993
negrun,4.0,2022-04,0.6788589021358316,Bear,-20.0204095960431
negrun,4.0,2022-05,0.7887385296843616,Bear,-19.74794040710648
negrun,4.0,2022-06,0.8795246964356339,Bear,-14.92113843121784
negrun,4.0,2022-07,0.916121885972128,Bear,-14.92113843121784
negrun,4.0,2022-08,0.9184381441913468,Bear,-12.805568347769302
negrun,4.0,2022-09,0.9592190715926323,Bear,-10.650944354368285
negrun,4.0,2022-10,0.9787094581143081,Bear,-10.650944354368285
negrun,4.0,2022-11,0.9888554931112157,Bear,-10.531330529144933
negrun,4.0,2022-12,0.9944277417163567,Bear,-5.436753639916714
negrun,4.0,2023-01,0.9966210771128875,Bear,-5.422280511656896
negrun,4.0,2023-02,0.4985273432399862,Bear,-6.095455469581212
negrun,4.0,2023-03,0.2492892848598212,Bull,-7.652596010790235
negrun,4.0,2023-04,0.1246721584688097,Bull,-14.588296075938468
negrun,4.0,2023-05,0.062360615563696264,Bull,-14.588296075938468
negrun,4.0,2023-06,0.03119607002156279,Bull,-14.588296075938468
negrun,4.0,2023-07,0.015666991825555046,Bull,-14.588296075938468
negrun,4.0,2023-08,0.007885150665689148,Bull,-12.42811367563088
negrun,4.0,2023-09,0.004677631979756119,Bull,-8.761303280623856
negrun,4.0,2023-10,0.5023164235706518,Bull,-8.761303280623856
negrun,4.0,2023-11,0.25152061135607523,Bull,-8.761303280623856
negrun,4.0,2023-12,0.1258021797357298,Bull,-8.761303280623856
negrun,4.0,2024-01,0.06330982463152716,Bull,-6.271472847747561
negrun,4.0,2024-02,0.0317208638354115,Bull,-15.556748011689637
negrun,4.0,2024-03,0.01591155899194096,Bull,-15.556748011689637
negrun,4.0,2024-04,0.007985139680431807,Bull,-15.556748011689637
negrun,4.0,2024-05,0.004190705100541351,Bull,-16.410672322905484
negrun,4.0,2024-06,0.0021471962429651967,Bull,-18.35716885207005
negrun,4.0,2024-07,0.0013976883011022963,Bull,-15.01612366365288
negrun,4.0,2024-08,0.0008333630528396951,Bull,-11.951507716337185
negrun,4.0,2024-09,0.0009077591112228597,Bull,-10.361688207723441
negrun,4.0,2024-10,0.0028093610989027677,Bull,-14.142513086077047
negrun,4.0,2024-11,0.4695458163531056,Bull,-14.142513086077047
negrun,4.0,2024-12,0.30202410622765574,Bull,-14.142513086077047
negrun,4.0,2025-01,0.16776723678622535,Bull,-14.142513086077047
negrun,4.0,2025-02,0.10878644605478659,Bull,-13.246896601141799
negrun,4.0,2025-03,0.5543932216567274,Bull,-9.030334502270755
negrun,4.0,2025-04,0.3555278911497899,Bull,-4.149986320647181
negrun,4.0,2025-05,0.17776436145510646,Bull,-8.901506871653952
negrun,4.0,2025-06,0.08888218086473436,Bull,-8.901506871653952
negrun,4.0,2025-07,0.044441090479539085,Bull,-8.901506871653952
negrun,4.0,2025-08,0.022220548787846007,Bull,-8.901506871653952
negrun,4.0,2025-09,0.011110283157581944,Bull,-19.894662107505688
negrun,4.0,2025-10,0.005555242131424772,Bull,-19.894662107505688
negrun,4.0,2025-11,0.0027776389378156253,Bull,-19.894662107505688
negrun,4.0,2025-12,0.0013891655375360432,Bull,-19.894662107505688
negrun,4.0,2026-01,0.0008228620846425444,Bull,-38.630429604794614
negrun,4.0,2026-02,0.00044097877104255307,Bull,
negrun,4.0,2026-03,0.0006813720238220052,Bull,
negrun,4.0,2026-04,0.00042138193915750813,Bull,
negrun,4.0,2026-05,0.500197989241364,Bull,
negrun,4.0,2026-06,0.45089357831926025,Bull,
negrun,4.0,2026-07,0.2278024911206512,Bull,
negrun,8.0,2017-01,,Bull,-2.5032266220640476
negrun,8.0,2017-02,,Bull,-5.37705297443093
negrun,8.0,2017-03,,Bull,-5.37705297443093
negrun,8.0,2017-04,,Bull,-5.37705297443093
negrun,8.0,2017-05,,Bull,-5.37705297443093
negrun,8.0,2017-06,,Bull,-5.37705297443093
negrun,8.0,2017-07,,Bull,-5.106779372261084
negrun,8.0,2017-08,,Bull,-9.022432045446305
negrun,8.0,2017-09,,Bull,-9.022432045446305
negrun,8.0,2017-10,,Bull,-9.022432045446305
negrun,8.0,2017-11,,Bull,-9.022432045446305
negrun,8.0,2017-12,,Bull,-10.92876031296578
negrun,8.0,2018-01,0.9929935303714662,Bear,-12.107655925343652
negrun,8.0,2018-02,0.9962532369553476,Bear,-10.916038402810212
negrun,8.0,2018-03,0.9981235886117799,Bear,-10.916038402810212
negrun,8.0,2018-04,0.9989895216611533,Bear,-20.646179033749025
negrun,8.0,2018-05,0.9994947581623281,Bear,-19.207231269225268
negrun,8.0,2018-06,0.9991410771643485,Bear,-15.257506834948876
negrun,8.0,2018-07,0.9995705380821305,Bear,-15.357280452694022
negrun,8.0,2018-08,0.9997852685407893,Bear,-15.357280452694022
negrun,8.0,2018-09,0.9998926337693755,Bear,-14.910784013904033
negrun,8.0,2018-10,0.9999462171282922,Bear,-6.483795664071157
negrun,8.0,2018-11,0.9999731080641407,Bear,-10.019876469916355
negrun,8.0,2018-12,0.9999865535320671,Bear,-10.019876469916355
negrun,8.0,2019-01,0.9999931189281112,Bear,-10.019876469916355
negrun,8.0,2019-02,0.999996307379502,Bear,-15.072285771240034
negrun,8.0,2019-03,0.9999978904688356,Bear,-15.072285771240034
negrun,8.0,2019-04,0.5037008480908954,Bear,-13.695177451700369
negrun,8.0,2019-05,0.2698846865781147,Bull,-10.52373122249326
negrun,8.0,2019-06,0.15315903976058198,Bull,-10.368350250142655
negrun,8.0,2019-07,0.5014398563845978,Bull,-6.538316914075426
negrun,8.0,2019-08,0.7501594122470372,Bear,-12.36034800901422
negrun,8.0,2019-09,0.875036370376225,Bear,-35.70889779916474
negrun,8.0,2019-10,0.937512789957418,Bear,-35.70889779916474
negrun,8.0,2019-11,0.9687555603059419,Bear,-35.70889779916474
negrun,8.0,2019-12,0.488500271918221,Bear,-35.70889779916474
negrun,8.0,2020-01,0.7442332645425016,Bear,-35.03091217438568
negrun,8.0,2020-02,0.8721166132574769,Bear,-30.09792506344231
negrun,8.0,2020-03,0.9360582820226528,Bear,-7.508801311518287
negrun,8.0,2020-04,0.9677581985161616,Bear,-7.508801311518287
negrun,8.0,2020-05,0.5016685471059056,Bear,-7.508801311518287
negrun,8.0,2020-06,0.2512223198147109,Bull,-7.220151177391654
negrun,8.0,2020-07,0.1256240923826257,Bull,-7.253996740571744
negrun,8.0,2020-08,0.06282041663176591,Bull,-7.253996740571744
negrun,8.0,2020-09,0.03142000270796812,Bull,-7.817720647628201
negrun,8.0,2020-10,0.01572606978675855,Bull,-7.817720647628201
negrun,8.0,2020-11,0.00790473770800628,Bull,-7.817720647628201
negrun,8.0,2020-12,0.004301662789146414,Bull,-7.817720647628201
negrun,8.0,2021-01,0.002150892998743887,Bull,-6.484782512052478
negrun,8.0,2021-02,0.0010755339542736508,Bull,-7.403461627668206
negrun,8.0,2021-03,0.000537869718845508,Bull,-7.41072259557074
negrun,8.0,2021-04,0.00026909995769879263,Bull,-12.008311333757815
negrun,8.0,2021-05,0.0001348191008224511,Bull,-14.105002607448291
negrun,8.0,2021-06,6.779508970864771e-05,Bull,-14.105002607448291
negrun,8.0,2021-07,3.674800593708887e-05,Bull,-20.29917010731119
negrun,8.0,2021-08,2.066438722193879e-05,Bull,-18.476031508636524
negrun,8.0,2021-09,8.523583326623864e-05,Bull,-14.804715428229386
negrun,8.0,2021-10,0.0014890071204259488,Bull,-13.700956530435404
negrun,8.0,2021-11,0.5007445015578545,Bull,-15.826997871484672
negrun,8.0,2021-12,0.7214528070708666,Bear,-22.578311680558038
negrun,8.0,2022-01,0.8360808607683645,Bear,-17.313566132999235
negrun,8.0,2022-02,0.9162069041962105,Bear,-16.93207993889052
negrun,8.0,2022-03,0.9580363494852966,Bear,-21.879891694006993
negrun,8.0,2022-04,0.9790109782462507,Bear,-20.0204095960431
negrun,8.0,2022-05,0.9894933088021074,Bear,-19.74794040710648
negrun,8.0,2022-06,0.9947442367597641,Bear,-14.92113843121784
negrun,8.0,2022-07,0.9973612583858942,Bear,-14.92113843121784
negrun,8.0,2022-08,0.9986674683597977,Bear,-12.805568347769302
negrun,8.0,2022-09,0.9993337336798984,Bear,-10.650944354368285
negrun,8.0,2022-10,0.999659497557827,Bear,-10.650944354368285
negrun,8.0,2022-11,0.9998225359283115,Bear,-10.531330529144933
negrun,8.0,2022-12,0.9999112674272242,Bear,-5.436753639916714
negrun,8.0,2023-01,0.9999442375560756,Bear,-5.422280511656896
negrun,8.0,2023-02,0.4999785505928894,Bear,-6.095455469581212
negrun,8.0,2023-03,0.24999003210888096,Bull,-7.652596010790235
negrun,8.0,2023-04,0.12499583084973775,Bull,-14.588296075938468
negrun,8.0,2023-05,0.0624986590740473,Bull,-14.588296075938468
negrun,8.0,2023-06,0.031249828591011827,Bull,-14.588296075938468
negrun,8.0,2023-07,0.015627234537551462,Bull,-14.588296075938468
negrun,8.0,2023-08,0.007815489009381008,Bull,-12.42811367563088
negrun,8.0,2023-09,0.003972098710820201,Bull,-8.761303280623856
negrun,8.0,2023-10,0.5018785631782816,Bull,-8.761303280623856
negrun,8.0,2023-11,0.2509556366863386,Bull,-8.761303280623856
negrun,8.0,2023-12,0.12547990349555457,Bull,-8.761303280623856
negrun,8.0,2024-01,0.0627907875705258,Bull,-6.271472847747561
negrun,8.0,2024-02,0.03139938670267252,Bull,-15.556748011689637
negrun,8.0,2024-03,0.015703139050369512,Bull,-15.556748011689637
negrun,8.0,2024-04,0.007853548209164474,Bull,-15.556748011689637
negrun,8.0,2024-05,0.003940395120669067,Bull,-16.410672322905484
negrun,8.0,2024-06,0.001973890243584111,Bull,-18.35716885207005
negrun,8.0,2024-07,0.001011282951775142,Bull,-15.01612366365288
negrun,8.0,2024-08,0.000516391929272791,Bull,-11.951507716337185
negrun,8.0,2024-09,0.00035424009437319776,Bull,-10.361688207723441
negrun,8.0,2024-10,0.0013006273696193572,Bull,-14.142513086077047
negrun,8.0,2024-11,0.47304132324590614,Bull,-14.142513086077047
negrun,8.0,2024-12,0.37845132496967515,Bull,-14.142513086077047
negrun,8.0,2025-01,0.262648061427533,Bull,-14.142513086077047
negrun,8.0,2025-02,0.3092413907972673,Bull,-13.246896601141799
negrun,8.0,2025-03,0.6546206948689444,Bear,-9.030334502270755
negrun,8.0,2025-04,0.7823554048319262,Bear,-4.149986320647181
negrun,8.0,2025-05,0.3911778333890052,Bull,-8.901506871653952
negrun,8.0,2025-06,0.1955889166993322,Bull,-8.901506871653952
negrun,8.0,2025-07,0.09779445835174505,Bull,-8.901506871653952
negrun,8.0,2025-08,0.04889722934831937,Bull,-8.901506871653952
negrun,8.0,2025-09,0.024448615126423497,Bull,-19.894662107505688
negrun,8.0,2025-10,0.01222431299366309,Bull,-19.894662107505688
negrun,8.0,2025-11,0.006112157500768522,Bull,-19.894662107505688
negrun,8.0,2025-12,0.0030560989028024965,Bull,-19.894662107505688
negrun,8.0,2026-01,0.0015362543013560544,Bull,-38.630429604794614
negrun,8.0,2026-02,0.0007700468703133095,Bull,
negrun,8.0,2026-03,0.00041538231800512473,Bull,
negrun,8.0,2026-04,0.00021304994791501256,Bull,
negrun,8.0,2026-05,0.4999166806466879,Bull,
negrun,8.0,2026-06,0.27176951548319156,Bull,
negrun,8.0,2026-07,0.13592766517402083,Bull,
negrun,16.0,2017-01,,Bull,-2.5032266220640476
negrun,16.0,2017-02,,Bull,-5.37705297443093
negrun,16.0,2017-03,,Bull,-5.37705297443093
negrun,16.0,2017-04,,Bull,-5.37705297443093
negrun,16.0,2017-05,,Bull,-5.37705297443093
negrun,16.0,2017-06,,Bull,-5.37705297443093
negrun,16.0,2017-07,,Bull,-5.106779372261084
negrun,16.0,2017-08,,Bull,-9.022432045446305
negrun,16.0,2017-09,,Bull,-9.022432045446305
negrun,16.0,2017-10,,Bull,-9.022432045446305
negrun,16.0,2017-11,,Bull,-9.022432045446305
negrun,16.0,2017-12,,Bull,-10.92876031296578
negrun,16.0,2018-01,0.9929935303714662,Bear,-12.107655925343652
negrun,16.0,2018-02,0.9962532369553476,Bear,-10.916038402810212
negrun,16.0,2018-03,0.9981235886117799,Bear,-10.916038402810212
negrun,16.0,2018-04,0.9989895216611533,Bear,-20.646179033749025
negrun,16.0,2018-05,0.9994947581623281,Bear,-19.207231269225268
negrun,16.0,2018-06,0.9991410771643485,Bear,-15.257506834948876
negrun,16.0,2018-07,0.9995705380821305,Bear,-15.357280452694022
negrun,16.0,2018-08,0.9997852685407893,Bear,-15.357280452694022
negrun,16.0,2018-09,0.9998926337693756,Bear,-14.910784013904033
negrun,16.0,2018-10,0.9999462171282923,Bear,-6.483795664071157
negrun,16.0,2018-11,0.9999731080641407,Bear,-10.019876469916355
negrun,16.0,2018-12,0.9999865535320672,Bear,-10.019876469916355
negrun,16.0,2019-01,0.9999931189281113,Bear,-10.019876469916355
negrun,16.0,2019-02,0.999996307379502,Bear,-15.072285771240034
negrun,16.0,2019-03,0.9999978904688356,Bear,-15.072285771240034
negrun,16.0,2019-04,0.5000170048068567,Bear,-13.695177451700369
negrun,16.0,2019-05,0.2505977147865192,Bull,-10.52373122249326
negrun,16.0,2019-06,0.13156793759559465,Bull,-10.368350250142655
negrun,16.0,2019-07,0.5456890715259011,Bull,-6.538316914075426
negrun,16.0,2019-08,0.772839576329966,Bear,-12.36034800901422
negrun,16.0,2019-09,0.886419682869719,Bear,-35.70889779916474
negrun,16.0,2019-10,0.9432097156686423,Bear,-35.70889779916474
negrun,16.0,2019-11,0.9716047044677678,Bear,-35.70889779916474
negrun,16.0,2019-12,0.4858102804417045,Bear,-35.70889779916474
negrun,16.0,2020-01,0.741182580946022,Bear,-35.03091217438568
negrun,16.0,2020-02,0.8705905754356351,Bear,-30.09792506344231
negrun,16.0,2020-03,0.9352952075720411,Bear,-7.508801311518287
negrun,16.0,2020-04,0.9675705629310464,Bear,-7.508801311518287
negrun,16.0,2020-05,0.4838261105334185,Bear,-7.508801311518287
negrun,16.0,2020-06,0.2419132422194697,Bull,-7.220151177391654
negrun,16.0,2020-07,0.12095665413050562,Bull,-7.253996740571744
negrun,16.0,2020-08,0.06047835241275408,Bull,-7.253996740571744
negrun,16.0,2020-09,0.030239208942059007,Bull,-7.817720647628201
negrun,16.0,2020-10,0.015119663398983046,Bull,-7.817720647628201
negrun,16.0,2020-11,0.007559998728936574,Bull,-7.817720647628201
negrun,16.0,2020-12,0.0037815171471799972,Bull,-7.817720647628201
negrun,16.0,2021-01,0.0018907588649235403,Bull,-6.484782512052478
negrun,16.0,2021-02,0.0009453798790919152,Bull,-7.403461627668206
negrun,16.0,2021-03,0.0004726905042686308,Bull,-7.41072259557074
negrun,16.0,2021-04,0.00023634622574809515,Bull,-12.008311333757815
negrun,16.0,2021-05,0.00011817481058224999,Bull,-14.105002607448291
negrun,16.0,2021-06,5.908999973164655e-05,Bull,-14.105002607448291
negrun,16.0,2021-07,2.9565408523294876e-05,Bull,-20.29917010731119
negrun,16.0,2021-08,1.4800105292028632e-05,Bull,-18.476031508636524
negrun,16.0,2021-09,1.6283044725827517e-05,Bull,-14.804715428229386
negrun,16.0,2021-10,0.002667922921965996,Bull,-13.700956530435404
negrun,16.0,2021-11,0.5013339609082117,Bull,-15.826997871484672
negrun,16.0,2021-12,0.7505964439672832,Bear,-22.578311680558038
negrun,16.0,2022-01,0.8752844427049811,Bear,-17.313566132999235
negrun,16.0,2022-02,0.9376297351802719,Bear,-16.93207993889052
negrun,16.0,2022-03,0.9688030074162608,Bear,-21.879891694006993
negrun,16.0,2022-04,0.9843943277547497,Bear,-20.0204095960431
negrun,16.0,2022-05,0.992184999627175,Bear,-19.74794040710648
negrun,16.0,2022-06,0.996090087198725,Bear,-14.92113843121784
negrun,16.0,2022-07,0.9980341848427142,Bear,-14.92113843121784
negrun,16.0,2022-08,0.9990039338444209,Bear,-12.805568347769302
negrun,16.0,2022-09,0.99950196642221,Bear,-10.650944354368285
negrun,16.0,2022-10,0.9997436139289828,Bear,-10.650944354368285
negrun,16.0,2022-11,0.9998645941138895,Bear,-10.531330529144933
negrun,16.0,2022-12,0.9999322965200133,Bear,-5.436753639916714
negrun,16.0,2023-01,0.9999547521024701,Bear,-5.422280511656896
negrun,16.0,2023-02,0.499977390615921,Bear,-6.095455469581212
negrun,16.0,2023-03,0.24998870477823137,Bull,-7.652596010790235
negrun,16.0,2023-04,0.124994366083835,Bull,-14.588296075938468
negrun,16.0,2023-05,0.062497190958565346,Bull,-14.588296075938468
negrun,16.0,2023-06,0.03124859908932638,Bull,-14.588296075938468
negrun,16.0,2023-07,0.015624318835205729,Bull,-14.588296075938468
negrun,16.0,2023-08,0.007812170644060049,Bull,-12.42811367563088
negrun,16.0,2023-09,0.003906577480205143,Bull,-8.761303280623856
negrun,16.0,2023-10,0.49950183752492744,Bull,-8.761303280623856
negrun,16.0,2023-11,0.2497509519873415,Bull,-8.761303280623856
negrun,16.0,2023-12,0.12487548972323911,Bull,-8.761303280623856
negrun,16.0,2024-01,0.06243853062198006,Bull,-6.271472847747561
negrun,16.0,2024-02,0.03121928001536541,Bull,-15.556748011689637
negrun,16.0,2024-03,0.015609655652397633,Bull,-15.556748011689637
negrun,16.0,2024-04,0.00780483680969521,Bull,-15.556748011689637
negrun,16.0,2024-05,0.003902482707916575,Bull,-16.410672322905484
negrun,16.0,2024-06,0.001951260109659142,Bull,-18.35716885207005
negrun,16.0,2024-07,0.0009757670607622412,Bull,-15.01612366365288
negrun,16.0,2024-08,0.00048795227172804745,Bull,-11.951507716337185
negrun,16.0,2024-09,0.00024764184810127253,Bull,-10.361688207723441
negrun,16.0,2024-10,0.0003788669390392391,Bull,-14.142513086077047
negrun,16.0,2024-11,0.4795778084557257,Bull,-14.142513086077047
negrun,16.0,2024-12,0.6005034498722184,Bear,-14.142513086077047
negrun,16.0,2025-01,0.7430015147946385,Bear,-14.142513086077047
negrun,16.0,2025-02,0.8693569767492404,Bear,-13.246896601141799
negrun,16.0,2025-03,0.9346784878746125,Bear,-9.030334502270755
negrun,16.0,2025-04,0.9672507987359313,Bear,-4.149986320647181
negrun,16.0,2025-05,0.4836254000300609,Bear,-8.901506871653952
negrun,16.0,2025-06,0.24181270001505023,Bull,-8.901506871653952
negrun,16.0,2025-07,0.12090635000753408,Bull,-8.901506871653952
negrun,16.0,2025-08,0.06045317500452459,Bull,-8.901506871653952
negrun,16.0,2025-09,0.03022658750427033,Bull,-19.894662107505688
negrun,16.0,2025-10,0.015113293776430085,Bull,-19.894662107505688
negrun,16.0,2025-11,0.0075566468927362445,Bull,-19.894662107505688
negrun,16.0,2025-12,0.0037783235376503844,Bull,-19.894662107505688
negrun,16.0,2026-01,0.0018891996168689824,Bull,-38.630429604794614
negrun,16.0,2026-02,0.0009446086682237429,Bull,
negrun,16.0,2026-03,0.0004724445107119497,Bull,
negrun,16.0,2026-04,0.00023624700307564987,Bull,
negrun,16.0,2026-05,0.46212873276876265,Bull,
negrun,16.0,2026-06,0.23116576597231253,Bull,
negrun,16.0,2026-07,0.11558321919252369,Bull,
ddpeak,0.0,2017-01,,Bull,-2.5032266220640476
ddpeak,0.0,2017-02,,Bull,-5.37705297443093
ddpeak,0.0,2017-03,,Bull,-5.37705297443093
ddpeak,0.0,2017-04,,Bull,-5.37705297443093
ddpeak,0.0,2017-05,,Bull,-5.37705297443093
ddpeak,0.0,2017-06,,Bull,-5.37705297443093
ddpeak,0.0,2017-07,,Bull,-5.106779372261084
ddpeak,0.0,2017-08,,Bull,-9.022432045446305
ddpeak,0.0,2017-09,,Bull,-9.022432045446305
ddpeak,0.0,2017-10,,Bull,-9.022432045446305
ddpeak,0.0,2017-11,,Bull,-9.022432045446305
ddpeak,0.0,2017-12,,Bull,-10.92876031296578
ddpeak,0.0,2018-01,0.9929935303714662,Bear,-12.107655925343652
ddpeak,0.0,2018-02,0.9962532369553476,Bear,-10.916038402810212
ddpeak,0.0,2018-03,0.9981235886117799,Bear,-10.916038402810212
ddpeak,0.0,2018-04,0.9989895216611533,Bear,-20.646179033749025
ddpeak,0.0,2018-05,0.9992716403163012,Bear,-19.207231269225268
ddpeak,0.0,2018-06,0.5014972343715908,Bear,-15.257506834948876
ddpeak,0.0,2018-07,0.7507485529567293,Bear,-15.357280452694022
ddpeak,0.0,2018-08,0.8753742546530872,Bear,-15.357280452694022
ddpeak,0.0,2018-09,0.9376870426358723,Bear,-14.910784013904033
ddpeak,0.0,2018-10,0.9395696012904465,Bear,-6.483795664071157
ddpeak,0.0,2018-11,0.9697847987673579,Bear,-10.019876469916355
ddpeak,0.0,2018-12,0.984892398043431,Bear,-10.019876469916355
ddpeak,0.0,2019-01,0.963464897203322,Bear,-10.019876469916355
ddpeak,0.0,2019-02,0.9295975835654118,Bear,-15.072285771240034
ddpeak,0.0,2019-03,0.902453374403128,Bear,-15.072285771240034
ddpeak,0.0,2019-04,0.6460374945900216,Bear,-13.695177451700369
ddpeak,0.0,2019-05,0.7244047679411174,Bear,-10.52373122249326
ddpeak,0.0,2019-06,0.6449753367451452,Bear,-10.368350250142655
ddpeak,0.0,2019-07,0.8009562002287769,Bear,-6.538316914075426
ddpeak,0.0,2019-08,0.8979169490992944,Bear,-12.36034800901422
ddpeak,0.0,2019-09,0.9313299465193171,Bear,-35.70889779916474
ddpeak,0.0,2019-10,0.9407108739172892,Bear,-35.70889779916474
ddpeak,0.0,2019-11,0.9393034529325461,Bear,-35.70889779916474
ddpeak,0.0,2019-12,0.8311549139594182,Bear,-35.70889779916474
ddpeak,0.0,2020-01,0.9155774552508598,Bear,-35.03091217438568
ddpeak,0.0,2020-02,0.9577887266352769,Bear,-30.09792506344231
ddpeak,0.0,2020-03,0.9788943553602564,Bear,-7.508801311518287
ddpeak,0.0,2020-04,0.9884694098235316,Bear,-7.508801311518287
ddpeak,0.0,2020-05,0.9642486490392941,Bear,-7.508801311518287
ddpeak,0.0,2020-06,0.8649268583314987,Bear,-7.220151177391654
ddpeak,0.0,2020-07,0.4764901661357419,Bear,-7.253996740571744
ddpeak,0.0,2020-08,0.24181382572600799,Bull,-7.253996740571744
ddpeak,0.0,2020-09,0.12386903308538504,Bull,-7.817720647628201
ddpeak,0.0,2020-10,0.06634385520292993,Bull,-7.817720647628201
ddpeak,0.0,2020-11,0.043487331073912866,Bull,-7.817720647628201
ddpeak,0.0,2020-12,0.09265315865472146,Bull,-7.817720647628201
ddpeak,0.0,2021-01,0.04633958624023766,Bull,-6.484782512052478
ddpeak,0.0,2021-02,0.023186885375930225,Bull,-7.403461627668206
ddpeak,0.0,2021-03,0.01161208947849329,Bull,-7.41072259557074
ddpeak,0.0,2021-04,0.005833954738613556,Bull,-12.008311333757815
ddpeak,0.0,2021-05,0.002959476581759335,Bull,-14.105002607448291
ddpeak,0.0,2021-06,0.0015367661561241225,Bull,-14.105002607448291
ddpeak,0.0,2021-07,0.0011641004197655376,Bull,-20.29917010731119
ddpeak,0.0,2021-08,0.0008830600042994826,Bull,-18.476031508636524
ddpeak,0.0,2021-09,0.001071534905584363,Bull,-14.804715428229386
ddpeak,0.0,2021-10,0.0013254653495135273,Bull,-13.700956530435404
ddpeak,0.0,2021-11,0.5006626897483902,Bull,-15.826997871484672
ddpeak,0.0,2021-12,0.268372041715078,Bull,-22.578311680558038
ddpeak,0.0,2022-01,0.13457598270683488,Bull,-17.313566132999235
ddpeak,0.0,2022-02,0.06780048155269512,Bull,-16.93207993889052
ddpeak,0.0,2022-03,0.03482362093113108,Bull,-21.879891694006993
ddpeak,0.0,2022-04,0.019954295171161106,Bull,-20.0204095960431
ddpeak,0.0,2022-05,0.010468123254283675,Bull,-19.74794040710648
ddpeak,0.0,2022-06,0.006459459237332571,Bull,-14.92113843121784
ddpeak,0.0,2022-07,0.00375221907263083,Bull,-14.92113843121784
ddpeak,0.0,2022-08,0.002558800524104594,Bull,-12.805568347769302
ddpeak,0.0,2022-09,0.5012793632318885,Bull,-10.650944354368285
ddpeak,0.0,2022-10,0.2581310263082743,Bull,-10.650944354368285
ddpeak,0.0,2022-11,0.1297338017744414,Bull,-10.531330529144933
ddpeak,0.0,2022-12,0.5628784934364117,Bull,-5.436753639916714
ddpeak,0.0,2023-01,0.2910446361353564,Bull,-5.422280511656896
ddpeak,0.0,2023-02,0.14676812354305543,Bull,-6.095455469581212
ddpeak,0.0,2023-03,0.07452254604643876,Bull,-7.652596010790235
ddpeak,0.0,2023-04,0.038519722607286665,Bull,-14.588296075938468
ddpeak,0.0,2023-05,0.02027057933137156,Bull,-14.588296075938468
ddpeak,0.0,2023-06,0.010725396491735425,Bull,-14.588296075938468
ddpeak,0.0,2023-07,0.007695319395023274,Bull,-14.588296075938468
ddpeak,0.0,2023-08,0.005438692658035123,Bull,-12.42811367563088
ddpeak,0.0,2023-09,0.011726055270345204,Bull,-8.761303280623856
ddpeak,0.0,2023-10,0.5058587436449955,Bull,-8.761303280623856
ddpeak,0.0,2023-11,0.26084308948187296,Bull,-8.761303280623856
ddpeak,0.0,2023-12,0.13132076206168833,Bull,-8.761303280623856
ddpeak,0.0,2024-01,0.06893158207434001,Bull,-6.271472847747561
ddpeak,0.0,2024-02,0.03556322841309125,Bull,-15.556748011689637
ddpeak,0.0,2024-03,0.018540182103923986,Bull,-15.556748011689637
ddpeak,0.0,2024-04,0.00970528737374139,Bull,-15.556748011689637
ddpeak,0.0,2024-05,0.007715800983658372,Bull,-16.410672322905484
ddpeak,0.0,2024-06,0.004589489274598491,Bull,-18.35716885207005
ddpeak,0.0,2024-07,0.006565579020400185,Bull,-15.01612366365288
ddpeak,0.0,2024-08,0.0049732954541842015,Bull,-11.951507716337185
ddpeak,0.0,2024-09,0.004980137642446911,Bull,-10.361688207723441
ddpeak,0.0,2024-10,0.007402863852100558,Bull,-14.142513086077047
ddpeak,0.0,2024-11,0.46676944077697663,Bull,-14.142513086077047
ddpeak,0.0,2024-12,0.26194456247598275,Bull,-14.142513086077047
ddpeak,0.0,2025-01,0.13398469626297002,Bull,-14.142513086077047
ddpeak,0.0,2025-02,0.06954369646537635,Bull,-13.246896601141799
ddpeak,0.0,2025-03,0.534771828585866,Bull,-9.030334502270755
ddpeak,0.0,2025-04,0.269084712960479,Bull,-4.149986320647181
ddpeak,0.0,2025-05,0.13454424800838252,Bull,-8.901506871653952
ddpeak,0.0,2025-06,0.06727212620469383,Bull,-8.901506871653952
ddpeak,0.0,2025-07,0.03363606384170369,Bull,-8.901506871653952
ddpeak,0.0,2025-08,0.016818086881063402,Bull,-8.901506871653952
ddpeak,0.0,2025-09,0.00840917815985673,Bull,-19.894662107505688
ddpeak,0.0,2025-10,0.00420612540405969,Bull,-19.894662107505688
ddpeak,0.0,2025-11,0.00210333437022286,Bull,-19.894662107505688
ddpeak,0.0,2025-12,0.0010569018147659189,Bull,-19.894662107505688
ddpeak,0.0,2026-01,0.0025677749191986452,Bull,-38.630429604794614
ddpeak,0.0,2026-02,0.001736613792855433,Bull,
ddpeak,0.0,2026-03,0.007666577244045056,Bull,
ddpeak,0.0,2026-04,0.005018815504342531,Bull,
ddpeak,0.0,2026-05,0.5025085256421677,Bull,
ddpeak,0.0,2026-06,0.7052653577479172,Bear,
ddpeak,0.0,2026-07,0.41370915338042763,Bear,
ddpeak,0.4,2017-01,,Bull,-2.5032266220640476
ddpeak,0.4,2017-02,,Bull,-5.37705297443093
ddpeak,0.4,2017-03,,Bull,-5.37705297443093
ddpeak,0.4,2017-04,,Bull,-5.37705297443093
ddpeak,0.4,2017-05,,Bull,-5.37705297443093
ddpeak,0.4,2017-06,,Bull,-5.37705297443093
ddpeak,0.4,2017-07,,Bull,-5.106779372261084
ddpeak,0.4,2017-08,,Bull,-9.022432045446305
ddpeak,0.4,2017-09,,Bull,-9.022432045446305
ddpeak,0.4,2017-10,,Bull,-9.022432045446305
ddpeak,0.4,2017-11,,Bull,-9.022432045446305
ddpeak,0.4,2017-12,,Bull,-10.92876031296578
ddpeak,0.4,2018-01,0.9911814694461633,Bear,-12.107655925343652
ddpeak,0.4,2018-02,0.9955182763000519,Bear,-10.916038402810212
ddpeak,0.4,2018-03,0.9977578233690603,Bear,-10.916038402810212
ddpeak,0.4,2018-04,0.9988198295560182,Bear,-20.646179033749025
ddpeak,0.4,2018-05,0.9993154319619857,Bear,-19.207231269225268
ddpeak,0.4,2018-06,0.5054558771044586,Bear,-15.257506834948876
ddpeak,0.4,2018-07,0.7527279153081239,Bear,-15.357280452694022
ddpeak,0.4,2018-08,0.8763639472752178,Bear,-15.357280452694022
ddpeak,0.4,2018-09,0.9381819279617201,Bear,-14.910784013904033
ddpeak,0.4,2018-10,0.960935518346387,Bear,-6.483795664071157
ddpeak,0.4,2018-11,0.9804677581706869,Bear,-10.019876469916355
ddpeak,0.4,2018-12,0.9902338782532085,Bear,-10.019876469916355
ddpeak,0.4,2019-01,0.9758108658627777,Bear,-10.019876469916355
ddpeak,0.4,2019-02,0.9532287938941923,Bear,-15.072285771240034
ddpeak,0.4,2019-03,0.9379179583400499,Bear,-15.072285771240034
ddpeak,0.4,2019-04,0.7131513571723347,Bear,-13.695177451700369
ddpeak,0.4,2019-05,0.7890426842456191,Bear,-10.52373122249326
ddpeak,0.4,2019-06,0.7215135720408794,Bear,-10.368350250142655
ddpeak,0.4,2019-07,0.8466745666827669,Bear,-6.538316914075426
ddpeak,0.4,2019-08,0.9218391072318953,Bear,-12.36034800901422
ddpeak,0.4,2019-09,0.9429997265136291,Bear,-35.70889779916474
ddpeak,0.4,2019-10,0.9446818199413602,Bear,-35.70889779916474
ddpeak,0.4,2019-11,0.9383872440130023,Bear,-35.70889779916474
ddpeak,0.4,2019-12,0.7978536470625077,Bear,-35.70889779916474
ddpeak,0.4,2020-01,0.898926821386093,Bear,-35.03091217438568
ddpeak,0.4,2020-02,0.9494634097928412,Bear,-30.09792506344231
ddpeak,0.4,2020-03,0.9747317011041977,Bear,-7.508801311518287
ddpeak,0.4,2020-04,0.9866135659799142,Bear,-7.508801311518287
ddpeak,0.4,2020-05,0.9644034842583636,Bear,-7.508801311518287
ddpeak,0.4,2020-06,0.8566748321950923,Bear,-7.220151177391654
ddpeak,0.4,2020-07,0.463099318132378,Bear,-7.253996740571744
ddpeak,0.4,2020-08,0.2339325496489389,Bull,-7.253996740571744
ddpeak,0.4,2020-09,0.11892592207956176,Bull,-7.817720647628201
ddpeak,0.4,2020-10,0.06290394738419833,Bull,-7.817720647628201
ddpeak,0.4,2020-11,0.03840117715611498,Bull,-7.817720647628201
ddpeak,0.4,2020-12,0.06911228833555728,Bull,-7.817720647628201
ddpeak,0.4,2021-01,0.03456498893859142,Bull,-6.484782512052478
ddpeak,0.4,2021-02,0.017294203159858582,Bull,-7.403461627668206
ddpeak,0.4,2021-03,0.008659964352646404,Bull,-7.41072259557074
ddpeak,0.4,2021-04,0.0043493621177667745,Bull,-12.008311333757815
ddpeak,0.4,2021-05,0.0022043762961712417,Bull,-14.105002607448291
ddpeak,0.4,2021-06,0.001142271967422253,Bull,-14.105002607448291
ddpeak,0.4,2021-07,0.0009053814483147428,Bull,-20.29917010731119
ddpeak,0.4,2021-08,0.0007088221070125916,Bull,-18.476031508636524
ddpeak,0.4,2021-09,0.001044959721981188,Bull,-14.804715428229386
ddpeak,0.4,2021-10,0.0015685976761063286,Bull,-13.700956530435404
ddpeak,0.4,2021-11,0.5007842735031749,Bull,-15.826997871484672
ddpeak,0.4,2021-12,0.2734415045808717,Bull,-22.578311680558038
ddpeak,0.4,2022-01,0.1376140869097759,Bull,-17.313566132999235
ddpeak,0.4,2022-02,0.06987055483338354,Bull,-16.93207993889052
ddpeak,0.4,2022-03,0.03661108066423766,Bull,-21.879891694006993
ddpeak,0.4,2022-04,0.023317001063434498,Bull,-20.0204095960431
ddpeak,0.4,2022-05,0.012623444262801495,Bull,-19.74794040710648
ddpeak,0.4,2022-06,0.009954952281424106,Bull,-14.92113843121784
ddpeak,0.4,2022-07,0.006208970968334114,Bull,-14.92113843121784
ddpeak,0.4,2022-08,0.0043447640508303045,Bull,-12.805568347769302
ddpeak,0.4,2022-09,0.5021723676548621,Bull,-10.650944354368285
ddpeak,0.4,2022-10,0.2659207038430094,Bull,-10.650944354368285
ddpeak,0.4,2022-11,0.13409394821978943,Bull,-10.531330529144933
ddpeak,0.4,2022-12,0.5657968306808508,Bull,-5.436753639916714
ddpeak,0.4,2023-01,0.2935651940722292,Bull,-5.422280511656896
ddpeak,0.4,2023-02,0.14819878561796787,Bull,-6.095455469581212
ddpeak,0.4,2023-03,0.07512457943776923,Bull,-7.652596010790235
ddpeak,0.4,2023-04,0.03861850772484162,Bull,-14.588296075938468
ddpeak,0.4,2023-05,0.019909875004570084,Bull,-14.588296075938468
ddpeak,0.4,2023-06,0.010319067886824514,Bull,-14.588296075938468
ddpeak,0.4,2023-07,0.006588084299690123,Bull,-14.588296075938468
ddpeak,0.4,2023-08,0.004425845487007274,Bull,-12.42811367563088
ddpeak,0.4,2023-09,0.009876374435959286,Bull,-8.761303280623856
ddpeak,0.4,2023-10,0.5049346601756293,Bull,-8.761303280623856
ddpeak,0.4,2023-11,0.25844522122680297,Bull,-8.761303280623856
ddpeak,0.4,2023-12,0.12978577241245287,Bull,-8.761303280623856
ddpeak,0.4,2024-01,0.06771509133772005,Bull,-6.271472847747561
ddpeak,0.4,2024-02,0.03458308417265956,Bull,-15.556748011689637
ddpeak,0.4,2024-03,0.017787573085527458,Bull,-15.556748011689637
ddpeak,0.4,2024-04,0.009210929176857537,Bull,-15.556748011689637
ddpeak,0.4,2024-05,0.006935491922123286,Bull,-16.410672322905484
ddpeak,0.4,2024-06,0.003959049397769354,Bull,-18.35716885207005
ddpeak,0.4,2024-07,0.00503195905961269,Bull,-15.01612366365288
ddpeak,0.4,2024-08,0.003955028298050641,Bull,-11.951507716337185
ddpeak,0.4,2024-09,0.0044397468841631225,Bull,-10.361688207723441
ddpeak,0.4,2024-10,0.007390303805737492,Bull,-14.142513086077047
ddpeak,0.4,2024-11,0.4737870424714715,Bull,-14.142513086077047
ddpeak,0.4,2024-12,0.27548023959314144,Bull,-14.142513086077047
ddpeak,0.4,2025-01,0.14117357757271717,Bull,-14.142513086077047
ddpeak,0.4,2025-02,0.0731591583294262,Bull,-13.246896601141799
ddpeak,0.4,2025-03,0.5365795616799366,Bull,-9.030334502270755
ddpeak,0.4,2025-04,0.2700532099845844,Bull,-4.149986320647181
ddpeak,0.4,2025-05,0.13502813277083126,Bull,-8.901506871653952
ddpeak,0.4,2025-06,0.06751406786792977,Bull,-8.901506871653952
ddpeak,0.4,2025-07,0.03375703443210361,Bull,-8.901506871653952
ddpeak,0.4,2025-08,0.01687855775871279,Bull,-8.901506871653952
ddpeak,0.4,2025-09,0.008439369386045191,Bull,-19.894662107505688
ddpeak,0.4,2025-10,0.004220720992269374,Bull,-19.894662107505688
ddpeak,0.4,2025-11,0.0021105886218621677,Bull,-19.894662107505688
ddpeak,0.4,2025-12,0.0010588028292584496,Bull,-19.894662107505688
ddpeak,0.4,2026-01,0.0019043451974991251,Bull,-38.630429604794614
ddpeak,0.4,2026-02,0.001259700912794837,Bull,
ddpeak,0.4,2026-03,0.012507285363542228,Bull,
ddpeak,0.4,2026-04,0.007056315199934358,Bull,
ddpeak,0.4,2026-05,0.5035268356111582,Bull,
ddpeak,0.4,2026-06,0.6853798154306535,Bear,
ddpeak,0.4,2026-07,0.4442724810720095,Bear,
ddpeak,0.8,2017-01,,Bull,-2.5032266220640476
ddpeak,0.8,2017-02,,Bull,-5.37705297443093
ddpeak,0.8,2017-03,,Bull,-5.37705297443093
ddpeak,0.8,2017-04,,Bull,-5.37705297443093
ddpeak,0.8,2017-05,,Bull,-5.37705297443093
ddpeak,0.8,2017-06,,Bull,-5.37705297443093
ddpeak,0.8,2017-07,,Bull,-5.106779372261084
ddpeak,0.8,2017-08,,Bull,-9.022432045446305
ddpeak,0.8,2017-09,,Bull,-9.022432045446305
ddpeak,0.8,2017-10,,Bull,-9.022432045446305
ddpeak,0.8,2017-11,,Bull,-9.022432045446305
ddpeak,0.8,2017-12,,Bull,-10.92876031296578
ddpeak,0.8,2018-01,0.9889010133525842,Bear,-12.107655925343652
ddpeak,0.8,2018-02,0.9944288953364397,Bear,-10.916038402810212
ddpeak,0.8,2018-03,0.9972138767596068,Bear,-10.916038402810212
ddpeak,0.8,2018-04,0.9985586391806016,Bear,-20.646179033749025
ddpeak,0.8,2018-05,0.9992393195573044,Bear,-19.207231269225268
ddpeak,0.8,2018-06,0.5173850000642666,Bear,-15.257506834948876
ddpeak,0.8,2018-07,0.7586924914427604,Bear,-15.357280452694022
ddpeak,0.8,2018-08,0.8793462406013076,Bear,-15.357280452694022
ddpeak,0.8,2018-09,0.9396730953934369,Bear,-14.910784013904033
ddpeak,0.8,2018-10,0.9676300463650545,Bear,-6.483795664071157
ddpeak,0.8,2018-11,0.9838150224939338,Bear,-10.019876469916355
ddpeak,0.8,2018-12,0.9919075106159805,Bear,-10.019876469916355
ddpeak,0.8,2019-01,0.9831632403482148,Bear,-10.019876469916355
ddpeak,0.8,2019-02,0.9687984102401219,Bear,-15.072285771240034
ddpeak,0.8,2019-03,0.9609449421750071,Bear,-15.072285771240034
ddpeak,0.8,2019-04,0.7700615871160916,Bear,-13.695177451700369
ddpeak,0.8,2019-05,0.8388509917890546,Bear,-10.52373122249326
ddpeak,0.8,2019-06,0.7824755462659052,Bear,-10.368350250142655
ddpeak,0.8,2019-07,0.8817722236125078,Bear,-6.538316914075426
ddpeak,0.8,2019-08,0.9400041022244761,Bear,-12.36034800901422
ddpeak,0.8,2019-09,0.9516858903880739,Bear,-35.70889779916474
ddpeak,0.8,2019-10,0.9469914615009434,Bear,-35.70889779916474
ddpeak,0.8,2019-11,0.9363731353846864,Bear,-35.70889779916474
ddpeak,0.8,2019-12,0.7587349110838082,Bear,-35.70889779916474
ddpeak,0.8,2020-01,0.879367452790301,Bear,-35.03091217438568
ddpeak,0.8,2020-02,0.9396837255683972,Bear,-30.09792506344231
ddpeak,0.8,2020-03,0.9698418608308274,Bear,-7.508801311518287
ddpeak,0.8,2020-04,0.9843422144478016,Bear,-7.508801311518287
ddpeak,0.8,2020-05,0.9642777908213073,Bear,-7.508801311518287
ddpeak,0.8,2020-06,0.8469000969920641,Bear,-7.220151177391654
ddpeak,0.8,2020-07,0.4509274242905793,Bear,-7.253996740571744
ddpeak,0.8,2020-08,0.22706512448271934,Bull,-7.253996740571744
ddpeak,0.8,2020-09,0.11482900548873619,Bull,-7.817720647628201
ddpeak,0.8,2020-10,0.06010108380267679,Bull,-7.817720647628201
ddpeak,0.8,2020-11,0.03472416419323498,Bull,-7.817720647628201
ddpeak,0.8,2020-12,0.052046373964399484,Bull,-7.817720647628201
ddpeak,0.8,2021-01,0.02602920111107659,Bull,-6.484782512052478
ddpeak,0.8,2021-02,0.013022620811753273,Bull,-7.403461627668206
ddpeak,0.8,2021-03,0.006520182642474478,Bull,-7.41072259557074
ddpeak,0.8,2021-04,0.0032735471071958606,Bull,-12.008311333757815
ddpeak,0.8,2021-05,0.0016575204128178905,Bull,-14.105002607448291
ddpeak,0.8,2021-06,0.0008569314727945409,Bull,-14.105002607448291
ddpeak,0.8,2021-07,0.0007107611299806784,Bull,-20.29917010731119
ddpeak,0.8,2021-08,0.0005732969972952889,Bull,-18.476031508636524
ddpeak,0.8,2021-09,0.0010436597771842349,Bull,-14.804715428229386
ddpeak,0.8,2021-10,0.0019072119402512868,Bull,-13.700956530435404
ddpeak,0.8,2021-11,0.500953590906675,Bull,-15.826997871484672
ddpeak,0.8,2021-12,0.2798406788381475,Bull,-22.578311680558038
ddpeak,0.8,2022-01,0.1419102051066821,Bull,-17.313566132999235
ddpeak,0.8,2022-02,0.07316437435969796,Bull,-16.93207993889052
ddpeak,0.8,2022-03,0.039625693361795084,Bull,-21.879891694006993
ddpeak,0.8,2022-04,0.02964660236638379,Bull,-20.0204095960431
ddpeak,0.8,2022-05,0.016720563105054282,Bull,-19.74794040710648
ddpeak,0.8,2022-06,0.019067176862123485,Bull,-14.92113843121784
ddpeak,0.8,2022-07,0.012486491446431377,Bull,-14.92113843121784
ddpeak,0.8,2022-08,0.008500838627099166,Bull,-12.805568347769302
ddpeak,0.8,2022-09,0.5042504135270015,Bull,-10.650944354368285
ddpeak,0.8,2022-10,0.28107770248164865,Bull,-10.650944354368285
ddpeak,0.8,2022-11,0.14256390351121015,Bull,-10.531330529144933
ddpeak,0.8,2022-12,0.5704976192385558,Bull,-5.436753639916714
ddpeak,0.8,2023-01,0.29709118208524204,Bull,-5.422280511656896
ddpeak,0.8,2023-02,0.15015559668632908,Bull,-6.095455469581212
ddpeak,0.8,2023-03,0.07600109571586054,Bull,-7.652596010790235
ddpeak,0.8,2023-04,0.038886981158814005,Bull,-14.588296075938468
ddpeak,0.8,2023-05,0.01980020619063769,Bull,-14.588296075938468
ddpeak,0.8,2023-06,0.010124845136462585,Bull,-14.588296075938468
ddpeak,0.8,2023-07,0.005936771044174692,Bull,-14.588296075938468
ddpeak,0.8,2023-08,0.0037739623020502646,Bull,-12.42811367563088
ddpeak,0.8,2023-09,0.00840414042224434,Bull,-8.761303280623856
ddpeak,0.8,2023-10,0.5041991670722703,Bull,-8.761303280623856
ddpeak,0.8,2023-11,0.25661084045304294,Bull,-8.761303280623856
ddpeak,0.8,2023-12,0.12865792114025554,Bull,-8.761303280623856
ddpeak,0.8,2024-01,0.06676443064691251,Bull,-6.271472847747561
ddpeak,0.8,2024-02,0.03386161010571856,Bull,-15.556748011689637
ddpeak,0.8,2024-03,0.017255197130685414,Bull,-15.556748011689637
ddpeak,0.8,2024-04,0.008858732670007828,Bull,-15.556748011689637
ddpeak,0.8,2024-05,0.006325091195045703,Bull,-16.410672322905484
ddpeak,0.8,2024-06,0.003492374270359496,Bull,-18.35716885207005
ddpeak,0.8,2024-07,0.003926363667088858,Bull,-15.01612366365288
ddpeak,0.8,2024-08,0.0031890661651866113,Bull,-11.951507716337185
ddpeak,0.8,2024-09,0.004024965615487952,Bull,-10.361688207723441
ddpeak,0.8,2024-10,0.007451646504800069,Bull,-14.142513086077047
ddpeak,0.8,2024-11,0.4795620632130676,Bull,-14.142513086077047
ddpeak,0.8,2024-12,0.29145021721683456,Bull,-14.142513086077047
ddpeak,0.8,2025-01,0.14974872967898004,Bull,-14.142513086077047
ddpeak,0.8,2025-02,0.07748183846335405,Bull,-13.246896601141799
ddpeak,0.8,2025-03,0.5387409037229318,Bull,-9.030334502270755
ddpeak,0.8,2025-04,0.27120096130488064,Bull,-4.149986320647181
ddpeak,0.8,2025-05,0.13560171487997852,Bull,-8.901506871653952
ddpeak,0.8,2025-06,0.06780085843877137,Bull,-8.901506871653952
ddpeak,0.8,2025-07,0.03390042955500127,Bull,-8.901506871653952
ddpeak,0.8,2025-08,0.016950244684462632,Bull,-8.901506871653952
ddpeak,0.8,2025-09,0.008475183145598274,Bull,-19.894662107505688
ddpeak,0.8,2025-10,0.004238290582985877,Bull,-19.894662107505688
ddpeak,0.8,2025-11,0.0021193368521771573,Bull,-19.894662107505688
ddpeak,0.8,2025-12,0.0010620199928574794,Bull,-19.894662107505688
ddpeak,0.8,2026-01,0.0014556222543433744,Bull,-38.630429604794614
ddpeak,0.8,2026-02,0.000935421648716421,Bull,
ddpeak,0.8,2026-03,0.020945202018340894,Bull,
ddpeak,0.8,2026-04,0.011013715645978427,Bull,
ddpeak,0.8,2026-05,0.505504847603762,Bull,
ddpeak,0.8,2026-06,0.6588012852266907,Bear,
ddpeak,0.8,2026-07,0.4812697955120806,Bear,
ddpeak,1.2,2017-01,,Bull,-2.5032266220640476
ddpeak,1.2,2017-02,,Bull,-5.37705297443093
ddpeak,1.2,2017-03,,Bull,-5.37705297443093
ddpeak,1.2,2017-04,,Bull,-5.37705297443093
ddpeak,1.2,2017-05,,Bull,-5.37705297443093
ddpeak,1.2,2017-06,,Bull,-5.37705297443093
ddpeak,1.2,2017-07,,Bull,-5.106779372261084
ddpeak,1.2,2017-08,,Bull,-9.022432045446305
ddpeak,1.2,2017-09,,Bull,-9.022432045446305
ddpeak,1.2,2017-10,,Bull,-9.022432045446305
ddpeak,1.2,2017-11,,Bull,-9.022432045446305
ddpeak,1.2,2017-12,,Bull,-10.92876031296578
ddpeak,1.2,2018-01,0.986036729365311,Bear,-12.107655925343652
ddpeak,1.2,2018-02,0.9930119271044776,Bear,-10.916038402810212
ddpeak,1.2,2018-03,0.9965057154256374,Bear,-10.916038402810212
ddpeak,1.2,2018-04,0.998213373477215,Bear,-20.646179033749025
ddpeak,1.2,2018-05,0.9990897548659536,Bear,-19.207231269225268
ddpeak,1.2,2018-06,0.5513838491225281,Bear,-15.257506834948876
ddpeak,1.2,2018-07,0.7756919212082158,Bear,-15.357280452694022
ddpeak,1.2,2018-08,0.8878459578995708,Bear,-15.357280452694022
ddpeak,1.2,2018-09,0.9439229650838868,Bear,-14.910784013904033
ddpeak,1.2,2018-10,0.9713680587903976,Bear,-6.483795664071157
ddpeak,1.2,2018-11,0.9856840288229114,Bear,-10.019876469916355
ddpeak,1.2,2018-12,0.9928420138598237,Bear,-10.019876469916355
ddpeak,1.2,2019-01,0.9879794523332855,Bear,-10.019876469916355
ddpeak,1.2,2019-02,0.9791778850314856,Bear,-15.072285771240034
ddpeak,1.2,2019-03,0.975731041758823,Bear,-15.072285771240034
ddpeak,1.2,2019-04,0.8160612799453582,Bear,-13.695177451700369
ddpeak,1.2,2019-05,0.8764216558526469,Bear,-10.52373122249326
ddpeak,1.2,2019-06,0.8298874880679754,Bear,-10.368350250142655
ddpeak,1.2,2019-07,0.9084632191871057,Bear,-6.538316914075426
ddpeak,1.2,2019-08,0.9537118292054454,Bear,-12.36034800901422
ddpeak,1.2,2019-09,0.9580775771919557,Bear,-35.70889779916474
ddpeak,1.2,2019-10,0.947983485961521,Bear,-35.70889779916474
ddpeak,1.2,2019-11,0.9334145022024465,Bear,-35.70889779916474
ddpeak,1.2,2019-12,0.715169791322821,Bear,-35.70889779916474
ddpeak,1.2,2020-01,0.8575848920065303,Bear,-35.03091217438568
ddpeak,1.2,2020-02,0.9287924452364895,Bear,-30.09792506344231
ddpeak,1.2,2020-03,0.9643962214766659,Bear,-7.508801311518287
ddpeak,1.2,2020-04,0.9817529698623961,Bear,-7.508801311518287
ddpeak,1.2,2020-05,0.9639322510503701,Bear,-7.508801311518287
ddpeak,1.2,2020-06,0.835518376223847,Bear,-7.220151177391654
ddpeak,1.2,2020-07,0.4392953004637541,Bear,-7.253996740571744
ddpeak,1.2,2020-08,0.22072625873036,Bull,-7.253996740571744
ddpeak,1.2,2020-09,0.11122073372783889,Bull,-7.817720647628201
ddpeak,1.2,2020-10,0.05770862171893422,Bull,-7.817720647628201
ddpeak,1.2,2020-11,0.03199432959339421,Bull,-7.817720647628201
ddpeak,1.2,2020-12,0.039878580428831814,Bull,-7.817720647628201
ddpeak,1.2,2021-01,0.019943379187343412,Bull,-6.484782512052478
ddpeak,1.2,2021-02,0.009977182705756042,Bull,-7.403461627668206
ddpeak,1.2,2021-03,0.004994710298628402,Bull,-7.41072259557074
ddpeak,1.2,2021-04,0.002506696386093429,Bull,-12.008311333757815
ddpeak,1.2,2021-05,0.0012678409094705038,Bull,-14.105002607448291
ddpeak,1.2,2021-06,0.0006537160395354364,Bull,-14.105002607448291
ddpeak,1.2,2021-07,0.0005652350358387275,Bull,-20.29917010731119
ddpeak,1.2,2021-08,0.00046798108946186464,Bull,-18.476031508636524
ddpeak,1.2,2021-09,0.0010638480060939607,Bull,-14.804715428229386
ddpeak,1.2,2021-10,0.002365883568681423,Bull,-13.700956530435404
ddpeak,1.2,2021-11,0.5011829327235208,Bull,-15.826997871484672
ddpeak,1.2,2021-12,0.2878645759374404,Bull,-22.578311680558038
ddpeak,1.2,2022-01,0.14828893492703232,Bull,-17.313566132999235
ddpeak,1.2,2022-02,0.07873078366842194,Bull,-16.93207993889052
ddpeak,1.2,2022-03,0.04489312398503287,Bull,-21.879891694006993
ddpeak,1.2,2022-04,0.04157262150895932,Bull,-20.0204095960431
ddpeak,1.2,2022-05,0.02451261623930272,Bull,-19.74794040710648
ddpeak,1.2,2022-06,0.04280409072028434,Bull,-14.92113843121784
ddpeak,1.2,2022-07,0.02861432425749258,Bull,-14.92113843121784
ddpeak,1.2,2022-08,0.01842721230148979,Bull,-12.805568347769302
ddpeak,1.2,2022-09,0.5092136036124757,Bull,-10.650944354368285
ddpeak,1.2,2022-10,0.30959060871693705,Bull,-10.650944354368285
ddpeak,1.2,2022-11,0.15857504562802688,Bull,-10.531330529144933
ddpeak,1.2,2022-12,0.5787968103983187,Bull,-5.436753639916714
ddpeak,1.2,2023-01,0.3025422792137237,Bull,-5.422280511656896
ddpeak,1.2,2023-02,0.1531015877535279,Bull,-6.095455469581212
ddpeak,1.2,2023-03,0.07738246733791337,Bull,-7.652596010790235
ddpeak,1.2,2023-04,0.039435135630746306,Bull,-14.588296075938468
ddpeak,1.2,2023-05,0.01992934974092361,Bull,-14.588296075938468
ddpeak,1.2,2023-06,0.010103417004569685,Bull,-14.588296075938468
ddpeak,1.2,2023-07,0.0055866762924586,Bull,-14.588296075938468
ddpeak,1.2,2023-08,0.0033669456685987077,Bull,-12.42811367563088
ddpeak,1.2,2023-09,0.007223571107460793,Bull,-8.761303280623856
ddpeak,1.2,2023-10,0.5036093966824337,Bull,-8.761303280623856
ddpeak,1.2,2023-11,0.25520667074158354,Bull,-8.761303280623856
ddpeak,1.2,2023-12,0.12782408636901255,Bull,-8.761303280623856
ddpeak,1.2,2024-01,0.06601401964197393,Bull,-6.271472847747561
ddpeak,1.2,2024-02,0.03332364519175909,Bull,-15.556748011689637
ddpeak,1.2,2024-03,0.016873993333315233,Bull,-15.556748011689637
ddpeak,1.2,2024-04,0.008605458262884863,Bull,-15.556748011689637
ddpeak,1.2,2024-05,0.0058448054502833295,Bull,-16.410672322905484
ddpeak,1.2,2024-06,0.0031437870975371575,Bull,-18.35716885207005
ddpeak,1.2,2024-07,0.003128329412223269,Bull,-15.01612366365288
ddpeak,1.2,2024-08,0.002609022268425375,Bull,-11.951507716337185
ddpeak,1.2,2024-09,0.003702869289603352,Bull,-10.361688207723441
ddpeak,1.2,2024-10,0.0075712948339757506,Bull,-14.142513086077047
ddpeak,1.2,2024-11,0.48429959596251887,Bull,-14.142513086077047
ddpeak,1.2,2024-12,0.31059910763209675,Bull,-14.142513086077047
ddpeak,1.2,2025-01,0.16014035061009926,Bull,-14.142513086077047
ddpeak,1.2,2025-02,0.0827275183875583,Bull,-13.246896601141799
ddpeak,1.2,2025-03,0.5413637454712074,Bull,-9.030334502270755
ddpeak,1.2,2025-04,0.27258200446006015,Bull,-4.149986320647181
ddpeak,1.2,2025-05,0.13629199945374,Bull,-8.901506871653952
ddpeak,1.2,2025-06,0.06814600039975138,Bull,-8.901506871653952
ddpeak,1.2,2025-07,0.03407300042599115,Bull,-8.901506871653952
ddpeak,1.2,2025-08,0.017036522274202062,Bull,-8.901506871653952
ddpeak,1.2,2025-09,0.008518301985165146,Bull,-19.894662107505688
ddpeak,1.2,2025-10,0.004259622489161559,Bull,-19.894662107505688
ddpeak,1.2,2025-11,0.002129972100043417,Bull,-19.894662107505688
ddpeak,1.2,2025-12,0.0010665621639436402,Bull,-19.894662107505688
ddpeak,1.2,2026-01,0.0011541921332412215,Bull,-38.630429604794614
ddpeak,1.2,2026-02,0.0007168117479315792,Bull,
ddpeak,1.2,2026-03,0.03512086899986479,Bull,
ddpeak,1.2,2026-04,0.017926111028335332,Bull,
ddpeak,1.2,2026-05,0.508959952582063,Bull,
ddpeak,1.2,2026-06,0.6249333441327386,Bear,
ddpeak,1.2,2026-07,0.5124550124897914,Bear,
ddpeak,2.0,2017-01,,Bull,-2.5032266220640476
ddpeak,2.0,2017-02,,Bull,-5.37705297443093
ddpeak,2.0,2017-03,,Bull,-5.37705297443093
ddpeak,2.0,2017-04,,Bull,-5.37705297443093
ddpeak,2.0,2017-05,,Bull,-5.37705297443093
ddpeak,2.0,2017-06,,Bull,-5.37705297443093
ddpeak,2.0,2017-07,,Bull,-5.106779372261084
ddpeak,2.0,2017-08,,Bull,-9.022432045446305
ddpeak,2.0,2017-09,,Bull,-9.022432045446305
ddpeak,2.0,2017-10,,Bull,-9.022432045446305
ddpeak,2.0,2017-11,,Bull,-9.022432045446305
ddpeak,2.0,2017-12,,Bull,-10.92876031296578
ddpeak,2.0,2018-01,0.9779500896024451,Bear,-12.107655925343652
ddpeak,2.0,2018-02,0.9889744707238746,Bear,-10.916038402810212
ddpeak,2.0,2018-03,0.9944871881768589,Bear,-10.916038402810212
ddpeak,2.0,2018-04,0.9972172071301453,Bear,-20.646179033749025
ddpeak,2.0,2018-05,0.9986055699550713,Bear,-19.207231269225268
ddpeak,2.0,2018-06,0.7656663919030151,Bear,-15.257506834948876
ddpeak,2.0,2018-07,0.8828331951236771,Bear,-15.357280452694022
ddpeak,2.0,2018-08,0.9414165964856355,Bear,-15.357280452694022
ddpeak,2.0,2018-09,0.9707082933437351,Bear,-14.910784013904033
ddpeak,2.0,2018-10,0.9853107765133924,Bear,-6.483795664071157
ddpeak,2.0,2018-11,0.9926553877457356,Bear,-10.019876469916355
ddpeak,2.0,2018-12,0.9963276933648416,Bear,-10.019876469916355
ddpeak,2.0,2019-01,0.9945124465945459,Bear,-10.019876469916355
ddpeak,2.0,2019-02,0.9911583415387175,Bear,-15.072285771240034
ddpeak,2.0,2019-03,0.9911154742427044,Bear,-15.072285771240034
ddpeak,2.0,2019-04,0.8792303696433919,Bear,-13.695177451700369
ddpeak,2.0,2019-05,0.9248317648061884,Bear,-10.52373122249326
ddpeak,2.0,2019-06,0.8940706504909139,Bear,-10.368350250142655
ddpeak,2.0,2019-07,0.943945902838262,Bear,-6.538316914075426
ddpeak,2.0,2019-08,0.971796677120263,Bear,-12.36034800901422
ddpeak,2.0,2019-09,0.9660736323167939,Bear,-35.70889779916474
ddpeak,2.0,2019-10,0.9470362734383254,Bear,-35.70889779916474
ddpeak,2.0,2019-11,0.925088176528546,Bear,-35.70889779916474
ddpeak,2.0,2019-12,0.6250037565510429,Bear,-35.70889779916474
ddpeak,2.0,2020-01,0.8125018711236534,Bear,-35.03091217438568
ddpeak,2.0,2020-02,0.9062509348840053,Bear,-30.09792506344231
ddpeak,2.0,2020-03,0.9531254668169863,Bear,-7.508801311518287
ddpeak,2.0,2020-04,0.9762994351015719,Bear,-7.508801311518287
ddpeak,2.0,2020-05,0.962955576477891,Bear,-7.508801311518287
ddpeak,2.0,2020-06,0.8078573468357044,Bear,-7.220151177391654
ddpeak,2.0,2020-07,0.41638590270113535,Bear,-7.253996740571744
ddpeak,2.0,2020-08,0.2086744655164238,Bull,-7.253996740571744
ddpeak,2.0,2020-09,0.10471222016643478,Bull,-7.817720647628201
ddpeak,2.0,2020-10,0.05363679596448108,Bull,-7.817720647628201
ddpeak,2.0,2020-11,0.02823367762952644,Bull,-7.817720647628201
ddpeak,2.0,2020-12,0.025240176770722315,Bull,-7.817720647628201
ddpeak,2.0,2021-01,0.01262197749821476,Bull,-6.484782512052478
ddpeak,2.0,2021-02,0.0063135639623558065,Bull,-7.403461627668206
ddpeak,2.0,2021-03,0.0031596904853175645,Bull,-7.41072259557074
ddpeak,2.0,2021-04,0.0015843437691795174,Bull,-12.008311333757815
ddpeak,2.0,2021-05,0.0007992380936304303,Bull,-14.105002607448291
ddpeak,2.0,2021-06,0.00040938463399239515,Bull,-14.105002607448291
ddpeak,2.0,2021-07,0.0003745021274323822,Bull,-20.29917010731119
ddpeak,2.0,2021-08,0.0003212223122925126,Bull,-18.476031508636524
ddpeak,2.0,2021-09,0.0011571387109557448,Bull,-14.804715428229386
ddpeak,2.0,2021-10,0.0037865332960898934,Bull,-13.700956530435404
ddpeak,2.0,2021-11,0.5018932631710966,Bull,-15.826997871484672
ddpeak,2.0,2021-12,0.31013173943044103,Bull,-22.578311680558038
ddpeak,2.0,2022-01,0.17597189789852344,Bull,-17.313566132999235
ddpeak,2.0,2022-02,0.10754296681541278,Bull,-16.93207993889052
ddpeak,2.0,2022-03,0.0719372892233075,Bull,-21.879891694006993
ddpeak,2.0,2022-04,0.1038725200941309,Bull,-20.0204095960431
ddpeak,2.0,2022-05,0.06621286108766535,Bull,-19.74794040710648
ddpeak,2.0,2022-06,0.21574658102974245,Bull,-14.92113843121784
ddpeak,2.0,2022-07,0.15518581328924286,Bull,-14.92113843121784
ddpeak,2.0,2022-08,0.09137366704705341,Bull,-12.805568347769302
ddpeak,2.0,2022-09,0.5456868326507902,Bull,-10.650944354368285
ddpeak,2.0,2022-10,0.4393475016068244,Bull,-10.650944354368285
ddpeak,2.0,2022-11,0.2336808120811914,Bull,-10.531330529144933
ddpeak,2.0,2022-12,0.6166506690154359,Bear,-5.436753639916714
ddpeak,2.0,2023-01,0.32450195295255135,Bull,-5.422280511656896
ddpeak,2.0,2023-02,0.16461715720786477,Bull,-6.095455469581212
ddpeak,2.0,2023-03,0.0829837897367215,Bull,-7.652596010790235
ddpeak,2.0,2023-04,0.04201573295987383,Bull,-14.588296075938468
ddpeak,2.0,2023-05,0.021082482192683605,Bull,-14.588296075938468
ddpeak,2.0,2023-06,0.010594142665960366,Bull,-14.588296075938468
ddpeak,2.0,2023-07,0.005497241113069388,Bull,-14.588296075938468
ddpeak,2.0,2023-08,0.003039648400056465,Bull,-12.42811367563088
ddpeak,2.0,2023-09,0.005519725313509976,Bull,-8.761303280623856
ddpeak,2.0,2023-10,0.5027582467734097,Bull,-8.761303280623856
ddpeak,2.0,2023-11,0.2533108181587329,Bull,-8.761303280623856
ddpeak,2.0,2023-12,0.1267423060955433,Bull,-8.761303280623856
ddpeak,2.0,2024-01,0.06493693161150763,Bull,-6.271472847747561
ddpeak,2.0,2024-02,0.032606520634384434,Bull,-15.556748011689637
ddpeak,2.0,2024-03,0.016394052091702416,Bull,-15.556748011689637
ddpeak,2.0,2024-04,0.008286524810135192,Bull,-15.556748011689637
ddpeak,2.0,2024-05,0.005163190482145011,Bull,-16.410672322905484
ddpeak,2.0,2024-06,0.002681319027072065,Bull,-18.35716885207005
ddpeak,2.0,2024-07,0.0021331491339489916,Bull,-15.01612366365288
ddpeak,2.0,2024-08,0.0018264290775125628,Bull,-11.951507716337185
ddpeak,2.0,2024-09,0.003247317854254055,Bull,-10.361688207723441
ddpeak,2.0,2024-10,0.007944128770589438,Bull,-14.142513086077047
ddpeak,2.0,2024-11,0.49135346189143425,Bull,-14.142513086077047
ddpeak,2.0,2024-12,0.36093861982130093,Bull,-14.142513086077047
ddpeak,2.0,2025-01,0.1879265100207826,Bull,-14.142513086077047
ddpeak,2.0,2025-02,0.09676659612468642,Bull,-13.246896601141799
ddpeak,2.0,2025-03,0.5483832873458704,Bull,-9.030334502270755
ddpeak,2.0,2025-04,0.2762390317342639,Bull,-4.149986320647181
ddpeak,2.0,2025-05,0.13812016701833102,Bull,-8.901506871653952
ddpeak,2.0,2025-06,0.06906008381456294,Bull,-8.901506871653952
ddpeak,2.0,2025-07,0.03453004200991721,Bull,-8.901506871653952
ddpeak,2.0,2025-08,0.017265033009254138,Bull,-8.901506871653952
ddpeak,2.0,2025-09,0.00863253494002824,Bull,-19.894662107505688
ddpeak,2.0,2025-10,0.00431648198687256,Bull,-19.894662107505688
ddpeak,2.0,2025-11,0.0021583544132935703,Bull,-19.894662107505688
ddpeak,2.0,2025-12,0.0010798852199584558,Bull,-19.894662107505688
ddpeak,2.0,2026-01,0.0008193753912242801,Bull,-38.630429604794614
ddpeak,2.0,2026-02,0.0004726895580051815,Bull,
ddpeak,2.0,2026-03,0.09304514887595557,Bull,
ddpeak,2.0,2026-04,0.04669438818405856,Bull,
ddpeak,2.0,2026-05,0.5233392599394875,Bull,
ddpeak,2.0,2026-06,0.539634536527178,Bull,
ddpeak,2.0,2026-07,0.537348297001274,Bull,
ddpeak,4.0,2017-01,,Bull,-2.5032266220640476
ddpeak,4.0,2017-02,,Bull,-5.37705297443093
ddpeak,4.0,2017-03,,Bull,-5.37705297443093
ddpeak,4.0,2017-04,,Bull,-5.37705297443093
ddpeak,4.0,2017-05,,Bull,-5.37705297443093
ddpeak,4.0,2017-06,,Bull,-5.37705297443093
ddpeak,4.0,2017-07,,Bull,-5.106779372261084
ddpeak,4.0,2017-08,,Bull,-9.022432045446305
ddpeak,4.0,2017-09,,Bull,-9.022432045446305
ddpeak,4.0,2017-10,,Bull,-9.022432045446305
ddpeak,4.0,2017-11,,Bull,-9.022432045446305
ddpeak,4.0,2017-12,,Bull,-10.92876031296578
ddpeak,4.0,2018-01,0.9327197318374393,Bear,-12.107655925343652
ddpeak,4.0,2018-02,0.9663598638072406,Bear,-10.916038402810212
ddpeak,4.0,2018-03,0.9831799306828551,Bear,-10.916038402810212
ddpeak,4.0,2018-04,0.9915803315884919,Bear,-20.646179033749025
ddpeak,4.0,2018-05,0.9957901240984635,Bear,-19.207231269225268
ddpeak,4.0,2018-06,0.996459893298279,Bear,-15.257506834948876
ddpeak,4.0,2018-07,0.9982299461484956,Bear,-15.357280452694022
ddpeak,4.0,2018-08,0.9991149725398865,Bear,-15.357280452694022
ddpeak,4.0,2018-09,0.9995574852350035,Bear,-14.910784013904033
ddpeak,4.0,2018-10,0.9997786214776341,Bear,-6.483795664071157
ddpeak,4.0,2018-11,0.9998893102387053,Bear,-10.019876469916355
ddpeak,4.0,2018-12,0.9999446546192733,Bear,-10.019876469916355
ddpeak,4.0,2019-01,0.9995301405538943,Bear,-10.019876469916355
ddpeak,4.0,2019-02,0.999129375456051,Bear,-15.072285771240034
ddpeak,4.0,2019-03,0.9993320133911032,Bear,-15.072285771240034
ddpeak,4.0,2019-04,0.9500927178539251,Bear,-13.695177451700369
ddpeak,4.0,2019-05,0.9732394854702403,Bear,-10.52373122249326
ddpeak,4.0,2019-06,0.9628870496325986,Bear,-10.368350250142655
ddpeak,4.0,2019-07,0.9810742890068294,Bear,-6.538316914075426
ddpeak,4.0,2019-08,0.9905274155182192,Bear,-12.36034800901422
ddpeak,4.0,2019-09,0.9723948219479346,Bear,-35.70889779916474
ddpeak,4.0,2019-10,0.9341921747643669,Bear,-35.70889779916474
ddpeak,4.0,2019-11,0.8923793868511302,Bear,-35.70889779916474
ddpeak,4.0,2019-12,0.4784723592619771,Bear,-35.70889779916474
ddpeak,4.0,2020-01,0.7392361201319227,Bear,-35.03091217438568
ddpeak,4.0,2020-02,0.8696180595015021,Bear,-30.09792506344231
ddpeak,4.0,2020-03,0.9348090292486575,Bear,-7.508801311518287
ddpeak,4.0,2020-04,0.9673337912134671,Bear,-7.508801311518287
ddpeak,4.0,2020-05,0.9622508204345217,Bear,-7.508801311518287
ddpeak,4.0,2020-06,0.7155578858052258,Bear,-7.220151177391654
ddpeak,4.0,2020-07,0.3596552243456097,Bull,-7.253996740571744
ddpeak,4.0,2020-08,0.1798770741009456,Bull,-7.253996740571744
ddpeak,4.0,2020-09,0.08998566516687502,Bull,-7.817720647628201
ddpeak,4.0,2020-10,0.045366251519848716,Bull,-7.817720647628201
ddpeak,4.0,2020-11,0.022874966994337328,Bull,-7.817720647628201
ddpeak,4.0,2020-12,0.013010123258234254,Bull,-7.817720647628201
ddpeak,4.0,2021-01,0.0065053352962628624,Bull,-6.484782512052478
ddpeak,4.0,2021-02,0.00325305455534281,Bull,-7.403461627668206
ddpeak,4.0,2021-03,0.0016269795606070252,Bull,-7.41072259557074
ddpeak,4.0,2021-04,0.000814212452163208,Bull,-12.008311333757815
ddpeak,4.0,2021-05,0.00040827688780769195,Bull,-14.105002607448291
ddpeak,4.0,2021-06,0.0002058042502208809,Bull,-14.105002607448291
ddpeak,4.0,2021-07,0.0001754773707528832,Bull,-20.29917010731119
ddpeak,4.0,2021-08,0.00014709732507225666,Bull,-18.476031508636524
ddpeak,4.0,2021-09,0.0016467305141075726,Bull,-14.804715428229386
ddpeak,4.0,2021-10,0.013645567466727517,Bull,-13.700956530435404
ddpeak,4.0,2021-11,0.5068227830223059,Bull,-15.826997871484672
ddpeak,4.0,2021-12,0.41593408253230557,Bull,-22.578311680558038
ddpeak,4.0,2022-01,0.5825859113157235,Bull,-17.313566132999235
ddpeak,4.0,2022-02,0.6744737052242886,Bear,-16.93207993889052
ddpeak,4.0,2022-03,0.6380756129840919,Bear,-21.879891694006993
ddpeak,4.0,2022-04,0.7513021127904669,Bear,-20.0204095960431
ddpeak,4.0,2022-05,0.6603824910816944,Bear,-19.74794040710648
ddpeak,4.0,2022-06,0.8248660886929358,Bear,-14.92113843121784
ddpeak,4.0,2022-07,0.8879930550606846,Bear,-14.92113843121784
ddpeak,4.0,2022-08,0.6664489955971573,Bear,-12.805568347769302
ddpeak,4.0,2022-09,0.8332244972574276,Bear,-10.650944354368285
ddpeak,4.0,2022-10,0.8878565874960854,Bear,-10.650944354368285
ddpeak,4.0,2022-11,0.6505231486927852,Bear,-10.531330529144933
ddpeak,4.0,2022-12,0.8252470556504787,Bear,-5.436753639916714
ddpeak,4.0,2023-01,0.43961614902672425,Bear,-5.422280511656896
ddpeak,4.0,2023-02,0.22430215420919222,Bull,-6.095455469581212
ddpeak,4.0,2023-03,0.11255416754215182,Bull,-7.652596010790235
ddpeak,4.0,2023-04,0.05649493037061359,Bull,-14.588296075938468
ddpeak,4.0,2023-05,0.02825296369727286,Bull,-14.588296075938468
ddpeak,4.0,2023-06,0.014131235578280032,Bull,-14.588296075938468
ddpeak,4.0,2023-07,0.007082742813565044,Bull,-14.588296075938468
ddpeak,4.0,2023-08,0.0035948010968609528,Bull,-12.42811367563088
ddpeak,4.0,2023-09,0.003563544779618693,Bull,-8.761303280623856
ddpeak,4.0,2023-10,0.5017811673876286,Bull,-8.761303280623856
ddpeak,4.0,2023-11,0.25135780470337293,Bull,-8.761303280623856
ddpeak,4.0,2023-12,0.12568753473516714,Bull,-8.761303280623856
ddpeak,4.0,2024-01,0.06359297539520699,Bull,-6.271472847747561
ddpeak,4.0,2024-02,0.031813820298472725,Bull,-15.556748011689637
ddpeak,4.0,2024-03,0.015917792856752187,Bull,-15.556748011689637
ddpeak,4.0,2024-04,0.007977309236006288,Bull,-15.556748011689637
ddpeak,4.0,2024-05,0.004350909627532592,Bull,-16.410672322905484
ddpeak,4.0,2024-06,0.002189047584443817,Bull,-18.35716885207005
ddpeak,4.0,2024-07,0.0012407008789327406,Bull,-15.01612366365288
ddpeak,4.0,2024-08,0.0009639379169163672,Bull,-11.951507716337185
ddpeak,4.0,2024-09,0.0026592699807891835,Bull,-10.361688207723441
ddpeak,4.0,2024-10,0.009419467466286717,Bull,-14.142513086077047
ddpeak,4.0,2024-11,0.5005115747256903,Bull,-14.142513086077047
ddpeak,4.0,2024-12,0.5468349554027765,Bull,-14.142513086077047
ddpeak,4.0,2025-01,0.29743911278828983,Bull,-14.142513086077047
ddpeak,4.0,2025-02,0.1522911648066059,Bull,-13.246896601141799
ddpeak,4.0,2025-03,0.5761455765009957,Bull,-9.030334502270755
ddpeak,4.0,2025-04,0.29053994125749966,Bull,-4.149986320647181
ddpeak,4.0,2025-05,0.14527019490855606,Bull,-8.901506871653952
ddpeak,4.0,2025-06,0.07263509749665822,Bull,-8.901506871653952
ddpeak,4.0,2025-07,0.03631754876257532,Bull,-8.901506871653952
ddpeak,4.0,2025-08,0.01815877700302626,Bull,-8.901506871653952
ddpeak,4.0,2025-09,0.009079391024056522,Bull,-19.894662107505688
ddpeak,4.0,2025-10,0.004539725462096092,Bull,-19.894662107505688
ddpeak,4.0,2025-11,0.002269910079813504,Bull,-19.894662107505688
ddpeak,4.0,2025-12,0.0011350507943362884,Bull,-19.894662107505688
ddpeak,4.0,2026-01,0.000605337588487978,Bull,-38.630429604794614
ddpeak,4.0,2026-02,0.00031120541147355217,Bull,
ddpeak,4.0,2026-03,0.39375976394832907,Bull,
ddpeak,4.0,2026-04,0.19690957960924918,Bull,
ddpeak,4.0,2026-05,0.5982516915850263,Bull,
ddpeak,4.0,2026-06,0.3676137757635942,Bull,
ddpeak,4.0,2026-07,0.6476920620216153,Bear,
ddpeak,8.0,2017-01,,Bull,-2.5032266220640476
ddpeak,8.0,2017-02,,Bull,-5.37705297443093
ddpeak,8.0,2017-03,,Bull,-5.37705297443093
ddpeak,8.0,2017-04,,Bull,-5.37705297443093
ddpeak,8.0,2017-05,,Bull,-5.37705297443093
ddpeak,8.0,2017-06,,Bull,-5.37705297443093
ddpeak,8.0,2017-07,,Bull,-5.106779372261084
ddpeak,8.0,2017-08,,Bull,-9.022432045446305
ddpeak,8.0,2017-09,,Bull,-9.022432045446305
ddpeak,8.0,2017-10,,Bull,-9.022432045446305
ddpeak,8.0,2017-11,,Bull,-9.022432045446305
ddpeak,8.0,2017-12,,Bull,-10.92876031296578
ddpeak,8.0,2018-01,0.5752721565578439,Bull,-12.107655925343652
ddpeak,8.0,2018-02,0.7876360766022239,Bear,-10.916038402810212
ddpeak,8.0,2018-03,0.8938180377800751,Bear,-10.916038402810212
ddpeak,8.0,2018-04,0.9469077344616645,Bear,-20.646179033749025
ddpeak,8.0,2018-05,0.9734538645625839,Bear,-19.207231269225268
ddpeak,8.0,2018-06,0.9861206303644763,Bear,-15.257506834948876
ddpeak,8.0,2018-07,0.9930603146821944,Bear,-15.357280452694022
ddpeak,8.0,2018-08,0.9965301568408212,Bear,-15.357280452694022
ddpeak,8.0,2018-09,0.9982650779193147,Bear,-14.910784013904033
ddpeak,8.0,2018-10,0.9991324392032619,Bear,-6.483795664071157
ddpeak,8.0,2018-11,0.9995662191016256,Bear,-10.019876469916355
ddpeak,8.0,2018-12,0.9997831090508096,Bear,-10.019876469916355
ddpeak,8.0,2019-01,0.9998851426864003,Bear,-10.019876469916355
ddpeak,8.0,2019-02,0.9999341495534058,Bear,-15.072285771240034
ddpeak,8.0,2019-03,0.9999660142811839,Bear,-15.072285771240034
ddpeak,8.0,2019-04,0.9910225536554405,Bear,-13.695177451700369
ddpeak,8.0,2019-05,0.995498817615394,Bear,-10.52373122249326
ddpeak,8.0,2019-06,0.9933905494359763,Bear,-10.368350250142655
ddpeak,8.0,2019-07,0.9966929200190694,Bear,-6.538316914075426
ddpeak,8.0,2019-08,0.9983464211126254,Bear,-12.36034800901422
ddpeak,8.0,2019-09,0.9687246863741236,Bear,-35.70889779916474
ddpeak,8.0,2019-10,0.8794923184775811,Bear,-35.70889779916474
ddpeak,8.0,2019-11,0.7741874372190483,Bear,-35.70889779916474
ddpeak,8.0,2019-12,0.3876549970925726,Bull,-35.70889779916474
ddpeak,8.0,2020-01,0.6938251289587831,Bear,-35.03091217438568
ddpeak,8.0,2020-02,0.8469125639710419,Bear,-30.09792506344231
ddpeak,8.0,2020-03,0.9234562814854783,Bear,-7.508801311518287
ddpeak,8.0,2020-04,0.9617231505324597,Bear,-7.508801311518287
ddpeak,8.0,2020-05,0.9656631280312724,Bear,-7.508801311518287
ddpeak,8.0,2020-06,0.5496469021174716,Bear,-7.220151177391654
ddpeak,8.0,2020-07,0.27483362637163455,Bull,-7.253996740571744
ddpeak,8.0,2020-08,0.13741739634459033,Bull,-7.253996740571744
ddpeak,8.0,2020-09,0.06870945012162527,Bull,-7.817720647628201
ddpeak,8.0,2020-10,0.034386579599927275,Bull,-7.817720647628201
ddpeak,8.0,2020-11,0.017196669926262054,Bull,-7.817720647628201
ddpeak,8.0,2020-12,0.008628770671328832,Bull,-7.817720647628201
ddpeak,8.0,2021-01,0.004314391103368783,Bull,-6.484782512052478
ddpeak,8.0,2021-02,0.0021572043259758004,Bull,-7.403461627668206
ddpeak,8.0,2021-03,0.001078613154557219,Bull,-7.41072259557074
ddpeak,8.0,2021-04,0.0005393253274593899,Bull,-12.008311333757815
ddpeak,8.0,2021-05,0.0002696949794781361,Bull,-14.105002607448291
ddpeak,8.0,2021-06,0.00013489625968933624,Bull,-14.105002607448291
ddpeak,8.0,2021-07,8.078937405057955e-05,Bull,-20.29917010731119
ddpeak,8.0,2021-08,5.2136998557009165e-05,Bull,-18.476031508636524
ddpeak,8.0,2021-09,0.003975052231274601,Bull,-14.804715428229386
ddpeak,8.0,2021-10,0.15581503564872157,Bull,-13.700956530435404
ddpeak,8.0,2021-11,0.5779075173235579,Bull,-15.826997871484672
ddpeak,8.0,2021-12,0.7194685704425081,Bear,-22.578311680558038
ddpeak,8.0,2022-01,0.8597088946003806,Bear,-17.313566132999235
ddpeak,8.0,2022-02,0.9298321735763179,Bear,-16.93207993889052
ddpeak,8.0,2022-03,0.964707939625399,Bear,-21.879891694006993
ddpeak,8.0,2022-04,0.9823369837175562,Bear,-20.0204095960431
ddpeak,8.0,2022-05,0.9911258186701126,Bear,-19.74794040710648
ddpeak,8.0,2022-06,0.995560495964067,Bear,-14.92113843121784
ddpeak,8.0,2022-07,0.9977693729494095,Bear,-14.92113843121784
ddpeak,8.0,2022-08,0.9986048148377409,Bear,-12.805568347769302
ddpeak,8.0,2022-09,0.9993024069188698,Bear,-10.650944354368285
ddpeak,8.0,2022-10,0.9996228798009501,Bear,-10.650944354368285
ddpeak,8.0,2022-11,0.9906087850342091,Bear,-10.531330529144933
ddpeak,8.0,2022-12,0.9953043666749641,Bear,-5.436753639916714
ddpeak,8.0,2023-01,0.5689532344762274,Bear,-5.422280511656896
ddpeak,8.0,2023-02,0.30069747379784806,Bull,-6.095455469581212
ddpeak,8.0,2023-03,0.15049929409289434,Bull,-7.652596010790235
ddpeak,8.0,2023-04,0.07528719957184486,Bull,-14.588296075938468
ddpeak,8.0,2023-05,0.03764362965985671,Bull,-14.588296075938468
ddpeak,8.0,2023-06,0.01882185315033832,Bull,-14.588296075938468
ddpeak,8.0,2023-07,0.009411051604835581,Bull,-14.588296075938468
ddpeak,8.0,2023-08,0.0047073244315991,Bull,-12.42811367563088
ddpeak,8.0,2023-09,0.0026956630257067753,Bull,-8.761303280623856
ddpeak,8.0,2023-10,0.5013477471985968,Bull,-8.761303280623856
ddpeak,8.0,2023-11,0.25070107062210617,Bull,-8.761303280623856
ddpeak,8.0,2023-12,0.12535062352885523,Bull,-8.761303280623856
ddpeak,8.0,2024-01,0.0628463788267896,Bull,-6.271472847747561
ddpeak,8.0,2024-02,0.03142346395397141,Bull,-15.556748011689637
ddpeak,8.0,2024-03,0.01571188828495468,Bull,-15.556748011689637
ddpeak,8.0,2024-04,0.00785672298706312,Bull,-15.556748011689637
ddpeak,8.0,2024-05,0.00397393937655566,Bull,-16.410672322905484
ddpeak,8.0,2024-06,0.001987223088253287,Bull,-18.35716885207005
ddpeak,8.0,2024-07,0.0009985657321719482,Bull,-15.01612366365288
ddpeak,8.0,2024-08,0.0005696319200987141,Bull,-11.951507716337185
ddpeak,8.0,2024-09,0.0021766850355471982,Bull,-10.361688207723441
ddpeak,8.0,2024-10,0.01426141618121694,Bull,-14.142513086077047
ddpeak,8.0,2024-11,0.506676088961857,Bull,-14.142513086077047
ddpeak,8.0,2024-12,0.7390529042676189,Bear,-14.142513086077047
ddpeak,8.0,2025-01,0.4725041803044959,Bear,-14.142513086077047
ddpeak,8.0,2025-02,0.24614565085213103,Bull,-13.246896601141799
ddpeak,8.0,2025-03,0.623072823640852,Bear,-9.030334502270755
ddpeak,8.0,2025-04,0.3151169431793016,Bull,-4.149986320647181
ddpeak,8.0,2025-05,0.15755849818909265,Bull,-8.901506871653952
ddpeak,8.0,2025-06,0.07877924909536232,Bull,-8.901506871653952
ddpeak,8.0,2025-07,0.039389624547955596,Bull,-8.901506871653952
ddpeak,8.0,2025-08,0.01969481239901921,Bull,-8.901506871653952
ddpeak,8.0,2025-09,0.009847406246734684,Bull,-19.894662107505688
ddpeak,8.0,2025-10,0.004923703707110579,Bull,-19.894662107505688
ddpeak,8.0,2025-11,0.002461860104854117,Bull,-19.894662107505688
ddpeak,8.0,2025-12,0.0012309318037573452,Bull,-19.894662107505688
ddpeak,8.0,2026-01,0.0006161558303598323,Bull,-38.630429604794614
ddpeak,8.0,2026-02,0.00030823381276039413,Bull,
ddpeak,8.0,2026-03,0.4996366150775185,Bull,
ddpeak,8.0,2026-04,0.24981883206617572,Bull,
ddpeak,8.0,2026-05,0.5574142339444821,Bull,
ddpeak,8.0,2026-06,0.2799317453151849,Bull,
ddpeak,8.0,2026-07,0.6399192457524041,Bear,
ddpeak,16.0,2017-01,,Bull,-2.5032266220640476
ddpeak,16.0,2017-02,,Bull,-5.37705297443093
ddpeak,16.0,2017-03,,Bull,-5.37705297443093
ddpeak,16.0,2017-04,,Bull,-5.37705297443093
ddpeak,16.0,2017-05,,Bull,-5.37705297443093
ddpeak,16.0,2017-06,,Bull,-5.37705297443093
ddpeak,16.0,2017-07,,Bull,-5.106779372261084
ddpeak,16.0,2017-08,,Bull,-9.022432045446305
ddpeak,16.0,2017-09,,Bull,-9.022432045446305
ddpeak,16.0,2017-10,,Bull,-9.022432045446305
ddpeak,16.0,2017-11,,Bull,-9.022432045446305
ddpeak,16.0,2017-12,,Bull,-10.92876031296578
ddpeak,16.0,2018-01,0.012763840961309976,Bull,-12.107655925343652
ddpeak,16.0,2018-02,0.506381918803957,Bull,-10.916038402810212
ddpeak,16.0,2018-03,0.7531909588809416,Bear,-10.916038402810212
ddpeak,16.0,2018-04,0.8765954561323079,Bear,-20.646179033749025
ddpeak,16.0,2018-05,0.9382977253979055,Bear,-19.207231269225268
ddpeak,16.0,2018-06,0.9685425607821372,Bear,-15.257506834948876
ddpeak,16.0,2018-07,0.9842712798910247,Bear,-15.357280452694022
ddpeak,16.0,2018-08,0.9921356394452365,Bear,-15.357280452694022
ddpeak,16.0,2018-09,0.9960678192215993,Bear,-14.910784013904033
ddpeak,16.0,2018-10,0.9980338098544042,Bear,-6.483795664071157
ddpeak,16.0,2018-11,0.9990169044271966,Bear,-10.019876469916355
ddpeak,16.0,2018-12,0.9995084517135953,Bear,-10.019876469916355
ddpeak,16.0,2019-01,0.9997540680188752,Bear,-10.019876469916355
ddpeak,16.0,2019-02,0.9998767819248839,Bear,-15.072285771240034
ddpeak,16.0,2019-03,0.9999381277415266,Bear,-15.072285771240034
ddpeak,16.0,2019-04,0.9997127702566987,Bear,-13.695177451700369
ddpeak,16.0,2019-05,0.9998563080920648,Bear,-10.52373122249326
ddpeak,16.0,2019-06,0.9997561634092318,Bear,-10.368350250142655
ddpeak,16.0,2019-07,0.9998780604229784,Bear,-6.538316914075426
ddpeak,16.0,2019-08,0.9999390189444767,Bear,-12.36034800901422
ddpeak,16.0,2019-09,0.9469439489107899,Bear,-35.70889779916474
ddpeak,16.0,2019-10,0.6761324552987953,Bear,-35.70889779916474
ddpeak,16.0,2019-11,0.41290941185175856,Bear,-35.70889779916474
ddpeak,16.0,2019-12,0.20645493345130458,Bull,-35.70889779916474
ddpeak,16.0,2020-01,0.6031358593533304,Bear,-35.03091217438568
ddpeak,16.0,2020-02,0.8015679291764894,Bear,-30.09792506344231
ddpeak,16.0,2020-03,0.900783964088202,Bear,-7.508801311518287
ddpeak,16.0,2020-04,0.9503919553074667,Bear,-7.508801311518287
ddpeak,16.0,2020-05,0.9670632406115973,Bear,-7.508801311518287
ddpeak,16.0,2020-06,0.4853429755344303,Bear,-7.220151177391654
ddpeak,16.0,2020-07,0.24267149959295686,Bull,-7.253996740571744
ddpeak,16.0,2020-08,0.12133575676666823,Bull,-7.253996740571744
ddpeak,16.0,2020-09,0.060667884686380395,Bull,-7.817720647628201
ddpeak,16.0,2020-10,0.030334174741009495,Bull,-7.817720647628201
ddpeak,16.0,2020-11,0.01516709994085996,Bull,-7.817720647628201
ddpeak,16.0,2020-12,0.007583655647054642,Bull,-7.817720647628201
ddpeak,16.0,2021-01,0.003791827877022946,Bull,-6.484782512052478
ddpeak,16.0,2021-02,0.0018959140180841811,Bull,-7.403461627668206
ddpeak,16.0,2021-03,0.0009479570844540859,Bull,-7.41072259557074
ddpeak,16.0,2021-04,0.00047397866962349474,Bull,-12.008311333757815
ddpeak,16.0,2021-05,0.00023698953365237918,Bull,-14.105002607448291
ddpeak,16.0,2021-06,0.00011849503227253281,Bull,-14.105002607448291
ddpeak,16.0,2021-07,5.970218222388446e-05,Bull,-20.29917010731119
ddpeak,16.0,2021-08,3.031660909734412e-05,Bull,-18.476031508636524
ddpeak,16.0,2021-09,0.024377951573358828,Bull,-14.804715428229386
ddpeak,16.0,2021-10,0.5084272488279822,Bull,-13.700956530435404
ddpeak,16.0,2021-11,0.7542136239139906,Bear,-15.826997871484672
ddpeak,16.0,2021-12,0.8766197229027204,Bear,-22.578311680558038
ddpeak,16.0,2022-01,0.938296088073548,Bear,-17.313566132999235
ddpeak,16.0,2022-02,0.9691355578645555,Bear,-16.93207993889052
ddpeak,16.0,2022-03,0.9845559187584026,Bear,-21.879891694006993
ddpeak,16.0,2022-04,0.9922707834258206,Bear,-20.0204095960431
ddpeak,16.0,2022-05,0.9961232274627103,Bear,-19.74794040710648
ddpeak,16.0,2022-06,0.9980592011164928,Bear,-14.92113843121784
ddpeak,16.0,2022-07,0.9990187418015981,Bear,-14.92113843121784
ddpeak,16.0,2022-08,0.9994962123238629,Bear,-12.805568347769302
ddpeak,16.0,2022-09,0.999748105661931,Bear,-10.650944354368285
ddpeak,16.0,2022-10,0.9998666835488432,Bear,-10.650944354368285
ddpeak,16.0,2022-11,0.9999261272602521,Bear,-10.531330529144933
ddpeak,16.0,2022-12,0.9999630630931946,Bear,-5.436753639916714
ddpeak,16.0,2023-01,0.7926270178426482,Bear,-5.422280511656896
ddpeak,16.0,2023-02,0.5856813963802185,Bear,-6.095455469581212
ddpeak,16.0,2023-03,0.2928781475964905,Bull,-7.652596010790235
ddpeak,16.0,2023-04,0.1464400893483737,Bull,-14.588296075938468
ddpeak,16.0,2023-05,0.07322005259083468,Bull,-14.588296075938468
ddpeak,16.0,2023-06,0.03661002990546105,Bull,-14.588296075938468
ddpeak,16.0,2023-07,0.018305034243273063,Bull,-14.588296075938468
ddpeak,16.0,2023-08,0.009152528348093715,Bull,-12.42811367563088
ddpeak,16.0,2023-09,0.00458829981888689,Bull,-8.761303280623856
ddpeak,16.0,2023-10,0.5022941476974744,Bull,-8.761303280623856
ddpeak,16.0,2023-11,0.25114716584658087,Bull,-8.761303280623856
ddpeak,16.0,2023-12,0.1255735966493093,Bull,-8.761303280623856
ddpeak,16.0,2024-01,0.06279569535626518,Bull,-6.271472847747561
ddpeak,16.0,2024-02,0.0313978570240469,Bull,-15.556748011689637
ddpeak,16.0,2024-03,0.015698934175845922,Bull,-15.556748011689637
ddpeak,16.0,2024-04,0.007849469684939844,Bull,-15.556748011689637
ddpeak,16.0,2024-05,0.00392545501716307,Bull,-16.410672322905484
ddpeak,16.0,2024-06,0.001962732160590606,Bull,-18.35716885207005
ddpeak,16.0,2024-07,0.0009813966272481745,Bull,-15.01612366365288
ddpeak,16.0,2024-08,0.0004936441656505552,Bull,-11.951507716337185
ddpeak,16.0,2024-09,0.0016750299334281783,Bull,-10.361688207723441
ddpeak,16.0,2024-10,0.034943385389733045,Bull,-14.142513086077047
ddpeak,16.0,2024-11,0.517466563959751,Bull,-14.142513086077047
ddpeak,16.0,2024-12,0.7587055730864811,Bear,-14.142513086077047
ddpeak,16.0,2025-01,0.7108460797531924,Bear,-14.142513086077047
ddpeak,16.0,2025-02,0.42825004273660744,Bear,-13.246896601141799
ddpeak,16.0,2025-03,0.7141250208246469,Bear,-9.030334502270755
ddpeak,16.0,2025-04,0.36457770496766734,Bull,-4.149986320647181
ddpeak,16.0,2025-05,0.18228885287377156,Bull,-8.901506871653952
ddpeak,16.0,2025-06,0.09114442643690249,Bull,-8.901506871653952
ddpeak,16.0,2025-07,0.04557221321845529,Bull,-8.901506871653952
ddpeak,16.0,2025-08,0.022786106609537747,Bull,-8.901506871653952
ddpeak,16.0,2025-09,0.011393053305441906,Bull,-19.894662107505688
ddpeak,16.0,2025-10,0.00569652665939186,Bull,-19.894662107505688
ddpeak,16.0,2025-11,0.002848263580067271,Bull,-19.894662107505688
ddpeak,16.0,2025-12,0.0014241318051949907,Bull,-19.894662107505688
ddpeak,16.0,2026-01,0.0007120699309319845,Bull,-38.630429604794614
ddpeak,16.0,2026-02,0.0003560355112027875,Bull,
ddpeak,16.0,2026-03,0.5001644118709739,Bull,
ddpeak,16.0,2026-04,0.25008220728359604,Bull,
ddpeak,16.0,2026-05,0.4966934100370577,Bull,
ddpeak,16.0,2026-06,0.24836338514820883,Bull,
ddpeak,16.0,2026-07,0.62418081408409,Bear,
