variant,ym,p_risk,regime,ret,dd6,breadth,newlow_raw,newlow_t,trend,P_S0,P_S1,P_S2
baseline,2004-01,,Benign,0.04115495923412649,-22.1225153975113,0.42348008385744235,0.029227557411273485,0.029227557411273485,0.15824128686832947,,,
baseline,2004-02,,Benign,-0.0033053167990804155,-23.125651268905422,0.4716981132075472,0.03333333333333333,0.03333333333333333,0.1613811332129025,,,
baseline,2004-03,,Benign,-0.020056755416844152,-23.125651268905422,0.4225941422594142,0.041666666666666664,0.041666666666666664,0.12127312523347315,,,
baseline,2004-04,,Benign,-0.06837883983548998,-17.04822669606366,0.4435146443514644,0.079002079002079,0.079002079002079,0.07128273535108715,,,
baseline,2004-05,,Benign,-0.022454777350083832,-11.790086712312286,0.27348643006263046,0.043568464730290454,0.043568464730290454,-0.010148399600305103,,,
baseline,2004-06,,Benign,-0.06420284374016216,-8.936841114166516,0.28958333333333336,0.022821576763485476,0.022821576763485476,-0.03760665885061895,,,
baseline,2004-07,,Benign,0.0927869801410397,-8.936841114166516,0.225,0.05578512396694215,0.05578512396694215,-0.1056667270607355,,,
baseline,2004-08,,Benign,0.03922498257022733,-8.936841114166516,0.38958333333333334,0.02053388090349076,0.02053388090349076,-0.01601324675233033,,,
baseline,2004-09,,Benign,-0.0002993689206676198,-8.936841114166516,0.5435684647302904,0.026694045174537988,0.026694045174537988,0.017163207917091326,,,
baseline,2004-10,,Benign,0.05177036236022192,-10.900575155165859,0.5663900414937759,0.03696098562628337,0.03696098562628337,0.011368610080991055,,,
baseline,2004-11,,Benign,0.020340279025603536,-10.900575155165859,0.6970954356846473,0.02459016393442623,0.02459016393442623,0.060744857088629985,,,
baseline,2004-12,,Benign,0.04105280605239425,-10.900575155165859,0.7125256673511293,0.016293279022403257,0.016293279022403257,0.08167439434173603,,,
baseline,2005-01,,Benign,0.08433576939534881,-10.900575155165859,0.8459958932238193,0.014256619144602852,0.014256619144602852,0.11980339957208566,,,
baseline,2005-02,,Benign,-0.045166897383133287,-10.900575155165859,0.9301848049281314,0.012195121951219513,0.012195121951219513,0.1917411217093751,,,
baseline,2005-03,,Benign,-0.05631265563671062,-8.150820576126073,0.889344262295082,0.014227642276422764,0.014227642276422764,0.11883663529980971,,,
baseline,2005-04,,Benign,0.06464395365828834,-8.322152523383552,0.7402862985685071,0.028455284552845527,0.028455284552845527,0.0381519981234112,,,
baseline,2005-05,,Benign,0.03911519187847001,-8.322152523383552,0.7576374745417516,0.016260162601626018,0.016260162601626018,0.07708156318980375,,,
baseline,2005-06,,Benign,0.10229533870135499,-8.322152523383552,0.8065173116089613,0.014198782961460446,0.014198782961460446,0.09291739768206721,,,
baseline,2005-07,,Benign,-0.02516002305878673,-8.746719412492364,0.8780487804878049,0.012072434607645875,0.012072434607645875,0.16735933682648987,,,
baseline,2005-08,,Benign,0.12708967654909675,-8.746719412492364,0.7439024390243902,0.01603206412825651,0.01603206412825651,0.11176872813970651,,,
baseline,2005-09,,Benign,-0.05151474919205312,-8.746719412492364,0.9004065040650406,0.005671077504725898,0.005671077504725898,0.19932315682764482,,,
baseline,2005-10,,Benign,0.12030805175416193,-8.746719412492364,0.8536585365853658,0.007518796992481203,0.007518796992481203,0.11552293340277414,,,
baseline,2005-11,,Benign,0.0631474730322672,-11.5340989307117,0.8985801217038539,0.00375234521575985,0.00375234521575985,0.19429252939974578,,,
baseline,2005-12,,Benign,0.014832830212289538,-17.808423193543497,0.8373493975903614,0.009328358208955223,0.009328358208955223,0.22232906025660304,,,
baseline,2006-01,,Benign,-0.0201738719136767,-17.808423193543497,0.7454909819639278,0.005597014925373134,0.005597014925373134,0.199220547453102,,,
baseline,2006-02,,Benign,-0.00874167246273494,-17.808423193543497,0.6616257088846881,0.00558659217877095,0.00558659217877095,0.1435452088081431,,,
baseline,2006-03,,Benign,0.04422624739817227,-17.808423193543497,0.5902255639097744,0.0074211502782931356,0.0074211502782931356,0.10154566353499148,,,
baseline,2006-04,,Benign,-0.07186579891986777,-17.808423193543497,0.6303939962476548,0.011131725417439703,0.011131725417439703,0.11278025181992381,,,
baseline,2006-05,,Benign,-0.01711309675450623,-8.639293468825793,0.416044776119403,0.05730129390018484,0.05730129390018484,0.015212804000979619,,,
baseline,2006-06,,Benign,0.002061476913616911,-5.153632653612938,0.2947761194029851,0.011029411764705883,0.011029411764705883,-0.013166327380923458,,,
baseline,2006-07,,Benign,0.04231715200737107,-5.9967543387908995,0.24394785847299813,0.014678899082568808,0.014678899082568808,-0.016672469677263595,,,
baseline,2006-08,,Benign,0.013801650043684832,-5.9967543387908995,0.33766233766233766,0.012844036697247707,0.012844036697247707,0.014602599869848435,,,
baseline,2006-09,,Benign,-0.005002140264830257,-6.386264430782818,0.49907578558225507,0.01282051282051282,0.01282051282051282,0.02320683621676341,,,
baseline,2006-10,,Benign,0.04958404579405595,-6.386264430782818,0.522140221402214,0.012750455373406194,0.012750455373406194,0.01908522473013526,,,
baseline,2006-11,,Benign,0.0015709987092444866,-6.386264430782818,0.7522935779816514,0.014519056261343012,0.014519056261343012,0.06400078824017569,,,
baseline,2006-12,,Benign,-0.0517476837905162,-6.386264430782818,0.7119266055045872,0.019855595667870037,0.019855595667870037,0.059890355051110525,,,
baseline,2007-01,,Benign,0.04198553639575109,-6.386264430782818,0.5394495412844037,0.032432432432432434,0.032432432432432434,0.004252712379903002,,,
baseline,2007-02,,Benign,0.024842369408128562,-18.268953995384496,0.6190476190476191,0.03423423423423423,0.03423423423423423,0.0450758281281636,,,
baseline,2007-03,,Benign,0.061746541180188075,-18.268953995384496,0.7231329690346083,0.012612612612612612,0.012612612612612612,0.06339369480008655,,,
baseline,2007-04,,Benign,0.10288284894052024,-18.268953995384496,0.8061594202898551,0.01981981981981982,0.01981981981981982,0.10289315874078206,,,
baseline,2007-05,,Benign,0.0250982947648013,-18.268953995384496,0.8826714801444043,0.012589928057553957,0.012589928057553957,0.1760744838779892,,,
baseline,2007-06,,Benign,0.10878071036997672,-18.268953995384496,0.8954954954954955,0.012544802867383513,0.012544802867383513,0.17157764065553208,,,
baseline,2007-07,,Benign,-0.031051032028847292,-23.042352546683908,0.9117117117117117,0.012522361359570662,0.012522361359570662,0.2357287915979698,,,
baseline,2007-08,,Benign,0.03909802834457499,-23.042352546683908,0.8432432432432433,0.008928571428571428,0.008928571428571428,0.17232185377212264,,,
baseline,2007-09,,Benign,0.060812398984444904,-23.75039993492264,0.8216216216216217,0.010676156583629894,0.010676156583629894,0.18597959723074153,,,
baseline,2007-10,,Benign,-0.0769305712974303,-23.75039993492264,0.6834532374100719,0.01060070671378092,0.01060070671378092,0.20556931502929685,,,
baseline,2007-11,,Benign,-0.0046537225168874485,-19.390534055808338,0.4946236559139785,0.012345679012345678,0.012345679012345678,0.09064464839158813,,,
baseline,2007-12,,Benign,-0.1436116399354005,-17.00938062473454,0.4400715563506261,0.012280701754385965,0.012280701754385965,0.061961428788612466,,,
baseline,2008-01,,Benign,0.05351203839037111,-20.19609395422751,0.16607142857142856,0.03152364273204904,0.03152364273204904,-0.11030726319812328,,,
baseline,2008-02,,Benign,-0.004457768023614417,-21.95639635110014,0.23309608540925267,0.017452006980802792,0.017452006980802792,-0.06571552666346805,,,
baseline,2008-03,,Benign,0.07129148713604883,-26.530536804210758,0.19081272084805653,0.015706806282722512,0.015706806282722512,-0.07085405855911349,,,
baseline,2008-04,,Benign,0.014544226557667628,-50.301236840175,0.26455026455026454,0.017421602787456445,0.017421602787456445,-0.002413875470199361,,,
baseline,2008-05,,Benign,-0.095625303030343,-49.31210299564691,0.356140350877193,0.017421602787456445,0.017421602787456445,0.01613525253455018,,,
baseline,2008-06,,Benign,-0.04791273487358194,-43.95254845785039,0.29597197898423816,0.10416666666666667,0.10416666666666667,-0.08147053381121248,,,
baseline,2008-07,,Benign,-0.0755203586899934,-41.13202266736796,0.24781849912739964,0.031088082901554404,0.031088082901554404,-0.10874284490467363,,,
baseline,2008-08,,Benign,-0.01775825633142869,-37.484600271205935,0.17770034843205576,0.14457831325301204,0.14457831325301204,-0.16019089939252723,,,
baseline,2008-09,,Benign,-0.23134399572164677,-35.17188776606094,0.14285714285714285,0.10652920962199312,0.10652920962199312,-0.15005229851235985,,,
baseline,2008-10,,Benign,-0.03323280897476555,-19.704612573727786,0.01916376306620209,0.024054982817869417,0.024054982817869417,-0.3676482008703952,,,
baseline,2008-11,,Benign,0.044978511462916426,-17.046503244304912,0.05025996533795494,0.010309278350515464,0.010309278350515464,-0.36328060602431195,,,
baseline,2008-12,,Benign,0.033473561437039834,-17.046503244304912,0.06368330464716007,0.010309278350515464,0.010309278350515464,-0.2797203962162543,,,
baseline,2009-01,0.9999978057129245,Risk,-0.08525867370867979,-15.818915824881863,0.0963855421686747,0.00859106529209622,0.00859106529209622,-0.21296970755925537,4.587865152113035e-10,4.387656577866757e-06,0.9999956118846356
baseline,2009-02,0.9999909144450856,Risk,0.13473747356270582,-5.23507102218862,0.11855670103092783,0.02577319587628866,0.02577319587628866,-0.2549394517452872,5.5340506655726546e-08,3.184296449358342e-05,0.9999681016949997
baseline,2009-03,0.9996728796051165,Risk,0.13521129297623613,-5.23507102218862,0.3556701030927835,0.005128205128205128,0.005128205128205128,-0.07152892309056592,0.000163725081983183,0.0009628603057385825,0.9988734146122782
baseline,2009-04,0.5000774238777087,Risk,0.019374035739815998,-8.039541043237852,0.7920962199312714,0.005119453924914676,0.005119453924914676,0.08430311563580845,0.9992613446614591,0.0005133743764799512,0.0002252809620610063
baseline,2009-05,0.2500389571504389,Benign,-0.004169431902441678,-11.308526734305968,0.8333333333333334,0.005110732538330494,0.005110732538330494,0.11582055272844527,0.9999991007951515,8.17563358841296e-07,8.16414896013615e-08
baseline,2009-06,0.12501993638969963,Benign,0.12029617158463801,-11.308526734305968,0.8092783505154639,0.003395585738539898,0.003395585738539898,0.12039650568715698,0.9999984191345058,1.3304730677163767e-06,2.5039242654317017e-07
baseline,2009-07,0.06251001177442615,Benign,0.022192357015423214,-11.308526734305968,0.8970840480274442,0.003389830508474576,0.003389830508474576,0.2288316787069986,0.9999998572823094,1.1111707592137808e-07,3.160061470599978e-08
baseline,2009-08,0.03125508267460546,Benign,0.0510663946409764,-11.308526734305968,0.8683760683760684,0.005084745762711864,0.005084745762711864,0.21152881440654714,0.9999997621772775,1.6849587539979637e-07,6.932684706055084e-08
baseline,2009-09,0.015629714378344015,Benign,-0.05525543136425026,-9.826886588548733,0.7662116040955631,0.005067567567567568,0.005067567567567568,0.21100335580063334,0.9999951513631833,1.0051094682874236e-06,3.843527348430075e-06
baseline,2009-10,0.007862566537832441,Benign,-0.015872794001580925,-9.826886588548733,0.6207482993197279,0.008431703204047217,0.008431703204047217,0.11846226221756012,0.9999009480935391,7.266418280181639e-06,9.178548818077841e-05
baseline,2009-11,0.007490887736520523,Benign,0.08174983668112512,-10.921698461936312,0.47368421052631576,0.0067226890756302525,0.0067226890756302525,0.0712545545250961,0.9928341720537717,9.323802203953493e-05,0.007072589924188838
baseline,2009-12,0.004115878151674768,Benign,-0.047742689070899846,-10.921698461936312,0.5610169491525424,0.008389261744966443,0.008389261744966443,0.11033078928034609,0.9992485402339297,2.118239848247996e-05,0.0007302773675877725
baseline,2010-01,0.012381695664828017,Benign,-0.0048988707108124085,-10.921698461936312,0.3559322033898305,0.01669449081803005,0.01669449081803005,0.034310035476126294,0.9587266630732394,0.041251647497558976,2.1689429201780167e-05
baseline,2010-02,0.03472640916928656,Benign,0.06162752714789543,-10.921698461936312,0.40878378378378377,0.0066555740432612314,0.0066555740432612314,0.015479414443327906,0.8858655346541928,0.11412668534412429,7.780001682955787e-06
baseline,2010-03,0.02159407382791328,Benign,0.028774010520898452,-10.921698461936312,0.5430016863406408,0.008305647840531562,0.008305647840531562,0.05702194992769746,0.9830785712815282,0.016919380463863622,2.048254608195984e-06
baseline,2010-04,0.08933578653108248,Benign,-0.05759781759966809,-10.37748320233044,0.5932773109243697,0.03820598006644518,0.03820598006644518,0.06308711798021331,0.7054555078731516,0.27493398578519346,0.019610506341654947
baseline,2010-05,0.10623350283969335,Benign,0.03475402227722779,-3.91121457460053,0.4429530201342282,0.01652892561983471,0.01652892561983471,-0.0029349726695730993,0.7537667709424827,0.246204019818426,2.9209239091203437e-05
baseline,2010-06,0.07919680187714573,Benign,0.035941986108499524,-3.845078550467851,0.52,0.014802631578947368,0.014802631578947368,0.02514853549060055,0.895701324469146,0.10427714923251201,2.1526298342111046e-05
baseline,2010-07,0.04321254650979127,Benign,-0.009424017363899306,-3.845078550467851,0.5640599001663894,0.016339869281045753,0.016339869281045753,0.055829218533211336,0.9855527202292321,0.014437977256661945,9.302514105837798e-06
baseline,2010-08,0.15245647429999007,Benign,0.07462921164467073,-8.337227923902812,0.5149501661129569,0.037520391517128875,0.037520391517128875,0.0363023259848881,0.5057348328550907,0.4651295301094408,0.02913563703546848
baseline,2010-09,0.08082881956655616,Benign,0.005414266402295365,-9.064177775192928,0.6461794019933554,0.00487012987012987,0.00487012987012987,0.09618033981896787,0.9815989260635297,0.018399818206696027,1.2557297742467148e-06
baseline,2010-10,0.04093679459276613,Benign,0.011513876774815301,-9.064177775192928,0.7166392092257001,0.003246753246753247,0.003246753246753247,0.08833412707003842,0.9979110520440894,0.0020883566738690495,5.912820415845812e-07
baseline,2010-11,0.02212246140203416,Benign,0.07684956907217955,-9.064177775192928,0.5773026315789473,0.021103896103896104,0.021103896103896104,0.08175307313050299,0.99339698755339,0.006589768470615587,1.324397599439252e-05
baseline,2010-12,0.011470129145292468,Benign,0.009132121145173144,-9.390475387247498,0.6356209150326797,0.004838709677419355,0.004838709677419355,0.13271851868142573,0.9983647633436018,0.0016348795356950399,3.571207032556889e-07
baseline,2011-01,0.006963155715857753,Benign,-0.0630178491259451,-9.390475387247498,0.5481239804241436,0.04019292604501608,0.04019292604501608,0.11957276955761448,0.9950876354277473,0.004912364571659423,5.933267071445743e-13
baseline,2011-02,0.007280599593667789,Benign,0.0863197535857878,-23.251203200063088,0.4042207792207792,0.0688,0.0688,0.04138724794095733,0.9869517725197416,0.010900368017561154,0.0021478594626972484
baseline,2011-03,0.005813669266100503,Benign,0.040660824149329144,-25.852864569071464,0.5097402597402597,0.011164274322169059,0.011164274322169059,0.10304364967273119,0.9913065221229337,0.008693477877066131,1.5216833428883868e-16
baseline,2011-04,0.0053673207055895495,Benign,-0.022756360394378228,-25.852864569071464,0.512987012987013,0.030254777070063694,0.030254777070063694,0.11869774828595674,0.9901580557099189,0.009841944290004952,7.611968731560436e-14
baseline,2011-05,0.006811795895879661,Benign,-0.01950087042907933,-24.20813200447799,0.4251207729468599,0.042993630573248405,0.042993630573248405,0.07751751056133888,0.9834874591133049,0.016512539601050615,1.2856444644367674e-09
baseline,2011-06,0.009418200811946175,Benign,0.015480637523060725,-24.20813200447799,0.432475884244373,0.006309148264984227,0.006309148264984227,0.04126517741947798,0.9759507885439772,0.02404921145602039,2.4951668992300075e-15
baseline,2011-07,0.0058475887493619995,Benign,-0.11864747503555884,-23.91924189646364,0.5846645367412141,0.0047169811320754715,0.0047169811320754715,0.04127518485936128,0.9954460466264444,0.004553953373555481,8.36415606028072e-17
baseline,2011-08,0.14820277118852265,Benign,-0.058751861219887624,-12.122613715830276,0.36363636363636365,0.0015723270440251573,0.0015723270440251573,-0.08285941892949396,0.41888409274464317,0.5811159072553469,9.893985623957544e-15
baseline,2011-09,0.3218668835172903,Benign,0.07876133866014645,-7.933741609358291,0.2054140127388535,0.031446540880503145,0.031446540880503145,-0.1365310667223814,0.008938025229272702,0.9910619578493388,1.6921388507518932e-08
baseline,2011-10,0.408336029092767,Benign,-0.03222579979734985,-7.882660174514566,0.2761904761904762,0.006289308176100629,0.006289308176100629,-0.05115424439360188,0.010389650666489978,0.9896103493305326,2.9774040628202144e-12
baseline,2011-11,0.44994079306707313,Benign,-0.011783437933314267,-13.020185847949882,0.2854889589905363,0.018867924528301886,0.018867924528301886,-0.07140901812878174,0.016908886510435855,0.9830911128963696,5.931944562220394e-10
baseline,2011-12,0.47174625224319067,Benign,0.07123141823246693,-13.020185847949882,0.33490566037735847,0.009404388714733543,0.009404388714733543,-0.07711183414770117,0.012896577173746322,0.987103422813891,1.236275607263642e-11
baseline,2012-01,0.4620263643140984,Benign,0.03807155136815821,-13.661869861640385,0.44654088050314467,0.004702194357366771,0.004702194357366771,0.00013734079217226375,0.09538704723065759,0.9046129527686727,6.697282089539612e-13
baseline,2012-02,0.2554521237384681,Benign,-0.007984219154045014,-13.661869861640385,0.6572327044025157,0.006259780907668232,0.006259780907668232,0.046407847367799133,0.9022442336743284,0.09775576632566738,4.1676604377892775e-15
baseline,2012-03,0.140766547884481,Benign,-0.015913312648463407,-13.661869861640385,0.5220125786163522,0.010954616588419406,0.010954616588419406,0.04221316966275463,0.9478380559390651,0.05216194406088191,5.295587949263589e-14
baseline,2012-04,0.07088741720878594,Benign,-0.06988936382815414,-11.493339096104327,0.38836477987421386,0.051643192488262914,0.051643192488262914,0.031500741932268234,0.9979842705333675,0.0020148858670830604,8.435995493489124e-07
baseline,2012-05,0.037381776618370124,Benign,0.005717499731487274,-7.3236472533480645,0.3213166144200627,0.050078247261345854,0.050078247261345854,-0.029407077981188294,0.9922480360419044,0.007751655860282697,3.080978129521534e-07
baseline,2012-06,0.08835860844848031,Benign,0.015091601621011197,-7.3236472533480645,0.39184952978056425,0.0140625,0.0140625,-0.025556756071804798,0.7213291194430772,0.27867088055666467,2.5815206293807967e-13
baseline,2012-07,0.21759065652299406,Benign,0.012290184859023556,-7.3236472533480645,0.3395931142410016,0.0171606864274571,0.0171606864274571,-0.013657506765791227,0.30635459083902666,0.693645409126931,3.404231356241141e-11
baseline,2012-08,0.30365919209751857,Benign,0.0478132432884939,-7.3236472533480645,0.4507042253521127,0.014040561622464899,0.014040561622464899,-0.003589130206397849,0.22054454466333678,0.7794554553292403,7.422941074853716e-12
baseline,2012-09,0.21365175254236118,Benign,-0.04215483540831033,-6.781851986112352,0.5774647887323944,0.014040561622464899,0.014040561622464899,0.03794308130433076,0.7527113740258109,0.24728862597397064,2.1845568978943772e-13
baseline,2012-10,0.13619838773369636,Benign,0.010899221353768418,-6.451672422199928,0.5007824726134585,0.029503105590062112,0.029503105590062112,-0.010632422558024934,0.88250995502692,0.11749004409609688,8.769830679943863e-10
baseline,2012-11,0.0822978821303811,Benign,0.03318848549009101,-6.451672422199928,0.4546875,0.030959752321981424,0.030959752321981424,0.0028183782082578926,0.9432052479450004,0.05679475105586734,9.991321761916032e-10
baseline,2012-12,0.059649343946535587,Benign,-0.017580985234935786,-12.331740126719692,0.48829953198127923,0.0046439628482972135,0.0046439628482972135,0.03729184304887848,0.9259983884746235,0.07400161152537295,3.59905723082433e-15
baseline,2013-01,0.030312585834301183,Benign,0.03290113395716787,-12.132306921640767,0.5351014040561622,0.018575851393188854,0.018575851393188854,0.021832651438406066,0.9980483445558703,0.0019516554441256205,3.96937962609647e-15
baseline,2013-02,0.015298048790390434,Benign,-0.010658811881641417,-12.132306921640767,0.6090342679127726,0.007739938080495356,0.007739938080495356,0.05412612020521722,0.9994329765070405,0.0005670234929593665,5.416705111982704e-19
baseline,2013-03,0.0077030412104482525,Benign,-0.02042010443338027,-11.185651488465798,0.6319875776397516,0.009287925696594427,0.009287925696594427,0.03556642853750416,0.9997839327389879,0.0002160672610121415,3.1293638812385565e-19
baseline,2013-04,0.003908720797628171,Benign,0.01889055147974239,-11.021884452870378,0.6253869969040248,0.010819165378670788,0.010819165378670788,0.010206728522246874,0.9997711992303838,0.00022880076961617713,1.1725080553973132e-18
baseline,2013-05,0.0019646209368203113,Benign,-0.06882891440907302,-11.015218938396721,0.6873065015479877,0.0030864197530864196,0.0030864197530864196,0.021540732752069407,0.9999589578479751,4.1042152024903596e-05,8.758324426247269e-21
baseline,2013-06,0.007450440113032146,Benign,0.02721490912433233,-4.77913215205239,0.4891640866873065,0.0015432098765432098,0.0015432098765432098,-0.04779646160269803,0.9741274814215121,0.02587251857848796,9.188676633160995e-19
baseline,2013-07,0.004288753723497465,Benign,0.006441882241114527,-7.246142739958561,0.5681114551083591,0.007716049382716049,0.007716049382716049,-0.014719593069165772,0.9977458653320747,0.0022541346679249906,2.8833488116615755e-16
baseline,2013-08,0.00416461438154378,Benign,0.03664941969455038,-8.3866660186533,0.46367851622874806,0.01848998459167951,0.01848998459167951,-0.006923695813577788,0.9919190499208774,0.008080950079064968,5.760972370893802e-14
baseline,2013-09,0.0024025006307077687,Benign,0.016590219899681458,-8.3866660186533,0.5564142194744977,0.013846153846153847,0.013846153846153847,0.02545937463204781,0.9987192262402577,0.00128077375974114,1.1876196251071054e-15
baseline,2013-10,0.0018535253131187627,Benign,0.007280479951982111,-7.768226263366884,0.5246913580246914,0.013824884792626729,0.013824884792626729,0.039725518451936746,0.9973909000089408,0.002609099991058815,3.492955767414356e-16
baseline,2013-11,0.004760874053198449,Benign,-0.016397144746090997,-7.727631580911054,0.4567901234567901,0.009188361408882083,0.009188361408882083,0.04477692635325284,0.9846635544134449,0.015336445586554033,1.1194496190189644e-15
baseline,2013-12,0.005451558740788254,Benign,-0.034897104715772675,-6.189405687248028,0.42592592592592593,0.019877675840978593,0.019877675840978593,0.028749479173697367,0.9877155131441616,0.01228448685492072,9.176985883245074e-13
baseline,2014-01,0.005352217925530225,Benign,0.02000873983557061,-3.421768335813602,0.43143297380585516,0.010703363914373088,0.010703363914373088,-0.005370800305059548,0.9894942457794557,0.010505754220544391,4.162958700108293e-56
baseline,2014-02,0.008136948289008891,Benign,0.0028383957216482347,-3.421768335813602,0.5153846153846153,0.013761467889908258,0.013761467889908258,0.014360489492486599,0.9781566426950249,0.021843357304975112,2.390228438852586e-53
baseline,2014-03,0.01446135408941788,Benign,-0.011996286513861865,-3.421768335813602,0.5806451612903226,0.010703363914373088,0.010703363914373088,0.018440361331302,0.9584284802203463,0.04157151977965374,5.2300152158938175e-67
baseline,2014-04,0.017745348587722982,Benign,0.01690798771251334,-8.736636425309053,0.5911179173047473,0.010687022900763359,0.010687022900763359,-0.0013179598132411067,0.9579413138279438,0.042058686172056166,1.0275304938744683e-68
baseline,2014-05,0.2587783261248081,Benign,0.0036341581495165087,-8.736636425309053,0.5886850152905199,0.05030487804878049,0.05030487804878049,0.01054159749314762,0.00037739417186001263,0.9996226043324933,1.4956466288225743e-09
baseline,2014-06,0.3126301442740862,Benign,0.03691428855712653,-8.888370740264406,0.5688073394495413,0.007621951219512195,0.007621951219512195,0.009353322563359141,0.2670360751532713,0.7329639248467287,1.2377037353804178e-77
baseline,2014-07,0.3773544459178131,Benign,-0.0036510787898287322,-9.515865937522005,0.6467889908256881,0.0213089802130898,0.0213089802130898,0.043797608487609586,0.11584250487691998,0.8841574951230801,1.922325858739519e-48
baseline,2014-08,0.37291747743430126,Benign,-0.023422352155265003,-8.996204297547195,0.6758409785932722,0.010574018126888218,0.010574018126888218,0.03889974820819407,0.26303898209842097,0.736961017901579,2.2703889151351024e-79
baseline,2014-09,0.4364586894760528,Benign,-0.027553184784407714,-6.813558652203144,0.6641221374045801,0.05740181268882175,0.05740181268882175,0.01351043889129138,1.9696439110779329e-07,0.9999998030356089,1.779963627030223e-19
baseline,2014-10,0.4659875716590449,Benign,0.008323012343988134,-5.243581772122841,0.5289634146341463,0.03469079939668175,0.03469079939668175,-0.012503524833585187,0.008967092315925962,0.991032907684074,8.126705190131257e-24
baseline,2014-11,0.4386257881157523,Benign,-0.03291130893504779,-5.243581772122841,0.4496951219512195,0.024096385542168676,0.024096385542168676,-0.00534189142940645,0.17747199085508067,0.8225280091449194,2.1207334378524016e-29
baseline,2014-12,0.44101010305538924,Benign,0.017576853369501766,-6.657278067984107,0.3668188736681887,0.03453453453453453,0.03453453453453453,-0.03828321931380702,0.11321116427332263,0.8867888354633023,2.633750656530064e-10
baseline,2015-01,0.2209981599687849,Benign,0.018745595189680886,-7.232871732847979,0.4622356495468278,0.016467065868263474,0.016467065868263474,-0.01889628763830438,0.9980275662356388,0.0019724337643612245,1.238697120261837e-18
baseline,2015-02,0.1238701163059951,Benign,0.027812458007211216,-15.809252161832122,0.6057401812688822,0.004491017964071856,0.004491017964071856,0.0009564439477115414,0.9465158547135895,0.05348414528641059,2.9376742346318767e-39
baseline,2015-03,0.12312029605294893,Benign,0.04220412798522122,-15.809252161832122,0.6998491704374057,0.005979073243647235,0.005979073243647235,0.027424305420686964,0.7552590484001944,0.2447409515998055,2.0787601650458494e-46
baseline,2015-04,0.1973122578232184,Benign,-0.005815178618157391,-14.737897799264788,0.7650602409638554,0.0029895366218236174,0.0029895366218236174,0.06270577857667142,0.4569915608130242,0.5430084391869757,2.7169987067397854e-56
baseline,2015-05,0.2751961619213261,Benign,-0.019198078645188077,-13.475978043044623,0.7252252252252253,0.01195814648729447,0.01195814648729447,0.053034752267822415,0.29383986796113243,0.7061601320388676,2.2934807603826177e-42
baseline,2015-06,0.2833518207686474,Benign,-0.021232242806343726,-13.169271506729208,0.6362275449101796,0.013412816691505217,0.013412816691505217,0.03343840794307418,0.41698504076806264,0.5830149592319374,2.2370535102081376e-32
baseline,2015-07,0.3289231657122592,Benign,-0.04367638139480012,-10.339199628550688,0.6287425149700598,0.0237741456166419,0.0237741456166419,0.009608554563292081,0.2510109786882578,0.7489890213117422,2.5678957644827833e-24
baseline,2015-08,0.1706528182220475,Benign,0.010981291928680692,-10.594951610021997,0.47832585949177875,0.004451038575667656,0.004451038575667656,-0.03589627518248424,0.9752350585363284,0.024764941463671537,1.1246441838702438e-31
baseline,2015-09,0.08571249460449934,Benign,0.03396146856773963,-10.594951610021997,0.49177877428998507,0.0073964497041420114,0.0073964497041420114,-0.023482359340020888,0.9984556580260977,0.0015443419739023462,6.21932189193441e-29
baseline,2015-10,0.043370726659353466,Benign,-0.018477730905773315,-10.594951610021997,0.43946188340807174,0.02064896755162242,0.02064896755162242,0.004785644946230964,0.9979420825716268,0.0020579174283314457,4.187272413610051e-14
baseline,2015-11,0.021761272027209864,Benign,-0.015391754173157857,-9.320975498543882,0.3561847988077496,0.02643171806167401,0.02643171806167401,-0.0176122193613024,0.9996963809587551,0.0003036032923572555,1.5748887635737758e-08
baseline,2015-12,0.010893536514924461,Benign,-0.02511076705297277,-6.425808542849055,0.34175334323922735,0.021994134897360705,0.021994134897360705,-0.03279132288627723,0.9999483980126966,5.160196932845611e-05,1.7974829206066216e-11
baseline,2016-01,0.005456079784014767,Benign,0.0024057694031434096,-5.023973796205061,0.31602373887240354,0.01906158357771261,0.01906158357771261,-0.05113123521373259,0.9999627538954148,3.724610296033587e-05,1.6249058819555574e-12
baseline,2016-02,0.002746435781194738,Benign,0.04131663414171549,-5.023973796205061,0.30280649926144754,0.024890190336749635,0.024890190336749635,-0.03833859023393697,0.9999264251429966,7.356615725732632e-05,8.699746045444997e-09
baseline,2016-03,0.004099596612724275,Benign,-0.0008517429629829598,-5.023973796205061,0.43593519882179677,0.02046783625730994,0.02046783625730994,0.009043664080544057,0.9890944851135941,0.010905514884304258,2.101682258907214e-12
baseline,2016-04,0.006480107762285572,Benign,-0.0053907679303911715,-5.023973796205061,0.5242290748898678,0.011695906432748537,0.011695906432748537,0.011564655937463983,0.9822787621763063,0.01772123782369374,5.43633967560001e-22
baseline,2016-05,0.005956101423438567,Benign,-0.006579635306791065,-5.333731359629579,0.4750733137829912,0.008746355685131196,0.008746355685131196,0.010346840610232071,0.9891358098308168,0.010864190169183127,1.3575417930814872e-22
baseline,2016-06,0.004041136284714383,Benign,0.023264885115996004,-5.333731359629579,0.4178885630498534,0.00727802037845706,0.00727802037845706,0.0014509334445545186,0.9957476577080197,0.0042523422919803966,2.4245662898630043e-22
baseline,2016-07,0.021887851316897248,Benign,0.009155924562810336,-5.333731359629579,0.5183016105417276,0.026124818577648767,0.026124818577648767,0.021992937983596052,0.920530867328074,0.0794691326456916,2.623431388884676e-11
baseline,2016-08,0.30242077216030855,Benign,0.004413525845230248,-5.333731359629579,0.45321637426900585,0.060781476121562955,0.060781476121562955,0.03099140574137041,0.006750932917754829,0.8205907481570507,0.17265831892519445
baseline,2016-09,0.19826323959185438,Benign,-0.017341722029861617,-5.176973873892088,0.5,0.017341040462427744,0.017341040462427744,0.03307340139235608,0.811788585953201,0.18821141404679737,1.5048259768130516e-15
baseline,2016-10,0.34913161979592555,Benign,-0.012304593518776774,-2.5032266220640476,0.3425655976676385,0.1239193083573487,0.1239193083573487,0.011678705601946992,6.52363563289561e-15,0.9999999999999934,2.141843820164608e-50
baseline,2016-11,0.3951064086629248,Benign,0.021668976189309852,-2.5032266220640476,0.28820960698689957,0.0603448275862069,0.0603448275862069,-0.0055371160483419805,0.11783760494015816,0.8821623950598357,6.1311343227885924e-15
baseline,2016-12,0.22597206993556815,Benign,0.020286661574530296,-2.5032266220640476,0.3367198838896952,0.00860832137733142,0.00860832137733142,0.010546851729104212,0.8863245375835771,0.11367546241642297,7.884652780464848e-21
baseline,2017-01,0.38835456930483536,Benign,0.011641600247119799,-2.5032266220640476,0.40998487140695916,0.04484304932735426,0.04484304932735426,0.02670350466294721,0.011136870046414789,0.8762521225589653,0.1126110073946199
baseline,2017-02,0.2550175009206249,Benign,0.03279249364769088,-5.37705297443093,0.4539969834087481,0.02242152466367713,0.02242152466367713,0.03408083399220426,0.7576922210305518,0.2412546928660673,0.0010530861033808746
baseline,2017-03,0.1454150528331553,Benign,0.020928309182937088,-5.37705297443093,0.5,0.008955223880597015,0.008955223880597015,0.057676754659490403,0.9283753895263963,0.07162401145583586,5.990177677944782e-07
baseline,2017-04,0.08251948773823509,Benign,0.06435901460809901,-5.37705297443093,0.5262368815592204,0.011922503725782414,0.011922503725782414,0.06899814731019348,0.9607525621186497,0.03924703047607088,4.0740527943414133e-07
baseline,2017-05,0.053148992624968305,Benign,0.018919032481777176,-5.37705297443093,0.6651718983557549,0.002976190476190476,0.002976190476190476,0.11816255622471675,0.9524430049767513,0.04755699502309445,1.542955210990244e-13
baseline,2017-06,0.12150942690246277,Benign,0.004565585480605261,-5.37705297443093,0.6154992548435171,0.017673048600883652,0.017673048600883652,0.12056172260447018,0.6202602794950821,0.37973971864992123,1.8549966330860564e-09
baseline,2017-07,0.3108381261626394,Benign,-0.016448102423411104,-5.106779372261084,0.5439642324888226,0.07363770250368189,0.07363770250368189,0.10701810246205311,1.1121157600627772e-12,0.9996663491521438,0.00033365084674409536
baseline,2017-08,0.3490129254162656,Benign,0.01323635851219862,-9.022432045446305,0.5022288261515602,0.021994134897360705,0.021994134897360705,0.07237232580256894,0.2256246560760389,0.7743752385081387,1.0541582245026237e-07
baseline,2017-09,0.4242416157574811,Benign,0.05385741417322154,-9.022432045446305,0.33825701624815363,0.010263929618768328,0.010263929618768328,0.06792414288340817,0.0010593966834987574,0.9989405944356093,8.880891856017343e-09
baseline,2017-10,0.46211877529207324,Benign,-0.01864914649028071,-9.022432045446305,0.3735294117647059,0.01466275659824047,0.01466275659824047,0.1044723427561803,8.130346997546528e-06,0.9999918696526743,3.281925538663841e-13
baseline,2017-11,0.4711933124648733,Benign,-0.003585944964967669,-9.022432045446305,0.4161764705882353,0.02046783625730994,0.02046783625730994,0.06323498219499395,0.03946430089942357,0.960535698925806,1.747703789719391e-10
baseline,2017-12,0.47830799206186236,Benign,0.04010957332950493,-10.92876031296578,0.35043988269794724,0.021897810218978103,0.021897810218978103,0.0449518288065326,0.029157477002196418,0.9708397026779041,2.820319899429997e-06
baseline,2018-01,0.24643112953022128,Benign,-0.05419911303226155,-12.107655925343652,0.5469208211143695,0.002902757619738752,0.002902757619738752,0.06663073151421918,0.9854457330014197,1.2569239706233937e-18,0.014554266998580223
baseline,2018-02,0.12362937681329823,Benign,0.0076173247545101574,-10.916038402810212,0.3812316715542522,0.049204052098408106,0.049204052098408106,0.00039833410371750775,0.9990487081755148,0.0002473354562197929,0.0007039563682652805
baseline,2018-03,0.21757494217864032,Benign,0.028427655980584055,-10.916038402810212,0.41751824817518246,0.01300578034682081,0.01300578034682081,0.0014204112093784366,0.6884794924545952,2.8448314247042697e-12,0.31152050754256
baseline,2018-04,0.5185569389700643,Benign,-0.03672203696866427,-20.646179033749025,0.5276967930029155,0.017316017316017316,0.017316017316017316,0.02586194663557565,0.18046102883330672,7.081040999635002e-08,0.8195389003562833
baseline,2018-05,0.37432730110025286,Benign,-0.03998337875727398,-19.207231269225268,0.508695652173913,0.044733044733044736,0.044733044733044736,-0.013486506385806884,0.6717628429215865,0.19627898769594415,0.1319581693824694
baseline,2018-06,0.18716365055013928,Benign,-0.013270915469926647,-15.257506834948876,0.35021707670043417,0.0953757225433526,0.0953757225433526,-0.055121105649671806,0.999999999999949,5.049053098165349e-14,4.485759494958312e-16
baseline,2018-07,0.27123632423203003,Benign,0.012033439753823538,-15.357280452694022,0.2402315484804631,0.01875901875901876,0.01875901875901876,-0.0646651771331531,0.6446910020860793,5.886432035918796e-33,0.35530899791392073
baseline,2018-08,0.6005341627101031,Risk,0.008691876707128454,-15.357280452694022,0.2976878612716763,0.017167381974248927,0.017167381974248927,-0.04319894107003041,0.07016799881182377,5.84979868952699e-16,0.9298320011881757
baseline,2018-09,0.7953592962954282,Risk,-0.1337476549186405,-14.910784013904033,0.3309248554913295,0.015714285714285715,0.015714285714285715,-0.02676937530992641,0.009815570119111142,2.7103495267032116e-13,0.9901844298806178
baseline,2018-10,0.39767976345518957,Benign,0.03309380642103732,-6.483795664071157,0.0838150289017341,0.07845934379457917,0.07845934379457917,-0.1564911710161133,0.9999997693850492,2.575476043763793e-51,2.3061495087599942e-07
baseline,2018-11,0.35593089991954824,Benign,-0.026620787987619576,-10.019876469916355,0.16017316017316016,0.02275960170697013,0.02275960170697013,-0.10311455950389839,0.685817963616093,5.447876301942813e-38,0.3141820363839069
baseline,2018-12,0.6206838678480376,Risk,0.0802581308836019,-10.019876469916355,0.1630901287553648,0.019886363636363636,0.019886363636363636,-0.11585041706123472,0.11456316422347299,1.0376145547453532e-36,0.885436835776527
baseline,2019-01,0.804756326036753,Risk,-0.004267934704496712,-10.019876469916355,0.30428571428571427,0.00425531914893617,0.00425531914893617,-0.021462696675266933,4.0132162013334115e-21,0.022342431549063794,0.9776575684509362
baseline,2019-02,0.8788602299372372,Risk,-0.02494717277311076,-15.072285771240034,0.3176638176638177,0.011347517730496455,0.011347517730496455,-0.01594087542600675,4.3844341518594774e-16,0.09407173232455614,0.9059282676754434
baseline,2019-03,0.8612391616203807,Risk,0.02939274540771497,-15.072285771240034,0.3314366998577525,0.028328611898016998,0.028328611898016998,-0.02784397746559102,1.2363062433349396e-10,0.3127638131456904,0.6872361867306791
baseline,2019-04,0.7040227255418241,Risk,-0.07344836888932471,-13.695177451700369,0.5120567375886524,0.011283497884344146,0.011283497884344146,0.009009729462064546,1.1770373028974946e-10,0.9063874208380576,0.09361257904423867
baseline,2019-05,0.6534695282553041,Risk,0.04353156003126646,-10.52373122249326,0.3045325779036827,0.03526093088857546,0.03526093088857546,-0.05755215157558609,5.77491025048441e-13,0.7941673380612765,0.20583266193814598
baseline,2019-06,0.5852602265517104,Risk,-0.049783660401832464,-10.368350250142655,0.4198581560283688,0.022598870056497175,0.022598870056497175,-0.007101519983515922,1.488719980125177e-08,0.9658981205293669,0.03410186458343337
baseline,2019-07,0.7926301130497264,Risk,-0.02803586396813429,-6.538316914075426,0.20679886685552407,0.08615819209039548,0.08615819209039548,-0.04628444306771609,1.3062507049647706e-13,9.042536506969042e-10,0.9999999990956158
baseline,2019-08,0.8939155784242035,Risk,0.04840964120898228,-12.36034800901422,0.1906779661016949,0.00847457627118644,0.00847457627118644,-0.0671955097361137,1.3159489336944562e-36,0.009597912402638763,0.9904020875973613
baseline,2019-09,0.9413575898194331,Risk,0.009902780425627533,-35.70889779916474,0.2274011299435028,0.029661016949152543,0.029661016949152543,-0.017867039511590337,8.766154190667031e-14,0.022400797570499415,0.977599202429413
baseline,2019-10,0.969335239654737,Risk,0.002150239268313925,-35.70889779916474,0.21610169491525424,0.03531073446327684,0.03531073446327684,-0.008773354293174272,1.77893054628379e-11,0.005374220984339536,0.9946257789978712
baseline,2019-11,0.9843619520005118,Risk,0.05254409231498869,-35.70889779916474,0.22284908321579688,0.04219409282700422,0.04219409282700422,-0.0060845591303646295,2.7785172495376423e-10,0.0012226707517232068,0.9987773289704251
baseline,2019-12,0.9921786211834072,Risk,-0.035792414195787936,-35.70889779916474,0.29760225669957685,0.015384615384615385,0.015384615384615385,0.04753831670836856,5.0414663514311555e-15,9.419267384720248e-06,0.9999905807326103
baseline,2020-01,0.7460893105917036,Risk,-0.062293240424381,-35.03091217438568,0.2002820874471086,0.25034965034965034,0.25034965034965034,0.009693605282830312,0.0,1.0,6.369444802641904e-75
baseline,2020-02,0.6230446552958517,Risk,-0.11694455185185326,-30.09792506344231,0.11706629055007052,0.4664804469273743,0.4664804469273743,-0.052737451993655156,0.0,1.0,1.4870281037481588e-271
baseline,2020-03,0.5882061953547981,Risk,0.10994850358748165,-7.508801311518287,0.0800561797752809,0.002793296089385475,0.002793296089385475,-0.16232042770724772,0.0,0.8932645291725109,0.10673547082748909
baseline,2020-04,0.7427660621795444,Risk,0.04212446061941999,-7.508801311518287,0.25874125874125875,0.002793296089385475,0.002793296089385475,-0.045317524689084815,0.0,0.2053481419914184,0.7946518580085816
baseline,2020-05,0.8609292048134484,Risk,0.038790945746012495,-7.508801311518287,0.36923076923076925,0.004189944134078212,0.004189944134078212,0.0002933678401253365,0.0,0.04181530510529543,0.9581846948947046
baseline,2020-06,0.8910539288051469,Risk,0.06689656450185977,-7.220151177391654,0.3551532033426184,0.004172461752433936,0.004172461752433936,0.028130658314911024,0.0,0.15764269440630924,0.8423573055936908
baseline,2020-07,0.7767607297371741,Risk,0.034142804734832444,-7.253996740571744,0.48885793871866295,0.005563282336578581,0.005563282336578581,0.08500565887107073,0.0,0.6750649386615971,0.32493506133840294
baseline,2020-08,0.6433523339125479,Risk,0.0007394002849707704,-7.253996740571744,0.5306406685236769,0.006944444444444444,0.006944444444444444,0.10648609531186078,0.0,0.9801121238241568,0.0198878761758432
baseline,2020-09,0.604406798469122,Risk,-0.02609229518459133,-7.817720647628201,0.596100278551532,0.002777777777777778,0.002777777777777778,0.09428833212388435,0.0,0.8690774739486075,0.13092252605139248
baseline,2020-10,0.741339808857981,Risk,0.14299459652479585,-7.817720647628201,0.5771905424200278,0.008321775312066574,0.008321775312066574,0.05982764941382349,0.0,0.24345436150632022,0.7565456384936798
baseline,2020-11,0.6349465025571221,Risk,0.1088741242922524,-7.817720647628201,0.8263888888888888,0.002770083102493075,0.002770083102493075,0.1789921716056031,0.0,0.9428936074874733,0.05710639251252668
baseline,2020-12,0.567473275780326,Risk,0.03575467684780964,-7.817720647628201,0.8571428571428571,0.0027624309392265192,0.0027624309392265192,0.250970199987554,0.0,0.9999999019929402,9.80070598381976e-08
baseline,2021-01,0.5337366379250255,Risk,0.012344555900485554,-6.484782512052478,0.7642163661581137,0.002758620689655172,0.002758620689655172,0.22547621511658206,0.0,0.9999999998605502,1.3944977427104928e-10
baseline,2021-02,0.5168683191051324,Risk,0.01608721402234803,-7.403461627668206,0.7534626038781164,0.006887052341597796,0.006887052341597796,0.19342085260031527,0.0,0.9999999994295212,5.704787557824474e-10
baseline,2021-03,0.5084341596171604,Risk,0.0282353247031637,-7.41072259557074,0.8174273858921162,0.001375515818431912,0.001375515818431912,0.16590025086033847,0.0,0.9999999997416231,2.5837685487505896e-10
baseline,2021-04,0.5042170799946158,Risk,0.017808864606451147,-12.008311333757815,0.81353591160221,0.012345679012345678,0.012345679012345678,0.15110312854570276,0.0,0.9999999992558575,7.44142489693643e-10
baseline,2021-05,0.5021085402880407,Risk,0.02895203751264175,-14.105002607448291,0.8234482758620689,0.00823045267489712,0.00823045267489712,0.13618449709010436,0.0,0.999999998837069,1.1629309954420296e-09
baseline,2021-06,0.5010542704165363,Risk,-0.02862269472253287,-14.105002607448291,0.8471074380165289,0.008207934336525308,0.008207934336525308,0.13013010064537364,0.0,0.9999999989099364,1.0900635632680463e-09
baseline,2021-07,0.500527159816716,Risk,-0.0009524497124010489,-20.29917010731119,0.7658402203856749,0.015047879616963064,0.015047879616963064,0.06820764477687961,0.0,0.9999999015662083,9.843379171661819e-08
baseline,2021-08,0.5002637741460537,Risk,-0.04077491126897381,-18.476031508636524,0.6145404663923183,0.009549795361527967,0.009549795361527967,0.03902834569868092,0.0,0.9999992230492173,7.769507827120801e-07
baseline,2021-09,0.5001335070523598,Risk,-0.03197976242745859,-14.804715428229386,0.4917808219178082,0.024324324324324326,0.024324324324324326,-0.01894062537778562,0.0,0.9999935200826682,6.479917331871517e-06
baseline,2021-10,0.5000684820080431,Risk,-0.044323159985223404,-13.700956530435404,0.417462482946794,0.021592442645074223,0.021592442645074223,-0.05652299926207223,0.0,0.9999930860725473,6.9139274526881194e-06
baseline,2021-11,0.7500342410040204,Risk,0.04883388649607845,-15.826997871484672,0.15279672578444747,0.28706199460916443,0.28706199460916443,-0.09672632705117,0.0,4.850624004136766e-15,0.9999999999999951
baseline,2021-12,0.6250252252727828,Risk,-0.1055563362924995,-22.578311680558038,0.23433242506811988,0.006720430107526882,0.006720430107526882,-0.04652629484340204,0.0,0.9999675809169094,3.2419083090624315e-05
baseline,2022-01,0.5625131738194074,Risk,0.013456728231198367,-17.313566132999235,0.13378378378378378,0.01478494623655914,0.01478494623655914,-0.15162837328133236,0.0,0.9999977552679359,2.2447320640844713e-06
baseline,2022-02,0.531257455332842,Risk,0.021662124120634507,-16.93207993889052,0.17813765182186234,0.012080536912751677,0.012080536912751677,-0.12499562763251286,0.0,0.9999965263074468,3.473692553180393e-06
baseline,2022-03,0.5156296868674788,Risk,-0.022700435418731346,-21.879891694006993,0.30551816958277256,0.009395973154362415,0.009395973154362415,-0.08662633775378654,0.0,0.9999961631957686,3.836804231480533e-06
baseline,2022-04,0.5078159952302974,Risk,-0.003395167554811729,-20.0204095960431,0.40860215053763443,0.013422818791946308,0.013422818791946308,-0.08958797063819257,0.0,0.999995392813768,4.607186231917853e-06
baseline,2022-05,0.5039087168761309,Risk,-0.1315238924046893,-19.74794040710648,0.35618279569892475,0.008053691275167786,0.008053691275167786,-0.07187937994158612,0.0,0.999997122956071,2.877043928977043e-06
baseline,2022-06,0.5019633942894854,Risk,0.05095518935436982,-14.92113843121784,0.1342281879194631,0.05906040268456376,0.05906040268456376,-0.188198407031154,0.0,0.9999638565943199,3.6143405680135436e-05
baseline,2022-07,0.5009825658151013,Risk,0.00838264280160117,-14.92113843121784,0.17986577181208055,0.006711409395973154,0.006711409395973154,-0.11012047432411311,0.0,0.9999965253185659,3.4746814341822753e-06
baseline,2022-08,0.5004924807367577,Risk,-0.12805568347769303,-12.805568347769302,0.2442953020134228,0.014745308310991957,0.014745308310991957,-0.0810094452419559,0.0,0.9999952086831717,4.791316828345622e-06
baseline,2022-09,0.7502462403683788,Risk,0.06407829208823257,-10.650944354368285,0.09664429530201342,0.30120481927710846,0.30120481927710846,-0.1945588916680447,0.0,5.07751405457717e-29,1.0
baseline,2022-10,0.6251513200503753,Risk,0.0780079932923361,-10.650944354368285,0.12080536912751678,0.038821954484605084,0.038821954484605084,-0.10422497886324614,0.0,0.9998872005352563,0.00011279946474374773
baseline,2022-11,0.5625761275742522,Risk,-0.09550141925688738,-10.531330529144933,0.2657718120805369,0.00535475234270415,0.00535475234270415,-0.01108148224600031,0.0,0.9999981298037418,1.870196258233488e-06
baseline,2022-12,0.7393244661855591,Risk,0.08436781614214572,-5.436753639916714,0.1686746987951807,0.12416555407209613,0.12416555407209613,-0.09679931345329791,0.0,0.16785439040626776,0.8321456095937323
baseline,2023-01,0.6224089779703854,Risk,-0.005043124381363007,-5.422280511656896,0.30614973262032086,0.008,0.008,-0.0014223935164539398,0.0,0.9890130204895765,0.010986979510423434
baseline,2023-02,0.561465759065094,Risk,0.026528796723759074,-6.095455469581212,0.35561497326203206,0.017333333333333333,0.017333333333333333,0.0031616326523328203,0.0,0.9989549196803953,0.0010450803196047815
baseline,2023-03,0.5309170895058117,Risk,0.009960159558901616,-7.652596010790235,0.3890374331550802,0.012,0.012,0.038573901473973965,0.0,0.9992631601069409,0.0007368398930590743
baseline,2023-04,0.5157503577964456,Risk,0.030217541666638148,-14.588296075938468,0.41255006675567424,0.03195739014647137,0.03195739014647137,0.04218945826008652,0.0,0.998832747825841,0.0011672521741590278
baseline,2023-05,0.5079672879735396,Risk,-0.0049823397074086895,-14.588296075938468,0.4833555259653795,0.03851261620185923,0.03851261620185923,0.06712525867587818,0.0,0.9996315636987326,0.00036843630126729283
baseline,2023-06,0.5040285510130305,Risk,0.02663517558449069,-14.588296075938468,0.5172872340425532,0.03306878306878307,0.03306878306878307,0.05629279850645504,0.0,0.9998203718949578,0.00017962810504226987
baseline,2023-07,0.5024445742991648,Risk,-0.02898679482832678,-14.588296075938468,0.3598937583001328,0.013175230566534914,0.013175230566534914,0.06920165333066294,0.0,0.9982788048294017,0.0017211951705983464
baseline,2023-08,0.501540510145709,Risk,-0.03567696310446833,-12.42811367563088,0.3740053050397878,0.011842105263157895,0.011842105263157895,0.027950871948379755,0.0,0.9987271080154936,0.001272891984506453
baseline,2023-09,0.5042558726185367,Risk,-0.07589239775626777,-8.761303280623856,0.28835978835978837,0.04199475065616798,0.04199475065616798,-0.012585355701384738,0.0,0.986057529817271,0.013942470182728936
baseline,2023-10,0.7521252170539723,Risk,0.11295047385245627,-8.761303280623856,0.19129287598944592,0.13368283093053734,0.13368283093053734,-0.09427100994547444,0.0,1.087702118401881e-05,0.9999891229788159
baseline,2023-11,0.6280840018526642,Risk,0.047327914512986125,-8.761303280623856,0.34342105263157896,0.01832460732984293,0.01832460732984293,0.010664219656660182,0.0,0.9919144266972878,0.008085573302712208
baseline,2023-12,0.5641905257202151,Risk,-0.0595756152499437,-8.761303280623856,0.36662286465177396,0.006535947712418301,0.006535947712418301,0.052794103216056154,0.0,0.999405900824468,0.0005940991755319878
baseline,2024-01,0.5329679307601365,Risk,0.05817572230802637,-6.271472847747561,0.3136482939632546,0.04177545691906005,0.04177545691906005,-0.01267658822026686,0.0,0.9965093283998845,0.003490671600115517
baseline,2024-02,0.5166313256283588,Risk,0.039460849828057754,-15.556748011689637,0.40339425587467365,0.0390625,0.0390625,0.04017952408909992,0.0,0.9994105590068377,0.0005894409931621939
baseline,2024-03,0.5084017317572769,Risk,-0.019867920523340188,-15.556748011689637,0.3981723237597911,0.031209362808842653,0.031209362808842653,0.07271245190602368,0.0,0.9996557242276104,0.00034427577238962546
baseline,2024-04,0.5042433561967707,Risk,-0.020631054974127316,-15.556748011689637,0.4276401564537158,0.01818181818181818,0.01818181818181818,0.0494145378826015,0.0,0.999830038727471,0.00016996127252907504
baseline,2024-05,0.5026251087193616,Risk,0.06117914813209069,-16.410672322905484,0.4348958333333333,0.05194805194805195,0.05194805194805195,0.024344177358783737,0.0,0.9979862775160949,0.002013722483905128
baseline,2024-06,0.5013838597516931,Risk,-0.009696880532075847,-18.35716885207005,0.44545454545454544,0.042690815006468305,0.042690815006468305,0.0764859229140458,0.0,0.9997147784319508,0.00028522156804919844
baseline,2024-07,0.501359002814598,Risk,-0.03478551727212853,-15.01612366365288,0.40414507772020725,0.05426356589147287,0.05426356589147287,0.05397881881220789,0.0,0.9973317082449942,0.0026682917550058002
baseline,2024-08,0.501014407270375,Risk,-0.030303157557248217,-11.951507716337185,0.33635187580853815,0.015444015444015444,0.015444015444015444,0.008346978310445192,0.0,0.998660376547696,0.0013396234523039886
baseline,2024-09,0.5011469130457491,Risk,-0.014314019330007755,-10.361688207723441,0.32470892626131953,0.017994858611825194,0.017994858611825194,-0.026093303364016773,0.0,0.9974411623577537,0.002558837642246247
baseline,2024-10,0.5023458456463673,Risk,-0.03921522370126429,-14.142513086077047,0.2971576227390181,0.03465982028241335,0.03465982028241335,-0.04155982191301317,0.0,0.9929104435060289,0.007089556493971122
baseline,2024-11,0.7388420160452578,Risk,-0.022973123564838382,-14.142513086077047,0.23901808785529716,0.09242618741976893,0.09242618741976893,-0.08134976121706189,0.0,0.04932362711170343,0.9506763728882965
baseline,2024-12,0.6302635604788238,Risk,0.04912715928504907,-14.142513086077047,0.22136422136422138,0.03713188220230474,0.03713188220230474,-0.09722073381716936,0.0,0.9566297901752204,0.04337020982477957
baseline,2025-01,0.5651317802394119,Risk,0.006121432841425634,-14.142513086077047,0.27742749054224464,0.047619047619047616,0.047619047619047616,-0.04223335124172008,0.0,1.0,7.008381401869127e-46
baseline,2025-02,0.5325658901197059,Risk,-0.020396525364153484,-13.246896601141799,0.3161209068010076,0.05137844611528822,0.05137844611528822,-0.03262800304068284,0.0,1.0,2.969755925927775e-45
baseline,2025-03,0.5162829450675029,Risk,0.030425770083210457,-9.030334502270755,0.23173803526448364,0.1677096370463079,0.1677096370463079,-0.048467322341249376,0.0,0.9999999999693999,3.0600075805704627e-11
baseline,2025-04,0.5081414725337514,Risk,0.055174550880334294,-4.149986320647181,0.44221105527638194,0.01373283395755306,0.01373283395755306,-0.0065084513560545836,0.0,1.0,7.729897673234303e-64
baseline,2025-05,0.5040707362668757,Risk,0.13864929369746903,-8.901506871653952,0.6077694235588973,0.0149812734082397,0.0149812734082397,0.054373798994654,0.0,1.0,2.866385230955793e-72
baseline,2025-06,0.5020353681334379,Risk,0.0565615108884876,-8.901506871653952,0.6946182728410513,0.014943960149439602,0.014943960149439602,0.1731593442650227,0.0,1.0,2.1479327636472848e-78
baseline,2025-07,0.5010176840667189,Risk,-0.01831182604318171,-8.901506871653952,0.7025,0.0161892901618929,0.0161892901618929,0.20326394938316508,0.0,1.0,8.356580672634801e-79
baseline,2025-08,0.5005088420333594,Risk,0.07488679795710262,-8.901506871653952,0.6221945137157108,0.029850746268656716,0.029850746268656716,0.16283542110893048,0.0,1.0,3.0146494497324686e-67
baseline,2025-09,0.5002544210166797,Risk,0.19941011588801794,-19.894662107505688,0.5810473815461347,0.036069651741293535,0.036069651741293535,0.20077369439638454,0.0,1.0,8.911060519136909e-63
baseline,2025-10,0.5001272105083399,Risk,-0.044043800878727946,-19.894662107505688,0.5616438356164384,0.055900621118012424,0.055900621118012424,0.3394639198645848,0.0,1.0,4.593993063322677e-60
baseline,2025-11,0.5000636052541699,Risk,0.07323907704836685,-19.894662107505688,0.5591531755915318,0.02608695652173913,0.02608695652173913,0.24419642262152758,0.0,1.0,6.740810845358761e-66
baseline,2025-12,0.5000318026270849,Risk,0.23971267417636266,-19.894662107505688,0.5261194029850746,0.05217391304347826,0.05217391304347826,0.2649523475400175,0.0,1.0,3.58044012577328e-56
baseline,2026-01,0.5000159013135425,Risk,0.19519520978992544,-38.630429604794614,0.568407960199005,0.02977667493796526,0.02977667493796526,0.40944755765938273,0.0,1.0,8.316178049336066e-128
baseline,2026-02,0.5000079506567712,Risk,-0.19084643404922963,,0.6878109452736318,0.034739454094292806,0.034739454094292806,0.5145445961220702,0.0,1.0,1.5383622322966028e-136
baseline,2026-03,0.5000039753283856,Risk,0.3060707394429423,,0.47139303482587064,0.05093167701863354,0.05093167701863354,0.22453110494167575,0.0,1.0,3.704058900701502e-104
baseline,2026-04,0.5000019876641928,Risk,0.28448510731373733,,0.6687422166874222,0.01987577639751553,0.01987577639751553,0.41137237956509753,0.0,1.0,2.5404697676899244e-143
baseline,2026-05,0.5000009938320964,Risk,3.894198542830907e-05,,0.4166666666666667,0.16770186335403728,0.16770186335403728,0.5729459789192315,0.0,1.0,6.447486697217809e-64
baseline,2026-06,0.5000004969160482,Risk,-0.22191170974465646,,0.24906600249066002,0.03482587064676617,0.03482587064676617,0.4630986814240598,0.0,1.0,3.395391860194472e-123
baseline,2026-07,0.5000002484580242,Risk,,,0.2082294264339152,0.018703241895261846,0.018703241895261846,0.13992806481532993,0.0,1.0,3.640874714462412e-130
zclip2,2004-01,,Benign,0.04115495923412649,-22.1225153975113,0.42348008385744235,0.029227557411273485,0.0,0.15824128686832947,,,
zclip2,2004-02,,Benign,-0.0033053167990804155,-23.125651268905422,0.4716981132075472,0.03333333333333333,0.0,0.1613811332129025,,,
zclip2,2004-03,,Benign,-0.020056755416844152,-23.125651268905422,0.4225941422594142,0.041666666666666664,0.0,0.12127312523347315,,,
zclip2,2004-04,,Benign,-0.06837883983548998,-17.04822669606366,0.4435146443514644,0.079002079002079,0.0,0.07128273535108715,,,
zclip2,2004-05,,Benign,-0.022454777350083832,-11.790086712312286,0.27348643006263046,0.043568464730290454,0.0,-0.010148399600305103,,,
zclip2,2004-06,,Benign,-0.06420284374016216,-8.936841114166516,0.28958333333333336,0.022821576763485476,0.0,-0.03760665885061895,,,
zclip2,2004-07,,Benign,0.0927869801410397,-8.936841114166516,0.225,0.05578512396694215,0.0,-0.1056667270607355,,,
zclip2,2004-08,,Benign,0.03922498257022733,-8.936841114166516,0.38958333333333334,0.02053388090349076,0.0,-0.01601324675233033,,,
zclip2,2004-09,,Benign,-0.0002993689206676198,-8.936841114166516,0.5435684647302904,0.026694045174537988,0.0,0.017163207917091326,,,
zclip2,2004-10,,Benign,0.05177036236022192,-10.900575155165859,0.5663900414937759,0.03696098562628337,0.0,0.011368610080991055,,,
zclip2,2004-11,,Benign,0.020340279025603536,-10.900575155165859,0.6970954356846473,0.02459016393442623,0.0,0.060744857088629985,,,
zclip2,2004-12,,Benign,0.04105280605239425,-10.900575155165859,0.7125256673511293,0.016293279022403257,-1.1134079327167732,0.08167439434173603,,,
zclip2,2005-01,,Benign,0.08433576939534881,-10.900575155165859,0.8459958932238193,0.014256619144602852,-1.1164520438042096,0.11980339957208566,,,
zclip2,2005-02,,Benign,-0.045166897383133287,-10.900575155165859,0.9301848049281314,0.012195121951219513,-1.126234872040839,0.1917411217093751,,,
zclip2,2005-03,,Benign,-0.05631265563671062,-8.150820576126073,0.889344262295082,0.014227642276422764,-0.9479917656813498,0.11883663529980971,,,
zclip2,2005-04,,Benign,0.06464395365828834,-8.322152523383552,0.7402862985685071,0.028455284552845527,-0.15807283280824783,0.0381519981234112,,,
zclip2,2005-05,,Benign,0.03911519187847001,-8.322152523383552,0.7576374745417516,0.016260162601626018,-0.8116549009156645,0.07708156318980375,,,
zclip2,2005-06,,Benign,0.10229533870135499,-8.322152523383552,0.8065173116089613,0.014198782961460446,-0.8835015113298605,0.09291739768206721,,,
zclip2,2005-07,,Benign,-0.02516002305878673,-8.746719412492364,0.8780487804878049,0.012072434607645875,-0.9547688505610787,0.16735933682648987,,,
zclip2,2005-08,,Benign,0.12708967654909675,-8.746719412492364,0.7439024390243902,0.01603206412825651,-0.6981096376086448,0.11176872813970651,,,
zclip2,2005-09,,Benign,-0.05151474919205312,-8.746719412492364,0.9004065040650406,0.005671077504725898,-1.2258090926562542,0.19932315682764482,,,
zclip2,2005-10,,Benign,0.12030805175416193,-8.746719412492364,0.8536585365853658,0.007518796992481203,-1.0630838660323092,0.11552293340277414,,,
zclip2,2005-11,,Benign,0.0631474730322672,-11.5340989307117,0.8985801217038539,0.00375234521575985,-1.208933280217892,0.19429252939974578,,,
zclip2,2005-12,,Benign,0.014832830212289538,-17.808423193543497,0.8373493975903614,0.009328358208955223,-0.8590480838387217,0.22232906025660304,,,
zclip2,2006-01,,Benign,-0.0201738719136767,-17.808423193543497,0.7454909819639278,0.005597014925373134,-1.0272858414818429,0.199220547453102,,,
zclip2,2006-02,,Benign,-0.00874167246273494,-17.808423193543497,0.6616257088846881,0.00558659217877095,-0.9880324713313063,0.1435452088081431,,,
zclip2,2006-03,,Benign,0.04422624739817227,-17.808423193543497,0.5902255639097744,0.0074211502782931356,-0.8547689478895553,0.10154566353499148,,,
zclip2,2006-04,,Benign,-0.07186579891986777,-17.808423193543497,0.6303939962476548,0.011131725417439703,-0.6261978404291506,0.11278025181992381,,,
zclip2,2006-05,,Benign,-0.01711309675450623,-8.639293468825793,0.416044776119403,0.05730129390018484,1.8793089075845424,0.015212804000979619,,,
zclip2,2006-06,,Benign,0.002061476913616911,-5.153632653612938,0.2947761194029851,0.011029411764705883,-0.6515113955346455,-0.013166327380923458,,,
zclip2,2006-07,,Benign,0.04231715200737107,-5.9967543387908995,0.24394785847299813,0.014678899082568808,-0.44012913106515905,-0.016672469677263595,,,
zclip2,2006-08,,Benign,0.013801650043684832,-5.9967543387908995,0.33766233766233766,0.012844036697247707,-0.5327005351369738,0.014602599869848435,,,
zclip2,2006-09,,Benign,-0.005002140264830257,-6.386264430782818,0.49907578558225507,0.01282051282051282,-0.523813389119133,0.02320683621676341,,,
zclip2,2006-10,,Benign,0.04958404579405595,-6.386264430782818,0.522140221402214,0.012750455373406194,-0.5180868986199807,0.01908522473013526,,,
zclip2,2006-11,,Benign,0.0015709987092444866,-6.386264430782818,0.7522935779816514,0.014519056261343012,-0.40813275521176773,0.06400078824017569,,,
zclip2,2006-12,,Benign,-0.0517476837905162,-6.386264430782818,0.7119266055045872,0.019855595667870037,-0.09180129275904732,0.059890355051110525,,,
zclip2,2007-01,,Benign,0.04198553639575109,-6.386264430782818,0.5394495412844037,0.032432432432432434,0.6541023149887714,0.004252712379903002,,,
zclip2,2007-02,,Benign,0.024842369408128562,-18.268953995384496,0.6190476190476191,0.03423423423423423,0.7593338472636288,0.0450758281281636,,,
zclip2,2007-03,,Benign,0.061746541180188075,-18.268953995384496,0.7231329690346083,0.012612612612612612,-0.4908967487503961,0.06339369480008655,,,
zclip2,2007-04,,Benign,0.10288284894052024,-18.268953995384496,0.8061594202898551,0.01981981981981982,0.05872434439307334,0.10289315874078206,,,
zclip2,2007-05,,Benign,0.0250982947648013,-18.268953995384496,0.8826714801444043,0.012589928057553957,-0.45064973860191726,0.1760744838779892,,,
zclip2,2007-06,,Benign,0.10878071036997672,-18.268953995384496,0.8954954954954955,0.012544802867383513,-0.4310132084000744,0.17157764065553208,,,
zclip2,2007-07,,Benign,-0.031051032028847292,-23.042352546683908,0.9117117117117117,0.012522361359570662,-0.3932905570306652,0.2357287915979698,,,
zclip2,2007-08,,Benign,0.03909802834457499,-23.042352546683908,0.8432432432432433,0.008928571428571428,-0.6973007287439523,0.17232185377212264,,,
zclip2,2007-09,,Benign,0.060812398984444904,-23.75039993492264,0.8216216216216217,0.010676156583629894,-0.49721976544424057,0.18597959723074153,,,
zclip2,2007-10,,Benign,-0.0769305712974303,-23.75039993492264,0.6834532374100719,0.01060070671378092,-0.4613757410319803,0.20556931502929685,,,
zclip2,2007-11,,Benign,-0.0046537225168874485,-19.390534055808338,0.4946236559139785,0.012345679012345678,-0.25550093981662,0.09064464839158813,,,
zclip2,2007-12,,Benign,-0.1436116399354005,-17.00938062473454,0.4400715563506261,0.012280701754385965,-0.25063081529892584,0.061961428788612466,,,
zclip2,2008-01,,Benign,0.05351203839037111,-20.19609395422751,0.16607142857142856,0.03152364273204904,1.5894041413311155,-0.11030726319812328,,,
zclip2,2008-02,,Benign,-0.004457768023614417,-21.95639635110014,0.23309608540925267,0.017452006980802792,0.20245843704542557,-0.06571552666346805,,,
zclip2,2008-03,,Benign,0.07129148713604883,-26.530536804210758,0.19081272084805653,0.015706806282722512,0.028071597201299484,-0.07085405855911349,,,
zclip2,2008-04,,Benign,0.014544226557667628,-50.301236840175,0.26455026455026454,0.017421602787456445,0.23082606725531174,-0.002413875470199361,,,
zclip2,2008-05,,Benign,-0.095625303030343,-49.31210299564691,0.356140350877193,0.017421602787456445,0.2274714330914369,0.01613525253455018,,,
zclip2,2008-06,,Benign,-0.04791273487358194,-43.95254845785039,0.29597197898423816,0.10416666666666667,2.0,-0.08147053381121248,,,
zclip2,2008-07,,Benign,-0.0755203586899934,-41.13202266736796,0.24781849912739964,0.031088082901554404,0.7174016606805145,-0.10874284490467363,,,
zclip2,2008-08,,Benign,-0.01775825633142869,-37.484600271205935,0.17770034843205576,0.14457831325301204,2.0,-0.16019089939252723,,,
zclip2,2008-09,,Benign,-0.23134399572164677,-35.17188776606094,0.14285714285714285,0.10652920962199312,2.0,-0.15005229851235985,,,
zclip2,2008-10,,Benign,-0.03323280897476555,-19.704612573727786,0.01916376306620209,0.024054982817869417,-0.030811891592774227,-0.3676482008703952,,,
zclip2,2008-11,,Benign,0.044978511462916426,-17.046503244304912,0.05025996533795494,0.010309278350515464,-0.4846965401627785,-0.36328060602431195,,,
zclip2,2008-12,,Benign,0.033473561437039834,-17.046503244304912,0.06368330464716007,0.010309278350515464,-0.4858066271066049,-0.2797203962162543,,,
zclip2,2009-01,1.0,Risk,-0.08525867370867979,-15.818915824881863,0.0963855421686747,0.00859106529209622,-0.5454241747847064,-0.21296970755925537,7.845874176000526e-31,3.3168599682575446e-25,1.0
zclip2,2009-02,1.0,Risk,0.13473747356270582,-5.23507102218862,0.11855670103092783,0.02577319587628866,-0.0027656060007057335,-0.2549394517452872,3.763759323593969e-33,5.080098816014276e-28,1.0
zclip2,2009-03,1.0,Risk,0.13521129297623613,-5.23507102218862,0.3556701030927835,0.005128205128205128,-0.6779190573117202,-0.07152892309056592,1.4281972387473862e-25,4.375204821070843e-23,1.0
zclip2,2009-04,0.5001136587368326,Risk,0.019374035739815998,-8.039541043237852,0.7920962199312714,0.005119453924914676,-0.6705513696238089,0.08430311563580845,0.9995453650882974,0.0004546348760752204,3.562741847658946e-11
zclip2,2009-05,0.25005710843199846,Benign,-0.004169431902441678,-11.308526734305968,0.8333333333333334,0.005110732538330494,-0.6297947191238559,0.11582055272844527,0.9999988837456711,1.116254328815783e-06,7.853265100061188e-43
zclip2,2009-06,0.12502875422655763,Benign,0.12029617158463801,-11.308526734305968,0.8092783505154639,0.003395585738539898,-0.6767353173661229,0.12039650568715698,0.9999991999577664,8.000422335827462e-07,1.0136739017401128e-44
zclip2,2009-07,0.06251438435990085,Benign,0.022192357015423214,-11.308526734305968,0.8970840480274442,0.003389830508474576,-0.6631956697545485,0.2288316787069986,0.9999999710135119,2.8986488158277234e-08,1.5083538340044378e-56
zclip2,2009-08,0.031257212119182004,Benign,0.0510663946409764,-11.308526734305968,0.8683760683760684,0.005084745762711864,-0.5985938444337064,0.21152881440654714,0.9999999202430737,7.975692631284932e-08,3.0338370667726338e-55
zclip2,2009-09,0.015629202449560776,Benign,-0.05525543136425026,-9.826886588548733,0.7662116040955631,0.005067567567567568,-0.5901320699876296,0.21100335580063334,0.9999976144401209,2.3855598790989296e-06,1.3774069988001956e-47
zclip2,2009-10,0.007880071074462567,Benign,-0.015872794001580925,-9.826886588548733,0.6207482993197279,0.008431703204047217,-0.4760874869743316,0.11846226221756012,0.9997381206012713,0.00026187939872871505,4.666066123015211e-33
zclip2,2009-11,0.009012024606117903,Benign,0.08174983668112512,-10.921698461936312,0.47368421052631576,0.0067226890756302525,-0.5230102204813918,0.0712545545250961,0.9797120437244535,0.02028795627554648,3.8140688583057204e-21
zclip2,2009-12,0.004954435085823334,Benign,-0.047742689070899846,-10.921698461936312,0.5610169491525424,0.008389261744966443,-0.4574207206537308,0.11033078928034609,0.9982063088689425,0.0017936911310575303,9.569541778251847e-26
zclip2,2010-01,0.2634575484036872,Benign,-0.0048988707108124085,-10.921698461936312,0.3559322033898305,0.01669449081803005,-0.17551208759414585,0.034310035476126294,0.0,0.9560786765568982,0.04392132344310189
zclip2,2010-02,0.390757797478862,Benign,0.06162752714789543,-10.921698461936312,0.40878378378378377,0.0066555740432612314,-0.474522966112837,0.015479414443327906,0.0,0.9638839068919263,0.03611609310807374
zclip2,2010-03,0.4457859437510455,Benign,0.028774010520898452,-10.921698461936312,0.5430016863406408,0.008305647840531562,-0.4168426656538651,0.05702194992769746,0.0,0.9983718199535422,0.001628180046457831
zclip2,2010-04,0.48078075389044594,Benign,-0.05759781759966809,-10.37748320233044,0.5932773109243697,0.03820598006644518,0.527970252048997,0.06308711798021331,0.0,0.968448871940307,0.03155112805969289
zclip2,2010-05,0.4979862242568047,Benign,0.03475402227722779,-3.91121457460053,0.4429530201342282,0.01652892561983471,-0.1713033579237583,-0.0029349726695730993,0.0,0.969616610753673,0.03038338924632696
zclip2,2010-06,0.500215924183667,Benign,0.035941986108499524,-3.845078550467851,0.52,0.014802631578947368,-0.22888640558027668,0.02514853549060055,0.0,0.9951087517789413,0.004891248221058659
zclip2,2010-07,0.5009056404267178,Benign,-0.009424017363899306,-3.845078550467851,0.5640599001663894,0.016339869281045753,-0.18305109095575978,0.055829218533211336,0.0,0.996809286660463,0.003190713339537011
zclip2,2010-08,0.5359739422132241,Benign,0.07462921164467073,-8.337227923902812,0.5149501661129569,0.037520391517128875,0.4722958344623892,0.0363023259848881,0.0,0.8579155120005388,0.1420844879994611
zclip2,2010-09,0.5180773662590727,Benign,0.005414266402295365,-9.064177775192928,0.6461794019933554,0.00487012987012987,-0.5704512939835831,0.09618033981896787,0.0,0.9996384193901572,0.00036158060984290997
zclip2,2010-10,0.5090507112517086,Benign,0.011513876774815301,-9.064177775192928,0.7166392092257001,0.003246753246753247,-0.6138756163231133,0.08833412707003842,0.0,0.9999518875113109,4.811248868902382e-05
zclip2,2010-11,0.5050237367338446,Benign,0.07684956907217955,-9.064177775192928,0.5773026315789473,0.021103896103896104,-0.05117995661900391,0.08175307313050299,0.0,0.998006475568039,0.0019935244319609527
zclip2,2010-12,0.5025478278212536,Benign,0.009132121145173144,-9.390475387247498,0.6356209150326797,0.004838709677419355,-0.5633066690507215,0.13271851868142573,0.0,0.9998561621826744,0.0001438378173256285
zclip2,2011-01,0.5061878846482231,Benign,-0.0630178491259451,-9.390475387247498,0.5481239804241436,0.04019292604501608,0.5549996143584893,0.11957276955761448,0.0,0.9803441170496149,0.01965588295038514
zclip2,2011-02,0.7489276492664424,Risk,0.0863197535857878,-23.251203200063088,0.4042207792207792,0.0688,1.3795297385095544,0.04138724794095733,0.0,0.01666517223067669,0.9833348277693233
zclip2,2011-03,0.6386356933926047,Risk,0.040660824149329144,-25.852864569071464,0.5097402597402597,0.011164274322169059,-0.3973384211116488,0.10304364967273119,0.0,0.9433125249624659,0.056687475037534116
zclip2,2011-04,0.5705026073942625,Risk,-0.022756360394378228,-25.852864569071464,0.512987012987013,0.030254777070063694,0.18091627181818815,0.11869774828595674,0.0,0.995260957208159,0.0047390427918409285
zclip2,2011-05,0.5421038394829369,Risk,-0.01950087042907933,-24.20813200447799,0.4251207729468599,0.042993630573248405,0.5501420586354812,0.07751751056133888,0.0,0.9725898568567771,0.027410143143222838
zclip2,2011-06,0.5218527650378371,Risk,0.015480637523060725,-24.20813200447799,0.432475884244373,0.006309148264984227,-0.541560352181563,0.04126517741947798,0.0,0.9967966188145259,0.00320338118547416
zclip2,2011-07,0.5109666030817333,Risk,-0.11864747503555884,-23.91924189646364,0.5846645367412141,0.0047169811320754715,-0.5685198166006034,0.04127518485936128,0.0,0.999839117748741,0.0001608822512589684
zclip2,2011-08,0.5858991521632001,Risk,-0.058751861219887624,-12.122613715830276,0.36363636363636365,0.0015723270440251573,-0.7584952081189025,-0.08285941892949396,0.0,0.6783365975106661,0.3216634024893339
zclip2,2011-09,0.7924070631219775,Risk,0.07876133866014645,-7.933741609358291,0.2054140127388535,0.031446540880503145,1.0533443656724943,-0.1365310667223814,0.0,0.002170051838490141,0.9978299481615099
zclip2,2011-10,0.8900206068467625,Risk,-0.03222579979734985,-7.882660174514566,0.2761904761904762,0.006289308176100629,-0.5854050313383953,-0.05115424439360188,0.0,0.024731698856904915,0.9752683011430952
zclip2,2011-11,0.9337919477007928,Risk,-0.011783437933314267,-13.020185847949882,0.2854889589905363,0.018867924528301886,0.23451945788465103,-0.07140901812878174,0.0,0.04487342289035413,0.9551265771096459
zclip2,2011-12,0.9582056167573232,Risk,0.07123141823246693,-13.020185847949882,0.33490566037735847,0.009404388714733543,-0.3926258150680397,-0.07711183414770117,0.0,0.034761428372292694,0.9652385716277073
zclip2,2012-01,0.9603911764513469,Risk,0.03807155136815821,-13.661869861640385,0.44654088050314467,0.004702194357366771,-0.6948905468150861,0.00013734079217226375,0.0,0.07484652770925902,0.925153472290741
zclip2,2012-02,0.7535018421518285,Risk,-0.007984219154045014,-13.661869861640385,0.6572327044025157,0.006259780907668232,-0.5574684766853446,0.046407847367799133,0.0,0.90677498429538,0.09322501570462009
zclip2,2012-03,0.6294307538800732,Risk,-0.015913312648463407,-13.661869861640385,0.5220125786163522,0.010954616588419406,-0.25807927857301244,0.04221316966275463,0.0,0.9892806687833642,0.01071933121663586
zclip2,2012-04,0.8030468372531845,Risk,-0.06988936382815414,-11.493339096104327,0.38836477987421386,0.051643192488262914,2.0,0.031500741932268234,0.0,0.04667415874740883,0.9533258412525912
zclip2,2012-05,0.9012989139892827,Risk,0.005717499731487274,-7.3236472533480645,0.3213166144200627,0.050078247261345854,1.9298918278097272,-0.029407077981188294,0.0,0.0008980185492378025,0.9991019814507621
zclip2,2012-06,0.9388686644591453,Risk,0.015091601621011197,-7.3236472533480645,0.39184952978056425,0.0140625,-0.21450791787231632,-0.025556756071804798,0.0,0.04712317014198406,0.9528768298580159
zclip2,2012-07,0.9495772401437903,Risk,0.012290184859023556,-7.3236472533480645,0.3395931142410016,0.0171606864274571,-0.05333780800665535,-0.013657506765791227,0.0,0.07942836834312955,0.9205716316568704
zclip2,2012-08,0.91757120133687,Risk,0.0478132432884939,-7.3236472533480645,0.4507042253521127,0.014040561622464899,-0.2582062672654714,-0.003589130206397849,0.0,0.22886967494010063,0.7711303250598994
zclip2,2012-09,0.7335713042363718,Risk,-0.04215483540831033,-6.781851986112352,0.5774647887323944,0.014040561622464899,-0.27564872490514325,0.03794308130433076,0.0,0.9008571857282524,0.09914281427174765
zclip2,2012-10,0.6576169611489628,Risk,0.010899221353768418,-6.451672422199928,0.5007824726134585,0.029503105590062112,0.6346252417468876,-0.010632422558024934,0.0,0.8366747638768923,0.1633252361231077
zclip2,2012-11,0.6259793023945649,Risk,0.03318848549009101,-6.451672422199928,0.4546875,0.030959752321981424,0.6836628618449769,0.0028183782082578926,0.0,0.811316712719666,0.18868328728033393
zclip2,2012-12,0.5924037209130795,Risk,-0.017580985234935786,-12.331740126719692,0.48829953198127923,0.0046439628482972135,-0.9177185600794155,0.03729184304887848,0.0,0.8823437211368123,0.11765627886318776
zclip2,2013-01,0.5462130896255455,Risk,0.03290113395716787,-12.132306921640767,0.5351014040561622,0.018575851393188854,-0.07169621463077018,0.021832651438406066,0.0,0.9999550833239768,4.491667602321231e-05
zclip2,2013-02,0.5231065922305276,Risk,-0.010658811881641417,-12.132306921640767,0.6090342679127726,0.007739938080495356,-0.7353930415777099,0.05412612020521722,0.0,0.9999998103289807,1.8967101937929036e-07
zclip2,2013-03,0.511553334835672,Risk,-0.02042010443338027,-11.185651488465798,0.6319875776397516,0.009287925696594427,-0.6432641681788854,0.03556642853750416,0.0,0.9999998451183671,1.5488163283096742e-07
zclip2,2013-04,0.5057768028701567,Risk,0.01889055147974239,-11.021884452870378,0.6253869969040248,0.010819165378670788,-0.5107836015328493,0.010206728522246874,0.0,0.9999994581907173,5.418092827342529e-07
zclip2,2013-05,0.5028884034682763,Risk,-0.06882891440907302,-11.015218938396721,0.6873065015479877,0.0030864197530864196,-0.9548757932287263,0.021540732752069407,0.0,0.9999999918672082,8.132791739179781e-09
zclip2,2013-06,0.5014570598084606,Risk,0.02721490912433233,-4.77913215205239,0.4891640866873065,0.0015432098765432098,-1.0121075525760823,-0.04779646160269803,0.0,0.9999485677027102,5.1432297289691276e-05
zclip2,2013-07,0.5007295987027336,Risk,0.006441882241114527,-7.246142739958561,0.5681114551083591,0.007716049382716049,-0.6215215068378186,-0.014719593069165772,0.0,0.999995724805987,4.275194013009605e-06
zclip2,2013-08,0.5005470852659204,Risk,0.03664941969455038,-8.3866660186533,0.46367851622874806,0.01848998459167951,0.058321452167365374,-0.006923695813577788,0.0,0.9992708563417857,0.0007291436582143498
zclip2,2013-09,0.5002763264010133,Risk,0.016590219899681458,-8.3866660186533,0.5564142194744977,0.013846153846153847,-0.24350417644176162,0.02545937463204781,0.0,0.9999888649277879,1.1135072212128947e-05
zclip2,2013-10,0.5001431860517173,Risk,0.007280479951982111,-7.768226263366884,0.5246913580246914,0.013824884792626729,-0.265869607552965,0.039725518451936746,0.0,0.9999799085951574,2.00914048425936e-05
zclip2,2013-11,0.50008253783245,Risk,-0.016397144746090997,-7.727631580911054,0.4567901234567901,0.009188361408882083,-0.5328389289331391,0.04477692635325284,0.0,0.9999562207736342,4.377922636580179e-05
zclip2,2013-12,0.5003227116157232,Risk,-0.034897104715772675,-6.189405687248028,0.42592592592592593,0.019877675840978593,0.10738658942719491,0.028749479173697367,0.0,0.998874229202007,0.001125770797992957
zclip2,2014-01,0.7500667958540225,Risk,0.02000873983557061,-3.421768335813602,0.43143297380585516,0.010703363914373088,-0.4285886515897076,-0.005370800305059548,0.0,0.0003782398153566726,0.9996217601846434
zclip2,2014-02,0.8747071230275174,Risk,0.0028383957216482347,-3.421768335813602,0.5153846153846153,0.013761467889908258,-0.16137091492090058,0.014360489492486599,0.0,0.0013050995979752308,0.9986949004020248
zclip2,2014-03,0.9373197588458387,Risk,-0.011996286513861865,-3.421768335813602,0.5806451612903226,0.010703363914373088,-0.39990929863892827,0.018440361331302,0.0,0.00013521067167990744,0.9998647893283201
zclip2,2014-04,0.968589795593979,Risk,0.01690798771251334,-8.736636425309053,0.5911179173047473,0.010687022900763359,-0.36483500591648454,-0.0013179598132411067,0.0,0.00028033531576178314,0.9997196646842382
zclip2,2014-05,0.73429489853638,Risk,0.0036341581495165087,-8.736636425309053,0.5886850152905199,0.05030487804878049,2.0,0.01054159749314762,0.0,0.9999999970424381,2.9575619153156734e-09
zclip2,2014-06,0.8670927977778435,Risk,0.03691428855712653,-8.888370740264406,0.5688073394495413,0.007621951219512195,-0.6048233493849561,0.009353322563359141,0.0,0.00021860596138582257,0.9997813940386142
zclip2,2014-07,0.9269653187092934,Risk,-0.0036510787898287322,-9.515865937522005,0.6467889908256881,0.0213089802130898,0.4132968925067646,0.043797608487609586,0.0,0.02632432071851299,0.9736756792814869
zclip2,2014-08,0.9634789382957251,Risk,-0.023422352155265003,-8.996204297547195,0.6758409785932722,0.010574018126888218,-0.4430438630633959,0.03889974820819407,0.0,1.488423568676039e-05,0.9999851157643133
zclip2,2014-09,0.7317394696670698,Risk,-0.027553184784407714,-6.813558652203144,0.6641221374045801,0.05740181268882175,2.0,0.01351043889129138,0.0,0.999999997923171,2.0768289970180055e-09
zclip2,2014-10,0.6159714955830502,Risk,0.008323012343988134,-5.243581772122841,0.5289634146341463,0.03469079939668175,1.1749729318278428,-0.012503524833585187,0.0,0.9995929570019393,0.0004070429980607818
zclip2,2014-11,0.7059824518624733,Risk,-0.03291130893504779,-5.243581772122841,0.4496951219512195,0.024096385542168676,0.43009113367546525,-0.00534189142940645,0.0,0.4080131837162071,0.5919868162837928
zclip2,2014-12,0.6038631219452966,Risk,0.017576853369501766,-6.657278067984107,0.3668188736681887,0.03453453453453453,1.0889406785279772,-0.03828321931380702,0.0,0.9965124159437606,0.0034875840562394044
zclip2,2015-01,0.5536067387077999,Risk,0.018745595189680886,-7.232871732847979,0.4622356495468278,0.016467065868263474,-0.16769273874892127,-0.01889628763830438,0.0,0.9932992890593937,0.006700710940606265
zclip2,2015-02,0.5268047602147072,Risk,0.027812458007211216,-15.809252161832122,0.6057401812688822,0.004491017964071856,-0.9884550315478746,0.0009564439477115414,0.0,0.9999944365567711,5.563443228901804e-06
zclip2,2015-03,0.5134028761432645,Risk,0.04220412798522122,-15.809252161832122,0.6998491704374057,0.005979073243647235,-0.8704397050441071,0.027424305420686964,0.0,0.9999980158563565,1.984143643418209e-06
zclip2,2015-04,0.5067014472624859,Risk,-0.005815178618157391,-14.737897799264788,0.7650602409638554,0.0029895366218236174,-1.0477437737953283,0.06270577857667142,0.0,0.9999999632365856,3.676341450707074e-08
zclip2,2015-05,0.5033554575587795,Risk,-0.019198078645188077,-13.475978043044623,0.7252252252252253,0.01195814648729447,-0.3461551956120398,0.053034752267822415,0.0,0.9999810642898536,1.8935710146395875e-05
zclip2,2015-06,0.5017242719743702,Risk,-0.021232242806343726,-13.169271506729208,0.6362275449101796,0.013412816691505217,-0.22858357326285986,0.03343840794307418,0.0,0.9998138272200778,0.00018617277992211029
zclip2,2015-07,0.5453400808008932,Risk,-0.04367638139480012,-10.339199628550688,0.6287425149700598,0.0237741456166419,0.5803561380766549,0.009608554563292081,0.0,0.8220882207451677,0.1779117792548323
zclip2,2015-08,0.5226963999480003,Risk,0.010981291928680692,-10.594951610021997,0.47832585949177875,0.004451038575667656,-0.9210291256966359,-0.03589627518248424,0.0,0.9998945618097854,0.00010543819021463642
zclip2,2015-09,0.5113856334394182,Risk,0.03396146856773963,-10.594951610021997,0.49177877428998507,0.0073964497041420114,-0.6713713898338958,-0.023482359340020888,0.0,0.9998502661383281,0.00014973386167200557
zclip2,2015-10,0.515015615405017,Risk,-0.018477730905773315,-10.594951610021997,0.43946188340807174,0.02064896755162242,0.38606599933397046,0.004785644946230964,0.0,0.9627088052587687,0.03729119474123133
zclip2,2015-11,0.6067483533319256,Risk,-0.015391754173157857,-9.320975498543882,0.3561847988077496,0.02643171806167401,0.8622707479993224,-0.0176122193613024,0.0,0.6030378174823312,0.3969621825176687
zclip2,2015-12,0.5780514587519132,Risk,-0.02511076705297277,-6.425808542849055,0.34175334323922735,0.021994134897360705,0.4730568657801445,-0.03279132288627723,0.0,0.9012908716561984,0.09870912834380155
zclip2,2016-01,0.7843147966920552,Risk,0.0024057694031434096,-5.023973796205061,0.31602373887240354,0.01906158357771261,0.23568301019288881,-0.05113123521373259,0.0,0.0188437307356057,0.9811562692643943
zclip2,2016-02,0.868484182648189,Risk,0.04131663414171549,-5.023973796205061,0.30280649926144754,0.024890190336749635,0.6668461138944719,-0.03833859023393697,0.0,0.09469286279135436,0.9053071372086456
zclip2,2016-03,0.9285000805331358,Risk,-0.0008517429629829598,-5.023973796205061,0.43593519882179677,0.02046783625730994,0.28673615344458225,0.009043664080544057,0.0,0.02296804316383454,0.9770319568361654
zclip2,2016-04,0.9642054919690943,Risk,-0.0053907679303911715,-5.023973796205061,0.5242290748898678,0.011695906432748537,-0.42498822356109206,0.011564655937463983,0.0,0.00017819318989437482,0.9998218068101057
zclip2,2016-05,0.9820881510976773,Risk,-0.006579635306791065,-5.333731359629579,0.4750733137829912,0.008746355685131196,-0.6845622965548648,0.010346840610232071,0.0,5.837954747916745e-05,0.9999416204525209
zclip2,2016-06,0.9910255798074294,Risk,0.023264885115996004,-5.333731359629579,0.4178885630498534,0.00727802037845706,-0.8296177847387683,0.0014509334445545186,0.0,7.398296563672936e-05,0.9999260170343633
zclip2,2016-07,0.9565550026491574,Risk,0.009155924562810336,-5.333731359629579,0.5183016105417276,0.026124818577648767,0.6953331380429093,0.021992937983596052,0.0,0.15583114901822961,0.8441688509817704
zclip2,2016-08,0.7287923650743078,Risk,0.004413525845230248,-5.333731359629579,0.45321637426900585,0.060781476121562955,2.0,0.03099140574137041,0.0,0.9979405450010834,0.0020594549989164956
zclip2,2016-09,0.8633184515547099,Risk,-0.017341722029861617,-5.176973873892088,0.5,0.017341040462427744,-0.12211753703494754,0.03307340139235608,0.0,0.00431092392977571,0.9956890760702243
zclip2,2016-10,0.6834431627729087,Risk,-0.012304593518776774,-2.5032266220640476,0.3425655976676385,0.1239193083573487,2.0,0.011678705601946992,0.0,0.9928642520177847,0.0071357479822153035
zclip2,2016-11,0.6069430766714327,Risk,0.021668976189309852,-2.5032266220640476,0.28820960698689957,0.0603448275862069,1.5937289873709717,-0.0055371160483419805,0.0,0.9391140188600867,0.060885981139913274
zclip2,2016-12,0.8021611941612798,Risk,0.020286661574530296,-2.5032266220640476,0.3367198838896952,0.00860832137733142,-0.6286799026202124,0.010546851729104212,0.0,0.005241376697745626,0.9947586233022543
zclip2,2017-01,0.7959120765912073,Risk,0.011641600247119799,-2.5032266220640476,0.40998487140695916,0.04484304932735426,0.8838440287936917,0.02670350466294721,0.0,0.42067408195773065,0.5793259180422694
zclip2,2017-02,0.8978034179941221,Risk,0.03279249364769088,-5.37705297443093,0.4539969834087481,0.02242152466367713,-0.08483583009408256,0.03408083399220426,0.0,0.0006104812059265767,0.9993895187940735
zclip2,2017-03,0.9489016240854906,Risk,0.020928309182937088,-5.37705297443093,0.5,0.008955223880597015,-0.6589617521456366,0.057676754659490403,0.0,3.3964628196585093e-07,0.999999660353718
zclip2,2017-04,0.9744507682277928,Risk,0.06435901460809901,-5.37705297443093,0.5262368815592204,0.011922503725782414,-0.5338910314542119,0.06899814731019348,0.0,1.7525981010969463e-07,0.9999998247401899
zclip2,2017-05,0.9872253841137266,Risk,0.018919032481777176,-5.37705297443093,0.6651718983557549,0.002976190476190476,-0.8670625478397043,0.11816255622471675,0.0,6.792069810477741e-13,0.9999999999993208
zclip2,2017-06,0.9936126917086496,Risk,0.004565585480605261,-5.37705297443093,0.6154992548435171,0.017673048600883652,-0.2463949130831136,0.12056172260447018,0.0,1.3928548936338982e-09,0.9999999986071451
zclip2,2017-07,0.75814227320315,Risk,-0.016448102423411104,-5.106779372261084,0.5439642324888226,0.07363770250368189,1.991811149436314,0.10701810246205311,0.0,0.9546562906046995,0.04534370939530061
zclip2,2017-08,0.8790581410945013,Risk,0.01323635851219862,-9.022432045446305,0.5022288261515602,0.021994134897360705,-0.12819618281070985,0.07237232580256894,0.0,5.1982028294301335e-05,0.9999480179717056
zclip2,2017-09,0.9395211055157661,Risk,0.05385741417322154,-9.022432045446305,0.33825701624815363,0.010263929618768328,-0.5674128258903931,0.06792414288340817,0.0,3.1860125938415854e-05,0.9999681398740616
zclip2,2017-10,0.9697583668311,Risk,-0.01864914649028071,-9.022432045446305,0.3735294117647059,0.01466275659824047,-0.3603098168464568,0.1044723427561803,0.0,8.74370713234968e-06,0.9999912562928677
zclip2,2017-11,0.9848441645162906,Risk,-0.003585944964967669,-9.022432045446305,0.4161764705882353,0.02046783625730994,-0.11267598797370511,0.06323498219499395,0.0,0.00014007559703749708,0.9998599244029625
zclip2,2017-12,0.9919423535136058,Risk,0.04010957332950493,-10.92876031296578,0.35043988269794724,0.021897810218978103,-0.038143947556541574,0.0449518288065326,0.0,0.0019189149781581114,0.9980810850218419
zclip2,2018-01,0.9958973346676263,Risk,-0.05419911303226155,-12.107655925343652,0.5469208211143695,0.002902757619738752,-0.8140389586570543,0.06663073151421918,0.0,0.000295368356706336,0.9997046316432937
zclip2,2018-02,0.8278023707617853,Risk,0.0076173247545101574,-10.916038402810212,0.3812316715542522,0.049204052098408106,1.0556945994589748,0.00039833410371750775,0.0,0.6805851862881113,0.31941481371188873
zclip2,2018-03,0.9103358546635095,Risk,0.028427655980584055,-10.916038402810212,0.41751824817518246,0.01300578034682081,-0.4511904401957512,0.0014204112093784366,0.0,0.01426132286953246,0.9857386771304675
zclip2,2018-04,0.9545566974827027,Risk,-0.03672203696866427,-20.646179033749025,0.5276967930029155,0.017316017316017316,-0.29152081075597436,0.02586194663557565,0.0,0.0024449193962081607,0.9975550806037918
zclip2,2018-05,0.8885082688373129,Risk,-0.03998337875727398,-19.207231269225268,0.508695652173913,0.044733044733044736,0.8159128037664031,-0.013486506385806884,0.0,0.35508031961615333,0.6449196803838466
zclip2,2018-06,0.6961899080702797,Risk,-0.013270915469926647,-15.257506834948876,0.35021707670043417,0.0953757225433526,2.0,-0.055121105649671806,0.0,0.9922569053935072,0.007743094606492874
zclip2,2018-07,0.8417032881765544,Risk,0.012033439753823538,-15.357280452694022,0.2402315484804631,0.01875901875901876,-0.3214094793149142,-0.0646651771331531,0.0,0.025566663434341698,0.9744333365656582
zclip2,2018-08,0.9198150434691277,Risk,0.008691876707128454,-15.357280452694022,0.2976878612716763,0.017167381974248927,-0.39792465511707387,-0.04319894107003041,0.0,0.004146402476597876,0.9958535975234021
zclip2,2018-09,0.9589156044025121,Risk,-0.1337476549186405,-14.910784013904033,0.3309248554913295,0.015714285714285715,-0.46434943023971537,-0.02676937530992641,0.0,0.003967669328206915,0.9960323306717931
zclip2,2018-10,0.9611345331131235,Risk,0.03309380642103732,-6.483795664071157,0.0838150289017341,0.07845934379457917,1.7793841860105617,-0.1564911710161133,0.0,0.07329307635253049,0.9267069236474695
zclip2,2018-11,0.9794991640716942,Risk,-0.026620787987619576,-10.019876469916355,0.16017316017316016,0.02275960170697013,-0.2411487460051713,-0.10311455950389839,0.0,0.004272409939469828,0.9957275900605301
zclip2,2018-12,0.989094863636423,Risk,0.0802581308836019,-10.019876469916355,0.1630901287553648,0.019886363636363636,-0.34314989783658617,-0.11585041706123472,0.0,0.0026188735976967166,0.9973811264023033
zclip2,2019-01,0.9945270613196718,Risk,-0.004267934704496712,-10.019876469916355,0.30428571428571427,0.00425531914893617,-0.8869718635638589,-0.021462696675266933,0.0,8.14819941584631e-05,0.9999185180058415
zclip2,2019-02,0.9971756721505556,Risk,-0.02494717277311076,-15.072285771240034,0.3176638176638177,0.011347517730496455,-0.6152411691874461,-0.01594087542600675,0.0,0.00035143403712153634,0.9996485659628785
zclip2,2019-03,0.9970069618441685,Risk,0.02939274540771497,-15.072285771240034,0.3314366998577525,0.028328611898016998,-0.01585299184859363,-0.02784397746559102,0.0,0.006323496924437375,0.9936765030755627
zclip2,2019-04,0.9984182218821719,Risk,-0.07344836888932471,-13.695177451700369,0.5120567375886524,0.011283497884344146,-0.6255322330598687,0.009009729462064546,0.0,0.00034103615964954924,0.9996589638403505
zclip2,2019-05,0.9967625749759359,Risk,0.04353156003126646,-10.52373122249326,0.3045325779036827,0.03526093088857546,0.20776833911066472,-0.05755215157558609,0.0,0.009786143860600024,0.9902138561393999
zclip2,2019-06,0.9977302115966218,Risk,-0.049783660401832464,-10.368350250142655,0.4198581560283688,0.022598870056497175,-0.2661942500200974,-0.007101519983515922,0.0,0.0026043035653845015,0.9973956964346155
zclip2,2019-07,0.7815574662897584,Risk,-0.02803586396813429,-6.538316914075426,0.20679886685552407,0.08615819209039548,1.8784155953203443,-0.04628444306771609,0.0,0.86923055803421,0.13076944196579
zclip2,2019-08,0.890722294313974,Risk,0.04840964120898228,-12.36034800901422,0.1906779661016949,0.00847457627118644,-0.7506969339677947,-0.0671955097361137,0.0,0.0002257553236209107,0.9997742446763791
zclip2,2019-09,0.944910727970164,Risk,0.009902780425627533,-35.70889779916474,0.2274011299435028,0.029661016949152543,-0.028425221792410537,-0.017867039511590337,0.0,0.0018016767472923065,0.9981983232527077
zclip2,2019-10,0.9696470846848382,Risk,0.002150239268313925,-35.70889779916474,0.21610169491525424,0.03531073446327684,0.3047171732226688,-0.008773354293174272,0.0,0.01123311720097518,0.9887668827990248
zclip2,2019-11,0.9699403421083084,Risk,0.05254409231498869,-35.70889779916474,0.22284908321579688,0.04219409282700422,0.6268596931145121,-0.0060845591303646295,0.0,0.05953280093644294,0.9404671990635571
zclip2,2019-12,0.9848519717563677,Risk,-0.035792414195787936,-35.70889779916474,0.29760225669957685,0.015384615384615385,-0.5288503907325495,0.04753831670836856,0.0,0.0004727971911460498,0.999527202808854
zclip2,2020-01,0.7424627136453119,Risk,-0.062293240424381,-35.03091217438568,0.2002820874471086,0.25034965034965034,2.0,0.009693605282830312,0.0,0.999853088931488,0.00014691106851190435
zclip2,2020-02,0.6213383838140283,Risk,-0.11694455185185326,-30.09792506344231,0.11706629055007052,0.4664804469273743,2.0,-0.052737451993655156,0.0,0.999571892034511,0.0004281079654890175
zclip2,2020-03,0.8071223922257114,Risk,0.10994850358748165,-7.508801311518287,0.0800561797752809,0.002793296089385475,-0.5066612675252933,-0.16232042770724772,0.0,0.0141871987252114,0.9858128012747887
zclip2,2020-04,0.9035071073861352,Risk,0.04212446061941999,-7.508801311518287,0.25874125874125875,0.002793296089385475,-0.502957563463951,-0.045317524689084815,0.0,0.00021635490688186147,0.9997836450931181
zclip2,2020-05,0.9517118013053978,Risk,0.038790945746012495,-7.508801311518287,0.36923076923076925,0.004189944134078212,-0.48693709456474876,0.0002933678401253365,0.0,0.00016700955067910147,0.9998329904493208
zclip2,2020-06,0.9757900880170078,Risk,0.06689656450185977,-7.220151177391654,0.3551532033426184,0.004172461752433936,-0.4818180365686734,0.028130658314911024,0.0,0.0002632505427645814,0.9997367494572355
zclip2,2020-07,0.9878353686177934,Risk,0.034142804734832444,-7.253996740571744,0.48885793871866295,0.005563282336578581,-0.44253725469733446,0.08500565887107073,0.0,0.00023870156284174022,0.9997612984371582
zclip2,2020-08,0.9938396560464086,Risk,0.0007394002849707704,-7.253996740571744,0.5306406685236769,0.006944444444444444,-0.4206048240923023,0.10648609531186078,0.0,0.00031211304995258746,0.9996878869500474
zclip2,2020-09,0.9968775791313951,Risk,-0.02609229518459133,-7.817720647628201,0.596100278551532,0.002777777777777778,-0.4667131855312008,0.09428833212388435,0.0,0.00016899556723657048,0.9998310044327634
zclip2,2020-10,0.9983527853063541,Risk,0.14299459652479585,-7.817720647628201,0.5771905424200278,0.008321775312066574,-0.3991318985716445,0.05982764941382349,0.0,0.00034401703737407655,0.9996559829626259
zclip2,2020-11,0.999158649902683,Risk,0.1088741242922524,-7.817720647628201,0.8263888888888888,0.002770083102493075,-0.4576247406497304,0.1789921716056031,0.0,7.097100197651912e-05,0.9999290289980235
zclip2,2020-12,0.9995281831382918,Risk,0.03575467684780964,-7.817720647628201,0.8571428571428571,0.0027624309392265192,-0.4504934452559725,0.250970199987554,0.0,0.00020456725219887196,0.9997954327478011
zclip2,2021-01,0.9997637288568395,Risk,0.012344555900485554,-6.484782512052478,0.7642163661581137,0.002758620689655172,-0.4504814193850685,0.22547621511658206,0.0,1.4508492255800845e-06,0.9999985491507745
zclip2,2021-02,0.9998802945388059,Risk,0.01608721402234803,-7.403461627668206,0.7534626038781164,0.006887052341597796,-0.38761244985322607,0.19342085260031527,0.0,6.2795584552863816e-06,0.9999937204415448
zclip2,2021-03,0.9999378956009228,Risk,0.0282353247031637,-7.41072259557074,0.8174273858921162,0.001375515818431912,-0.44753195895297376,0.16590025086033847,0.0,9.006673920529495e-06,0.9999909933260794
zclip2,2021-04,0.9999606189656767,Risk,0.017808864606451147,-12.008311333757815,0.81353591160221,0.012345679012345678,-0.317867344567391,0.15110312854570276,0.0,3.331533913877334e-05,0.9999666846608612
zclip2,2021-05,0.9999688642500975,Risk,0.02895203751264175,-14.105002607448291,0.8234482758620689,0.00823045267489712,-0.3533762691090517,0.13618449709010436,0.0,4.578093096316249e-05,0.9999542190690368
zclip2,2021-06,0.9999668298462225,Risk,-0.02862269472253287,-14.105002607448291,0.8471074380165289,0.008207934336525308,-0.32706205752284145,0.13013010064537364,0.0,7.040911530467048e-05,0.9999295908846952
zclip2,2021-07,0.9996346774823215,Risk,-0.0009524497124010489,-20.29917010731119,0.7658402203856749,0.015047879616963064,-0.24583248378908473,0.06820764477687961,0.0,0.0013949497631587922,0.9986050502368412
zclip2,2021-08,0.9995832636469837,Risk,-0.04077491126897381,-18.476031508636524,0.6145404663923183,0.009549795361527967,-0.30740540696491797,0.03902834569868092,0.0,0.0009363003767082869,0.9990636996232917
zclip2,2021-09,0.9983515575110788,Risk,-0.03197976242745859,-14.804715428229386,0.4917808219178082,0.024324324324324326,-0.13772849226418152,-0.01894062537778562,0.0,0.005760297249651808,0.9942397027503482
zclip2,2021-10,0.9976785403414243,Risk,-0.044323159985223404,-13.700956530435404,0.417462482946794,0.021592442645074223,-0.1516877756305956,-0.05652299926207223,0.0,0.005988953656460079,0.9940110463435399
zclip2,2021-11,0.7488393037238413,Risk,0.04883388649607845,-15.826997871484672,0.15279672578444747,0.28706199460916443,2.0,-0.09672632705117,0.0,0.9999998657874833,1.3421251667185873e-07
zclip2,2021-12,0.8741136033657269,Risk,-0.1055563362924995,-22.578311680558038,0.23433242506811988,0.006720430107526882,-0.3654650894820336,-0.04652629484340204,0.0,0.0012241939847750403,0.9987758060152249
zclip2,2022-01,0.6871502594028787,Risk,0.013456728231198367,-17.313566132999235,0.13378378378378378,0.01478494623655914,-0.28411783364221477,-0.15162837328133236,0.0,0.9996261691199393,0.0003738308800607617
zclip2,2022-02,0.5936926156430486,Risk,0.021662124120634507,-16.93207993889052,0.17813765182186234,0.012080536912751677,-0.31279585585777,-0.12499562763251286,0.0,0.9995300562335628,0.00046994376643715523
zclip2,2022-03,0.5470043738606886,Risk,-0.022700435418731346,-21.879891694006993,0.30551816958277256,0.009395973154362415,-0.33504517353272817,-0.08662633775378654,0.0,0.9993677358433429,0.0006322641566570028
zclip2,2022-04,0.523843859389006,Risk,-0.003395167554811729,-20.0204095960431,0.40860215053763443,0.013422818791946308,-0.29343108578637356,-0.08958797063819257,0.0,0.9986333101653533,0.0013666898346467774
zclip2,2022-05,0.5120709094237905,Risk,-0.1315238924046893,-19.74794040710648,0.35618279569892475,0.008053691275167786,-0.34133139822912495,-0.07187937994158612,0.0,0.9994040810828503,0.0005959189171497558
zclip2,2022-06,0.5104262788536975,Risk,0.05095518935436982,-14.92113843121784,0.1342281879194631,0.05906040268456376,0.1830147242673722,-0.188198407031154,0.0,0.9824367034327908,0.017563296567209213
zclip2,2022-07,0.5053156932576706,Risk,0.00838264280160117,-14.92113843121784,0.17986577181208055,0.006711409395973154,-0.3434056615326867,-0.11012047432411311,0.0,0.9995897846767128,0.0004102153232872471
zclip2,2022-08,0.5028668138885096,Risk,-0.12805568347769303,-12.805568347769302,0.2442953020134228,0.014745308310991957,-0.2609913166722865,-0.0810094452419559,0.0,0.9991641309613026,0.0008358690386973877
zclip2,2022-09,0.7514334069442548,Risk,0.06407829208823257,-10.650944354368285,0.09664429530201342,0.30120481927710846,2.0,-0.1945588916680447,0.0,1.17764173610915e-16,0.9999999999999999
zclip2,2022-10,0.6275414329681692,Risk,0.0780079932923361,-10.650944354368285,0.12080536912751678,0.038821954484605084,-0.08026022114647226,-0.10422497886324614,0.0,0.9927010820158327,0.007298917984167261
zclip2,2022-11,0.5639176158634425,Risk,-0.09550141925688738,-10.531330529144933,0.2657718120805369,0.00535475234270415,-0.38950823064421547,-0.01108148224600031,0.0,0.9994124024825686,0.0005875975174313732
zclip2,2022-12,0.7809432371442676,Risk,0.08436781614214572,-5.436753639916714,0.1686746987951807,0.12416555407209613,0.7103795269327856,-0.09679931345329791,0.0,0.00406228314981438,0.9959377168501856
zclip2,2023-01,0.6406297025211722,Risk,-0.005043124381363007,-5.422280511656896,0.30614973262032086,0.008,-0.34524597256288836,-0.0014223935164539398,0.0,0.9993676642038459,0.0006323357961540447
zclip2,2023-02,0.5703928819807292,Risk,0.026528796723759074,-6.095455469581212,0.35561497326203206,0.017333333333333333,-0.1849157545272241,0.0031616326523328203,0.0,0.9996878771194275,0.0003121228805724873
zclip2,2023-03,0.5352189337830986,Risk,0.009960159558901616,-7.652596010790235,0.3890374331550802,0.012,-0.26678997494283896,0.038573901473973965,0.0,0.999910028829064,8.997117093607164e-05
zclip2,2023-04,0.5177559726283572,Risk,0.030217541666638148,-14.588296075938468,0.41255006675567424,0.03195739014647137,0.01292058112184485,0.04218945826008652,0.0,0.9994139770527687,0.0005860229472313459
zclip2,2023-05,0.5089440401536249,Risk,-0.0049823397074086895,-14.588296075938468,0.4833555259653795,0.03851261620185923,0.0951434131193598,0.06712525867587818,0.0,0.9997357846422147,0.0002642153577853991
zclip2,2023-06,0.5044896083011737,Risk,0.02663517558449069,-14.588296075938468,0.5172872340425532,0.03306878306878307,0.0034974837057829703,0.05629279850645504,0.0,0.9999296471025549,7.035289744500813e-05
zclip2,2023-07,0.502274066366608,Risk,-0.02898679482832678,-14.588296075938468,0.3598937583001328,0.013175230566534914,-0.2925528848272249,0.06920165333066294,0.0,0.9998829511359153,0.0001170488640845987
zclip2,2023-08,0.501156449238924,Risk,-0.03567696310446833,-12.42811367563088,0.3740053050397878,0.011842105263157895,-0.314413380742719,0.027950871948379755,0.0,0.9999223357775201,7.766422247989596e-05
zclip2,2023-09,0.5027322475757412,Risk,-0.07589239775626777,-8.761303280623856,0.28835978835978837,0.04199475065616798,0.11417904580324746,-0.012585355701384738,0.0,0.9913839081748834,0.008616091825116556
zclip2,2023-10,0.7513660351374446,Risk,0.11295047385245627,-8.761303280623856,0.19129287598944592,0.13368283093053734,1.3803088717429906,-0.09427100994547444,0.0,3.546017041228958e-07,0.9999996453982959
zclip2,2023-11,0.6258234462984833,Risk,0.047327914512986125,-8.761303280623856,0.34342105263157896,0.01832460732984293,-0.2864401798169108,0.010664219656660182,0.0,0.9994382850809557,0.0005617149190443156
zclip2,2023-12,0.5629175104667362,Risk,-0.0595756152499437,-8.761303280623856,0.36662286465177396,0.006535947712418301,-0.4583459341761199,0.052794103216056154,0.0,0.9999768507300215,2.31492699784015e-05
zclip2,2024-01,0.5315869047198128,Risk,0.05817572230802637,-6.271472847747561,0.3136482939632546,0.04177545691906005,0.034847063041015314,-0.01267658822026686,0.0,0.9994874020542209,0.0005125979457790653
zclip2,2024-02,0.5158014535774906,Risk,0.039460849828057754,-15.556748011689637,0.40339425587467365,0.0390625,-0.01747654773106434,0.04017952408909992,0.0,0.9999679951296633,3.200487033676257e-05
zclip2,2024-03,0.5079023674805777,Risk,-0.019867920523340188,-15.556748011689637,0.3981723237597911,0.031209362808842653,-0.14433615114094206,0.07271245190602368,0.0,0.9999934372326704,6.562767329571552e-06
zclip2,2024-04,0.503951435190255,Risk,-0.020631054974127316,-15.556748011689637,0.4276401564537158,0.01818181818181818,-0.33725740887952765,0.0494145378826015,0.0,0.9999989942001352,1.0057998647981408e-06
zclip2,2024-05,0.5020150575064672,Risk,0.06117914813209069,-16.410672322905484,0.4348958333333333,0.05194805194805195,0.13897765208757842,0.024344177358783737,0.0,0.9998426403546412,0.00015735964535876947
zclip2,2024-06,0.5010092210973913,Risk,-0.009696880532075847,-18.35716885207005,0.44545454545454544,0.042690815006468305,-0.0108439843433585,0.0764859229140458,0.0,0.9999932306233695,6.769376630521494e-06
zclip2,2024-07,0.5005509276153637,Risk,-0.03478551727212853,-15.01612366365288,0.40414507772020725,0.05426356589147287,0.1437702661032266,0.05397881881220789,0.0,0.9998147317333277,0.00018526826667229808
zclip2,2024-08,0.500277130677103,Risk,-0.030303157557248217,-11.951507716337185,0.33635187580853815,0.015444015444015444,-0.4317722117292231,0.008346978310445192,0.0,0.9999933325223156,6.667477684454584e-06
zclip2,2024-09,0.5001423505104903,Risk,-0.014314019330007755,-10.361688207723441,0.32470892626131953,0.017994858611825194,-0.39114305191883836,-0.026093303364016773,0.0,0.9999848593122452,1.5140687754805162e-05
zclip2,2024-10,0.5001079394143086,Risk,-0.03921522370126429,-14.142513086077047,0.2971576227390181,0.03465982028241335,-0.15081790636037934,-0.04155982191301317,0.0,0.9998529433637459,0.00014705663625410388
zclip2,2024-11,0.7500398284556562,Risk,-0.022973123564838382,-14.142513086077047,0.23901808785529716,0.09242618741976893,0.9768534150501202,-0.08134976121706189,0.0,5.656500599221685e-05,0.9999434349940077
zclip2,2024-12,0.6255790264509731,Risk,0.04912715928504907,-14.142513086077047,0.22136422136422138,0.03713188220230474,-0.05885585898668294,-0.09722073381716936,0.0,0.9977635511074204,0.002236448892579587
zclip2,2025-01,0.8112595512928519,Risk,0.006121432841425634,-14.142513086077047,0.27742749054224464,0.047619047619047616,0.11905430628509579,-0.04223335124172008,0.0,0.006119847730538671,0.9938801522694614
zclip2,2025-02,0.9034697199953302,Risk,-0.020396525364153484,-13.246896601141799,0.3161209068010076,0.05137844611528822,0.1693352373085089,-0.03262800304068284,0.0,0.008640222604382946,0.9913597773956171
zclip2,2025-03,0.7017348604605527,Risk,0.030425770083210457,-9.030334502270755,0.23173803526448364,0.1677096370463079,2.0,-0.048467322341249376,0.0,0.99999999814845,1.8515500284795664e-09
zclip2,2025-04,0.8508516405837261,Risk,0.055174550880334294,-4.149986320647181,0.44221105527638194,0.01373283395755306,-0.5771447901250526,-0.0065084513560545836,0.0,6.315858620091566e-05,0.9999368414137991
zclip2,2025-05,0.9254258201256587,Risk,0.13864929369746903,-8.901506871653952,0.6077694235588973,0.0149812734082397,-0.5598654121652816,0.054373798994654,0.0,6.648172877476168e-10,0.9999999993351827
zclip2,2025-06,0.9627129100628276,Risk,0.0565615108884876,-8.901506871653952,0.6946182728410513,0.014943960149439602,-0.5370992079529311,0.1731593442650227,0.0,7.098520302378365e-15,0.9999999999999929
zclip2,2025-07,0.9813564550314137,Risk,-0.01831182604318171,-8.901506871653952,0.7025,0.0161892901618929,-0.521423337638907,0.20326394938316508,0.0,4.801291343504987e-16,0.9999999999999996
zclip2,2025-08,0.9906782275149004,Risk,0.07488679795710262,-8.901506871653952,0.6221945137157108,0.029850746268656716,-0.2903085302791934,0.16283542110893048,0.0,3.2255859855158994e-12,0.9999999999967745
zclip2,2025-09,0.9953391137568821,Risk,0.19941011588801794,-19.894662107505688,0.5810473815461347,0.036069651741293535,-0.08043839405247831,0.20077369439638454,0.0,2.2727391875209184e-12,0.9999999999977273
zclip2,2025-10,0.997669556878441,Risk,-0.044043800878727946,-19.894662107505688,0.5616438356164384,0.055900621118012424,0.44939549401950313,0.3394639198645848,0.0,3.8706491760122833e-19,1.0
zclip2,2025-11,0.9988347784391479,Risk,0.07323907704836685,-19.894662107505688,0.5591531755915318,0.02608695652173913,-0.38620114859013177,0.24419642262152758,0.0,2.9038695882006995e-13,0.9999999999997096
zclip2,2025-12,0.9994173892195413,Risk,0.23971267417636266,-19.894662107505688,0.5261194029850746,0.05217391304347826,0.4247787924488822,0.2649523475400175,0.0,1.3043291880730876e-13,0.9999999999998695
zclip2,2026-01,0.9997086946097706,Risk,0.19519520978992544,-38.630429604794614,0.568407960199005,0.02977667493796526,-0.2700608223669889,0.40944755765938273,0.0,2.2565283271544323e-21,1.0
zclip2,2026-02,0.9998543473048853,Risk,-0.19084643404922963,,0.6878109452736318,0.034739454094292806,-0.13463002504521004,0.5145445961220702,0.0,2.8580005593820524e-30,1.0
zclip2,2026-03,0.9999271727441963,Risk,0.3060707394429423,,0.47139303482587064,0.05093167701863354,0.33052195056055683,0.22453110494167575,0.0,3.6329856629324194e-09,0.9999999963670143
zclip2,2026-04,0.9999635863720981,Risk,0.28448510731373733,,0.6687422166874222,0.01987577639751553,-0.6146557544205323,0.41137237956509753,0.0,7.923224136988696e-24,1.0
zclip2,2026-05,0.9999817931860491,Risk,3.894198542830907e-05,,0.4166666666666667,0.16770186335403728,2.0,0.5729459789192315,0.0,1.1825538652500975e-20,1.0
zclip2,2026-06,0.9999908965930245,Risk,-0.22191170974465646,,0.24906600249066002,0.03482587064676617,-0.22364493089542425,0.4630986814240598,0.0,8.630880806602098e-23,1.0
zclip2,2026-07,0.9999953761632856,Risk,,,0.2082294264339152,0.018703241895261846,-0.64404227666039,0.13992806481532993,0.0,2.8853290650910117e-07,0.9999997114670934
pct60,2004-01,,Benign,0.04115495923412649,-22.1225153975113,0.42348008385744235,0.029227557411273485,0.5,0.15824128686832947,,,
pct60,2004-02,,Benign,-0.0033053167990804155,-23.125651268905422,0.4716981132075472,0.03333333333333333,0.5,0.1613811332129025,,,
pct60,2004-03,,Benign,-0.020056755416844152,-23.125651268905422,0.4225941422594142,0.041666666666666664,0.5,0.12127312523347315,,,
pct60,2004-04,,Benign,-0.06837883983548998,-17.04822669606366,0.4435146443514644,0.079002079002079,0.5,0.07128273535108715,,,
pct60,2004-05,,Benign,-0.022454777350083832,-11.790086712312286,0.27348643006263046,0.043568464730290454,0.5,-0.010148399600305103,,,
pct60,2004-06,,Benign,-0.06420284374016216,-8.936841114166516,0.28958333333333336,0.022821576763485476,0.5,-0.03760665885061895,,,
pct60,2004-07,,Benign,0.0927869801410397,-8.936841114166516,0.225,0.05578512396694215,0.5,-0.1056667270607355,,,
pct60,2004-08,,Benign,0.03922498257022733,-8.936841114166516,0.38958333333333334,0.02053388090349076,0.5,-0.01601324675233033,,,
pct60,2004-09,,Benign,-0.0002993689206676198,-8.936841114166516,0.5435684647302904,0.026694045174537988,0.5,0.017163207917091326,,,
pct60,2004-10,,Benign,0.05177036236022192,-10.900575155165859,0.5663900414937759,0.03696098562628337,0.5,0.011368610080991055,,,
pct60,2004-11,,Benign,0.020340279025603536,-10.900575155165859,0.6970954356846473,0.02459016393442623,0.5,0.060744857088629985,,,
pct60,2004-12,,Benign,0.04105280605239425,-10.900575155165859,0.7125256673511293,0.016293279022403257,0.0,0.08167439434173603,,,
pct60,2005-01,,Benign,0.08433576939534881,-10.900575155165859,0.8459958932238193,0.014256619144602852,0.0,0.11980339957208566,,,
pct60,2005-02,,Benign,-0.045166897383133287,-10.900575155165859,0.9301848049281314,0.012195121951219513,0.0,0.1917411217093751,,,
pct60,2005-03,,Benign,-0.05631265563671062,-8.150820576126073,0.889344262295082,0.014227642276422764,0.07142857142857142,0.11883663529980971,,,
pct60,2005-04,,Benign,0.06464395365828834,-8.322152523383552,0.7402862985685071,0.028455284552845527,0.5333333333333333,0.0381519981234112,,,
pct60,2005-05,,Benign,0.03911519187847001,-8.322152523383552,0.7576374745417516,0.016260162601626018,0.1875,0.07708156318980375,,,
pct60,2005-06,,Benign,0.10229533870135499,-8.322152523383552,0.8065173116089613,0.014198782961460446,0.058823529411764705,0.09291739768206721,,,
pct60,2005-07,,Benign,-0.02516002305878673,-8.746719412492364,0.8780487804878049,0.012072434607645875,0.0,0.16735933682648987,,,
pct60,2005-08,,Benign,0.12708967654909675,-8.746719412492364,0.7439024390243902,0.01603206412825651,0.2631578947368421,0.11176872813970651,,,
pct60,2005-09,,Benign,-0.05151474919205312,-8.746719412492364,0.9004065040650406,0.005671077504725898,0.0,0.19932315682764482,,,
pct60,2005-10,,Benign,0.12030805175416193,-8.746719412492364,0.8536585365853658,0.007518796992481203,0.047619047619047616,0.11552293340277414,,,
pct60,2005-11,,Benign,0.0631474730322672,-11.5340989307117,0.8985801217038539,0.00375234521575985,0.0,0.19429252939974578,,,
pct60,2005-12,,Benign,0.014832830212289538,-17.808423193543497,0.8373493975903614,0.009328358208955223,0.13043478260869565,0.22232906025660304,,,
pct60,2006-01,,Benign,-0.0201738719136767,-17.808423193543497,0.7454909819639278,0.005597014925373134,0.041666666666666664,0.199220547453102,,,
pct60,2006-02,,Benign,-0.00874167246273494,-17.808423193543497,0.6616257088846881,0.00558659217877095,0.04,0.1435452088081431,,,
pct60,2006-03,,Benign,0.04422624739817227,-17.808423193543497,0.5902255639097744,0.0074211502782931356,0.15384615384615385,0.10154566353499148,,,
pct60,2006-04,,Benign,-0.07186579891986777,-17.808423193543497,0.6303939962476548,0.011131725417439703,0.25925925925925924,0.11278025181992381,,,
pct60,2006-05,,Benign,-0.01711309675450623,-8.639293468825793,0.416044776119403,0.05730129390018484,0.9642857142857143,0.015212804000979619,,,
pct60,2006-06,,Benign,0.002061476913616911,-5.153632653612938,0.2947761194029851,0.011029411764705883,0.2413793103448276,-0.013166327380923458,,,
pct60,2006-07,,Benign,0.04231715200737107,-5.9967543387908995,0.24394785847299813,0.014678899082568808,0.4666666666666667,-0.016672469677263595,,,
pct60,2006-08,,Benign,0.013801650043684832,-5.9967543387908995,0.33766233766233766,0.012844036697247707,0.3548387096774194,0.014602599869848435,,,
pct60,2006-09,,Benign,-0.005002140264830257,-6.386264430782818,0.49907578558225507,0.01282051282051282,0.34375,0.02320683621676341,,,
pct60,2006-10,,Benign,0.04958404579405595,-6.386264430782818,0.522140221402214,0.012750455373406194,0.3333333333333333,0.01908522473013526,,,
pct60,2006-11,,Benign,0.0015709987092444866,-6.386264430782818,0.7522935779816514,0.014519056261343012,0.5,0.06400078824017569,,,
pct60,2006-12,,Benign,-0.0517476837905162,-6.386264430782818,0.7119266055045872,0.019855595667870037,0.6285714285714286,0.059890355051110525,,,
pct60,2007-01,,Benign,0.04198553639575109,-6.386264430782818,0.5394495412844037,0.032432432432432434,0.8055555555555556,0.004252712379903002,,,
pct60,2007-02,,Benign,0.024842369408128562,-18.268953995384496,0.6190476190476191,0.03423423423423423,0.8378378378378378,0.0450758281281636,,,
pct60,2007-03,,Benign,0.061746541180188075,-18.268953995384496,0.7231329690346083,0.012612612612612612,0.2894736842105263,0.06339369480008655,,,
pct60,2007-04,,Benign,0.10288284894052024,-18.268953995384496,0.8061594202898551,0.01981981981981982,0.5897435897435898,0.10289315874078206,,,
pct60,2007-05,,Benign,0.0250982947648013,-18.268953995384496,0.8826714801444043,0.012589928057553957,0.275,0.1760744838779892,,,
pct60,2007-06,,Benign,0.10878071036997672,-18.268953995384496,0.8954954954954955,0.012544802867383513,0.2682926829268293,0.17157764065553208,,,
pct60,2007-07,,Benign,-0.031051032028847292,-23.042352546683908,0.9117117117117117,0.012522361359570662,0.2619047619047619,0.2357287915979698,,,
pct60,2007-08,,Benign,0.03909802834457499,-23.042352546683908,0.8432432432432433,0.008928571428571428,0.13953488372093023,0.17232185377212264,,,
pct60,2007-09,,Benign,0.060812398984444904,-23.75039993492264,0.8216216216216217,0.010676156583629894,0.18181818181818182,0.18597959723074153,,,
pct60,2007-10,,Benign,-0.0769305712974303,-23.75039993492264,0.6834532374100719,0.01060070671378092,0.17777777777777778,0.20556931502929685,,,
pct60,2007-11,,Benign,-0.0046537225168874485,-19.390534055808338,0.4946236559139785,0.012345679012345678,0.30434782608695654,0.09064464839158813,,,
pct60,2007-12,,Benign,-0.1436116399354005,-17.00938062473454,0.4400715563506261,0.012280701754385965,0.2978723404255319,0.061961428788612466,,,
pct60,2008-01,,Benign,0.05351203839037111,-20.19609395422751,0.16607142857142856,0.03152364273204904,0.8125,-0.11030726319812328,,,
pct60,2008-02,,Benign,-0.004457768023614417,-21.95639635110014,0.23309608540925267,0.017452006980802792,0.6326530612244898,-0.06571552666346805,,,
pct60,2008-03,,Benign,0.07129148713604883,-26.530536804210758,0.19081272084805653,0.015706806282722512,0.56,-0.07085405855911349,,,
pct60,2008-04,,Benign,0.014544226557667628,-50.301236840175,0.26455026455026454,0.017421602787456445,0.6274509803921569,-0.002413875470199361,,,
pct60,2008-05,,Benign,-0.095625303030343,-49.31210299564691,0.356140350877193,0.017421602787456445,0.6153846153846154,0.01613525253455018,,,
pct60,2008-06,,Benign,-0.04791273487358194,-43.95254845785039,0.29597197898423816,0.10416666666666667,1.0,-0.08147053381121248,,,
pct60,2008-07,,Benign,-0.0755203586899934,-41.13202266736796,0.24781849912739964,0.031088082901554404,0.7962962962962963,-0.10874284490467363,,,
pct60,2008-08,,Benign,-0.01775825633142869,-37.484600271205935,0.17770034843205576,0.14457831325301204,1.0,-0.16019089939252723,,,
pct60,2008-09,,Benign,-0.23134399572164677,-35.17188776606094,0.14285714285714285,0.10652920962199312,0.9821428571428571,-0.15005229851235985,,,
pct60,2008-10,,Benign,-0.03323280897476555,-19.704612573727786,0.01916376306620209,0.024054982817869417,0.6842105263157895,-0.3676482008703952,,,
pct60,2008-11,,Benign,0.044978511462916426,-17.046503244304912,0.05025996533795494,0.010309278350515464,0.13793103448275862,-0.36328060602431195,,,
pct60,2008-12,,Benign,0.033473561437039834,-17.046503244304912,0.06368330464716007,0.010309278350515464,0.13559322033898305,-0.2797203962162543,,,
pct60,2009-01,1.0,Risk,-0.08525867370867979,-15.818915824881863,0.0963855421686747,0.00859106529209622,0.1016949152542373,-0.21296970755925537,2.995222322494497e-36,5.661078039726782e-29,1.0
pct60,2009-02,1.0,Risk,0.13473747356270582,-5.23507102218862,0.11855670103092783,0.02577319587628866,0.7457627118644068,-0.2549394517452872,3.860532100246648e-36,2.739864223805742e-29,1.0
pct60,2009-03,1.0,Risk,0.13521129297623613,-5.23507102218862,0.3556701030927835,0.005128205128205128,0.01694915254237288,-0.07152892309056592,6.16649179205483e-32,8.367215272626227e-29,1.0
pct60,2009-04,0.9999999999999972,Risk,0.019374035739815998,-8.039541043237852,0.7920962199312714,0.005119453924914676,0.01694915254237288,0.08430311563580845,5.558442122755755e-15,5.533952095065009e-18,0.9999999999999944
pct60,2009-05,0.5003055822024478,Risk,-0.004169431902441678,-11.308526734305968,0.8333333333333334,0.005110732538330494,0.01694915254237288,0.11582055272844527,0.9993861019887094,5.46721278443129e-06,0.0006084307985062796
pct60,2009-06,0.2501564807240099,Benign,0.12029617158463801,-11.308526734305968,0.8092783505154639,0.003395585738539898,0.0,0.12039650568715698,0.999985241508856,1.4758491143986727e-05,2.3047522808356125e-20
pct60,2009-07,0.1250793885603848,Benign,0.022192357015423214,-11.308526734305968,0.8970840480274442,0.003389830508474576,0.0,0.2288316787069986,0.9999954072064806,4.592793519412377e-06,4.437487067708116e-30
pct60,2009-08,0.06254168812237747,Benign,0.0510663946409764,-11.308526734305968,0.8683760683760684,0.005084745762711864,0.05084745762711865,0.21152881440654714,0.9999920246312597,7.975368740266522e-06,2.070833026621658e-29
pct60,2009-09,0.03131926389382711,Benign,-0.05525543136425026,-9.826886588548733,0.7662116040955631,0.005067567567567568,0.05084745762711865,0.21100335580063334,0.9998063206694465,0.0001936793305534928,2.1997844615553344e-26
pct60,2009-10,0.016666008070534994,Benign,-0.015872794001580925,-9.826886588548733,0.6207482993197279,0.008431703204047217,0.22033898305084745,0.11846226221756012,0.9959744955055143,0.004025504494485759,6.116816335197178e-19
pct60,2009-11,0.05872962980028115,Benign,0.08174983668112512,-10.921698461936312,0.47368421052631576,0.0067226890756302525,0.1864406779661017,0.0712545545250961,0.7984134969429121,0.20158650305412115,2.966733772990189e-12
pct60,2009-12,0.10686316698740793,Benign,-0.047742689070899846,-10.921698461936312,0.5610169491525424,0.008389261744966443,0.23728813559322035,0.11033078928034609,0.6900065916510548,0.30999340834882094,1.2423015144477315e-13
pct60,2010-01,0.34420677781600917,Benign,-0.0048988707108124085,-10.921698461936312,0.3559322033898305,0.01669449081803005,0.7288135593220338,0.034310035476126294,0.0,0.8368992227107791,0.16310077728922082
pct60,2010-02,0.4739396506256234,Benign,0.06162752714789543,-10.921698461936312,0.40878378378378377,0.0066555740432612314,0.1864406779661017,0.015479414443327906,0.0,0.792654953129525,0.20734504687047503
pct60,2010-03,0.4913477754945388,Benign,0.028774010520898452,-10.921698461936312,0.5430016863406408,0.008305647840531562,0.2542372881355932,0.05702194992769746,0.0,0.9824881992730916,0.017511800726908396
pct60,2010-04,0.5478189959236602,Benign,-0.05759781759966809,-10.37748320233044,0.5932773109243697,0.03820598006644518,0.9322033898305084,0.06308711798021331,0.0,0.7914195672944366,0.20858043270556337
pct60,2010-05,0.5869781306874295,Benign,0.03475402227722779,-3.91121457460053,0.4429530201342282,0.01652892561983471,0.711864406779661,-0.0029349726695730993,0.0,0.7477254690976027,0.2522745309023973
pct60,2010-06,0.5905328224028465,Benign,0.035941986108499524,-3.845078550467851,0.52,0.014802631578947368,0.6610169491525424,0.02514853549060055,0.0,0.8118249717634728,0.18817502823652726
pct60,2010-07,0.5650241906038806,Benign,-0.009424017363899306,-3.845078550467851,0.5640599001663894,0.016339869281045753,0.6949152542372882,0.055829218533211336,0.0,0.9209688823901706,0.07903111760982931
pct60,2010-08,0.6196934413577927,Risk,0.07462921164467073,-8.337227923902812,0.5149501661129569,0.037520391517128875,0.9152542372881356,0.0363023259848881,0.0,0.6512746157765906,0.3487253842234094
pct60,2010-09,0.5611446451039308,Risk,0.005414266402295365,-9.064177775192928,0.6461794019933554,0.00487012987012987,0.05084745762711865,0.09618033981896787,0.0,0.9948083022998618,0.0051916977001381474
pct60,2010-10,0.5307414360750502,Risk,0.011513876774815301,-9.064177775192928,0.7166392092257001,0.003246753246753247,0.0,0.08833412707003842,0.0,0.9993235459076611,0.0006764540923388786
pct60,2010-11,0.5307619002529249,Risk,0.07684956907217955,-9.064177775192928,0.5773026315789473,0.021103896103896104,0.7966101694915254,0.08175307313050299,0.0,0.9384352711384005,0.06156472886159941
pct60,2010-12,0.5156008904780655,Risk,0.009132121145173144,-9.390475387247498,0.6356209150326797,0.004838709677419355,0.05084745762711865,0.13271851868142573,0.0,0.9991202385935881,0.0008797614064119671
pct60,2011-01,0.508927993275671,Risk,-0.0630178491259451,-9.390475387247498,0.5481239804241436,0.04019292604501608,0.9322033898305084,0.11957276955761448,0.0,0.9954898078534474,0.004510192146552609
pct60,2011-02,0.5101352300338842,Risk,0.0863197535857878,-23.251203200063088,0.4042207792207792,0.0688,0.9491525423728814,0.04138724794095733,0.0,0.9773150664158051,0.022684933584194905
pct60,2011-03,0.5053730547486861,Risk,0.040660824149329144,-25.852864569071464,0.5097402597402597,0.011164274322169059,0.3898305084745763,0.10304364967273119,0.0,0.9987782410730242,0.0012217589269758267
pct60,2011-04,0.5038525450863058,Risk,-0.022756360394378228,-25.852864569071464,0.512987012987013,0.030254777070063694,0.7966101694915254,0.11869774828595674,0.0,0.9953359291521492,0.00466407084785087
pct60,2011-05,0.5073199817070336,Risk,-0.01950087042907933,-24.20813200447799,0.4251207729468599,0.042993630573248405,0.9322033898305084,0.07751751056133888,0.0,0.9784251633444772,0.02157483665552287
pct60,2011-06,0.5050634719683136,Risk,0.015480637523060725,-24.20813200447799,0.432475884244373,0.006309148264984227,0.1694915254237288,0.04126517741947798,0.0,0.9943860755408129,0.005613924459187073
pct60,2011-07,0.502607879275087,Risk,-0.11864747503555884,-23.91924189646364,0.5846645367412141,0.0047169811320754715,0.05084745762711865,0.04127518485936128,0.0,0.9996954268362791,0.0003045731637208258
pct60,2011-08,0.6518734627629676,Risk,-0.058751861219887624,-12.122613715830276,0.36363636363636365,0.0015723270440251573,0.0,-0.08285941892949396,0.0,0.39772190749830316,0.6022780925016968
pct60,2011-09,0.8230661968456473,Risk,0.07876133866014645,-7.933741609358291,0.2054140127388535,0.031446540880503145,0.8135593220338984,-0.1365310667223814,0.0,0.011482138143345916,0.988517861856654
pct60,2011-10,0.9077549969386457,Risk,-0.03222579979734985,-7.882660174514566,0.2761904761904762,0.006289308176100629,0.2033898305084746,-0.05115424439360188,0.0,0.015112405936711782,0.9848875940632882
pct60,2011-11,0.944612361081798,Risk,-0.011783437933314267,-13.020185847949882,0.2854889589905363,0.018867924528301886,0.6779661016949152,-0.07140901812878174,0.0,0.03706054955009906,0.9629394504499009
pct60,2011-12,0.9682095247846569,Risk,0.07123141823246693,-13.020185847949882,0.33490566037735847,0.009404388714733543,0.3559322033898305,-0.07711183414770117,0.0,0.01638662302496828,0.9836133769750317
pct60,2012-01,0.975838132616069,Risk,0.03807155136815821,-13.661869861640385,0.44654088050314467,0.004702194357366771,0.06779661016949153,0.00013734079217226375,0.0,0.03306651910503812,0.9669334808949619
pct60,2012-02,0.7996753340465839,Risk,-0.007984219154045014,-13.661869861640385,0.6572327044025157,0.006259780907668232,0.22033898305084745,0.046407847367799133,0.0,0.7529749290458023,0.2470250709541977
pct60,2012-03,0.6591468087442983,Risk,-0.015913312648463407,-13.661869861640385,0.5220125786163522,0.010954616588419406,0.4745762711864407,0.04221316966275463,0.0,0.9627634331159746,0.037236566884025435
pct60,2012-04,0.584718596844388,Risk,-0.06988936382815414,-11.493339096104327,0.38836477987421386,0.051643192488262914,0.9322033898305084,0.031500741932268234,0.0,0.979419230111045,0.020580769888954985
pct60,2012-05,0.5679129989565194,Risk,0.005717499731487274,-7.3236472533480645,0.3213166144200627,0.050078247261345854,0.9152542372881356,-0.029407077981188294,0.0,0.8977851978626985,0.1022148021373015
pct60,2012-06,0.5954983760451378,Risk,0.015091601621011197,-7.3236472533480645,0.39184952978056425,0.0140625,0.559322033898305,-0.025556756071804798,0.0,0.7538324937324877,0.24616750626751221
pct60,2012-07,0.6377637398811238,Risk,0.012290184859023556,-7.3236472533480645,0.3395931142410016,0.0171606864274571,0.6440677966101694,-0.013657506765791227,0.0,0.6399417925657804,0.3600582074342196
pct60,2012-08,0.6337425324778511,Risk,0.0478132432884939,-7.3236472533480645,0.4507042253521127,0.014040561622464899,0.5254237288135594,-0.003589130206397849,0.0,0.7405573498508435,0.2594426501491565
pct60,2012-09,0.5728707094834693,Risk,-0.04215483540831033,-6.781851986112352,0.5774647887323944,0.014040561622464899,0.5084745762711864,0.03794308130433076,0.0,0.9760022270218248,0.023997772978175232
pct60,2012-10,0.5442037975658283,Risk,0.010899221353768418,-6.451672422199928,0.5007824726134585,0.029503105590062112,0.7627118644067796,-0.010632422558024934,0.0,0.9689262287036257,0.031073771296374383
pct60,2012-11,0.5292285086425625,Risk,0.03318848549009101,-6.451672422199928,0.4546875,0.030959752321981424,0.7796610169491526,0.0028183782082578926,0.0,0.9714935605614068,0.028506439438593295
pct60,2012-12,0.525202520262821,Risk,-0.017580985234935786,-12.331740126719692,0.48829953198127923,0.0046439628482972135,0.06779661016949153,0.03729184304887848,0.0,0.9576469362338415,0.042353063766158563
pct60,2013-01,0.5133825270687579,Risk,0.03290113395716787,-12.132306921640767,0.5351014040561622,0.018575851393188854,0.6779661016949152,0.021832651438406066,0.0,0.9968749322506106,0.003125067749389392
pct60,2013-02,0.5069127468579879,Risk,-0.010658811881641417,-12.132306921640767,0.6090342679127726,0.007739938080495356,0.3220338983050847,0.05412612020521722,0.0,0.9991140667055638,0.0008859332944361731
pct60,2013-03,0.5037141871453086,Risk,-0.02042010443338027,-11.185651488465798,0.6319875776397516,0.009287925696594427,0.4067796610169492,0.03556642853750416,0.0,0.9989687451347414,0.0010312548652585242
pct60,2013-04,0.5024475357456166,Risk,0.01889055147974239,-11.021884452870378,0.6253869969040248,0.010819165378670788,0.4745762711864407,0.010206728522246874,0.0,0.9976382313081509,0.002361768691849131
pct60,2013-05,0.5015097888728255,Risk,-0.06882891440907302,-11.015218938396721,0.6873065015479877,0.0030864197530864196,0.01694915254237288,0.021540732752069407,0.0,0.9988559159999313,0.0011440840000687337
pct60,2013-06,0.5254937177494423,Risk,0.02721490912433233,-4.77913215205239,0.4891640866873065,0.0015432098765432098,0.0,-0.04779646160269803,0.0,0.9010447067478816,0.09895529325211838
pct60,2013-07,0.5170942947229531,Risk,0.006441882241114527,-7.246142739958561,0.5681114551083591,0.007716049382716049,0.3559322033898305,-0.014719593069165772,0.0,0.982610256607072,0.01738974339292801
pct60,2013-08,0.5109050845045584,Risk,0.03664941969455038,-8.3866660186533,0.46367851622874806,0.01848998459167951,0.711864406779661,-0.006923695813577788,0.0,0.9905682514276727,0.009431748572327281
pct60,2013-09,0.5060595771240837,Risk,0.016590219899681458,-8.3866660186533,0.5564142194744977,0.013846153846153847,0.576271186440678,0.02545937463204781,0.0,0.9975718605127821,0.0024281394872178747
pct60,2013-10,0.5036137018969418,Risk,0.007280479951982111,-7.768226263366884,0.5246913580246914,0.013824884792626729,0.576271186440678,0.039725518451936746,0.0,0.9976643466604004,0.0023356533395996484
pct60,2013-11,0.5033350624135403,Risk,-0.016397144746090997,-7.727631580911054,0.4567901234567901,0.009188361408882083,0.4576271186440678,0.04477692635325284,0.0,0.9938871541397223,0.006112845860277731
pct60,2013-12,0.503263788164493,Risk,-0.034897104715772675,-6.189405687248028,0.42592592592592593,0.019877675840978593,0.7796610169491526,0.028749479173697367,0.0,0.9936149721691083,0.006385027830891618
pct60,2014-01,0.5037225362982084,Risk,0.02000873983557061,-3.421768335813602,0.43143297380585516,0.010703363914373088,0.4915254237288136,-0.005370800305059548,0.0,0.9916374311361523,0.00836256886384765
pct60,2014-02,0.5019013663212643,Risk,0.0028383957216482347,-3.421768335813602,0.5153846153846153,0.013761467889908258,0.559322033898305,0.014360489492486599,0.0,0.9998396073113598,0.00016039268864018427
pct60,2014-03,0.5009568867006898,Risk,-0.011996286513861865,-3.421768335813602,0.5806451612903226,0.010703363914373088,0.4745762711864407,0.018440361331302,0.0,0.9999751858397692,2.4814160230837574e-05
pct60,2014-04,0.5004921535630965,Risk,0.01690798771251334,-8.736636425309053,0.5911179173047473,0.010687022900763359,0.4576271186440678,-0.0013179598132411067,0.0,0.9999451591489936,5.484085100640114e-05
pct60,2014-05,0.5002461125551012,Risk,0.0036341581495165087,-8.736636425309053,0.5886850152905199,0.05030487804878049,0.9661016949152542,0.01054159749314762,0.0,0.9999998569057886,1.4309421143038265e-07
pct60,2014-06,0.5002145756943014,Risk,0.03691428855712653,-8.888370740264406,0.5688073394495413,0.007621951219512195,0.288135593220339,0.009353322563359141,0.0,0.9996339223329969,0.0003660776670031272
pct60,2014-07,0.5001072898329482,Risk,-0.0036510787898287322,-9.515865937522005,0.6467889908256881,0.0213089802130898,0.7966101694915254,0.043797608487609586,0.0,0.99999999205681,7.94319000676661e-09
pct60,2014-08,0.5000537155871481,Risk,-0.023422352155265003,-8.996204297547195,0.6758409785932722,0.010574018126888218,0.4067796610169492,0.03889974820819407,0.0,0.9999997173173043,2.826826956658005e-07
pct60,2014-09,0.5000268586043247,Risk,-0.027553184784407714,-6.813558652203144,0.6641221374045801,0.05740181268882175,0.9830508474576272,0.01351043889129138,0.0,0.9999999967569974,3.243002689661721e-09
pct60,2014-10,0.5000198738961346,Risk,0.008323012343988134,-5.243581772122841,0.5289634146341463,0.03469079939668175,0.847457627118644,-0.012503524833585187,0.0,0.9999742216241109,2.5778375889074613e-05
pct60,2014-11,0.5001438247050847,Risk,-0.03291130893504779,-5.243581772122841,0.4496951219512195,0.024096385542168676,0.7627118644067796,-0.00534189142940645,0.0,0.9994644489719302,0.0005355510280698356
pct60,2014-12,0.5032384502807743,Risk,0.017576853369501766,-6.657278067984107,0.3668188736681887,0.03453453453453453,0.8305084745762712,-0.03828321931380702,0.0,0.9873338482870724,0.012666151712927603
pct60,2015-01,0.5023636554379083,Risk,0.018745595189680886,-7.232871732847979,0.4622356495468278,0.016467065868263474,0.5932203389830508,-0.01889628763830438,0.0,0.9970222788099156,0.00297772119008449
pct60,2015-02,0.5012807997091808,Risk,0.027812458007211216,-15.809252161832122,0.6057401812688822,0.004491017964071856,0.06779661016949153,0.0009564439477115414,0.0,0.999604112039093,0.0003958879609068898
pct60,2015-03,0.5006405614423881,Risk,0.04220412798522122,-15.809252161832122,0.6998491704374057,0.005979073243647235,0.1694915254237288,0.027424305420686964,0.0,0.999999353648809,6.463511910150877e-07
pct60,2015-04,0.5003202859382263,Risk,-0.005815178618157391,-14.737897799264788,0.7650602409638554,0.0029895366218236174,0.03389830508474576,0.06270577857667142,0.0,0.9999999791318711,2.0868128890291217e-08
pct60,2015-05,0.5001601432731551,Risk,-0.019198078645188077,-13.475978043044623,0.7252252252252253,0.01195814648729447,0.4745762711864407,0.053034752267822415,0.0,0.9999999987838322,1.2161678002036174e-09
pct60,2015-06,0.5000801360237055,Risk,-0.021232242806343726,-13.169271506729208,0.6362275449101796,0.013412816691505217,0.4915254237288136,0.03343840794307418,0.0,0.9999997424514884,2.575485116959633e-07
pct60,2015-07,0.5000400939176115,Risk,-0.04367638139480012,-10.339199628550688,0.6287425149700598,0.0237741456166419,0.7457627118644068,0.009608554563292081,0.0,0.9999998963769647,1.0362303528025343e-07
pct60,2015-08,0.542440095849202,Risk,0.010981291928680692,-10.594951610021997,0.47832585949177875,0.004451038575667656,0.0847457627118644,-0.03589627518248424,0.0,0.8303198044384146,0.16968019556158537
pct60,2015-09,0.5381229423732392,Risk,0.03396146856773963,-10.594951610021997,0.49177877428998507,0.0073964497041420114,0.2542372881355932,-0.023482359340020888,0.0,0.932388422205447,0.06761157779455296
pct60,2015-10,0.5192567433512099,Risk,-0.018477730905773315,-10.594951610021997,0.43946188340807174,0.02064896755162242,0.711864406779661,0.004785644946230964,0.0,0.999218911341639,0.0007810886583610953
pct60,2015-11,0.5138433863454723,Risk,-0.015391754173157857,-9.320975498543882,0.3561847988077496,0.02643171806167401,0.7796610169491526,-0.0176122193613024,0.0,0.9831399413205306,0.01686005867946933
pct60,2015-12,0.5348280885090095,Risk,-0.02511076705297277,-6.425808542849055,0.34175334323922735,0.021994134897360705,0.7288135593220338,-0.03279132288627723,0.0,0.8883744186549066,0.11162558134509336
pct60,2016-01,0.6136183793534886,Risk,0.0024057694031434096,-5.023973796205061,0.31602373887240354,0.01906158357771261,0.6779661016949152,-0.05113123521373259,0.0,0.6151826596040649,0.3848173403959351
pct60,2016-02,0.6508680444212025,Risk,0.04131663414171549,-5.023973796205061,0.30280649926144754,0.024890190336749635,0.7966101694915254,-0.03833859023393697,0.0,0.6237645810221671,0.3762354189778329
pct60,2016-03,0.8238409443549591,Risk,-0.0008517429629829598,-5.023973796205061,0.43593519882179677,0.02046783625730994,0.6949152542372882,0.009043664080544057,0.0,0.00637231142256846,0.9936276885774316
pct60,2016-04,0.9118817738756577,Risk,-0.0053907679303911715,-5.023973796205061,0.5242290748898678,0.011695906432748537,0.4406779661016949,0.011564655937463983,0.0,0.00015479320728746895,0.9998452067927126
pct60,2016-05,0.9555074693771697,Risk,-0.006579635306791065,-5.333731359629579,0.4750733137829912,0.008746355685131196,0.288135593220339,0.010346840610232071,0.0,0.0017336702426369536,0.9982663297573631
pct60,2016-06,0.972092169263564,Risk,0.023264885115996004,-5.333731359629579,0.4178885630498534,0.00727802037845706,0.2033898305084746,0.0014509334445545186,0.0,0.02264626170008304,0.9773537382999169
pct60,2016-07,0.9860433348195268,Risk,0.009155924562810336,-5.333731359629579,0.5183016105417276,0.026124818577648767,0.8305084745762712,0.021992937983596052,0.0,1.0999249021230219e-05,0.9999890007509789
pct60,2016-08,0.9930183703168977,Risk,0.004413525845230248,-5.333731359629579,0.45321637426900585,0.060781476121562955,1.0,0.03099140574137041,0.0,1.3188371463080362e-05,0.999986811628537
pct60,2016-09,0.9965028486555116,Risk,-0.017341722029861617,-5.176973873892088,0.5,0.017341040462427744,0.6101694915254238,0.03307340139235608,0.0,2.534601174865289e-05,0.9999746539882514
pct60,2016-10,0.9979885956285652,Risk,-0.012304593518776774,-2.5032266220640476,0.3425655976676385,0.1239193083573487,1.0,0.011678705601946992,0.0,0.001051314796762695,0.9989486852032373
pct60,2016-11,0.9964377303062691,Risk,0.021668976189309852,-2.5032266220640476,0.28820960698689957,0.0603448275862069,0.9661016949152542,-0.0055371160483419805,0.0,0.010226270032053852,0.9897737299679461
pct60,2016-12,0.9813067756559417,Risk,0.020286661574530296,-2.5032266220640476,0.3367198838896952,0.00860832137733142,0.23728813559322035,0.010546851729104212,0.0,0.06764835798877136,0.9323516420112287
pct60,2017-01,0.9906533878120842,Risk,0.011641600247119799,-2.5032266220640476,0.40998487140695916,0.04484304932735426,0.8813559322033898,0.02670350466294721,0.0,6.354656128073362e-11,0.9999999999364534
pct60,2017-02,0.9953266939060401,Risk,0.03279249364769088,-5.37705297443093,0.4539969834087481,0.02242152466367713,0.711864406779661,0.03408083399220426,0.0,7.846536776984585e-15,0.9999999999999921
pct60,2017-03,0.9976633469530201,Risk,0.020928309182937088,-5.37705297443093,0.5,0.008955223880597015,0.23728813559322035,0.057676754659490403,0.0,6.946110764288477e-34,1.0
pct60,2017-04,0.99883167347651,Risk,0.06435901460809901,-5.37705297443093,0.5262368815592204,0.011922503725782414,0.3898305084745763,0.06899814731019348,0.0,1.0031033066656064e-37,1.0
pct60,2017-05,0.9994158367382551,Risk,0.018919032481777176,-5.37705297443093,0.6651718983557549,0.002976190476190476,0.01694915254237288,0.11816255622471675,0.0,2.91486450511034e-91,1.0
pct60,2017-06,0.9997079183691275,Risk,0.004565585480605261,-5.37705297443093,0.6154992548435171,0.017673048600883652,0.5932203389830508,0.12056172260447018,0.0,5.68835416988081e-75,1.0
pct60,2017-07,0.9998539591845638,Risk,-0.016448102423411104,-5.106779372261084,0.5439642324888226,0.07363770250368189,0.9830508474576272,0.10701810246205311,0.0,2.320822107509571e-59,1.0
pct60,2017-08,0.9999269795922818,Risk,0.01323635851219862,-9.022432045446305,0.5022288261515602,0.021994134897360705,0.6949152542372882,0.07237232580256894,0.0,2.301051428286318e-34,1.0
pct60,2017-09,0.9999634897961409,Risk,0.05385741417322154,-9.022432045446305,0.33825701624815363,0.010263929618768328,0.3050847457627119,0.06792414288340817,0.0,1.1819935085018e-31,1.0
pct60,2017-10,0.9999817448980705,Risk,-0.01864914649028071,-9.022432045446305,0.3735294117647059,0.01466275659824047,0.5254237288135594,0.1044723427561803,0.0,2.465566616537273e-50,1.0
pct60,2017-11,0.9999908724490352,Risk,-0.003585944964967669,-9.022432045446305,0.4161764705882353,0.02046783625730994,0.6610169491525424,0.06323498219499395,0.0,6.123943523886756e-26,1.0
pct60,2017-12,0.9999954362245174,Risk,0.04010957332950493,-10.92876031296578,0.35043988269794724,0.021897810218978103,0.711864406779661,0.0449518288065326,0.0,5.287963086001111e-16,0.9999999999999994
pct60,2018-01,0.9999977181122587,Risk,-0.05419911303226155,-12.107655925343652,0.5469208211143695,0.002902757619738752,0.01694915254237288,0.06663073151421918,0.0,3.2203108930341867e-71,1.0
pct60,2018-02,0.9992235268191035,Risk,0.0076173247545101574,-10.916038402810212,0.3812316715542522,0.049204052098408106,0.8983050847457628,0.00039833410371750775,0.0,0.003101328948103096,0.9968986710518969
pct60,2018-03,0.9996117634023446,Risk,0.028427655980584055,-10.916038402810212,0.41751824817518246,0.01300578034682081,0.423728813559322,0.0014204112093784366,0.0,2.8828722944407897e-11,0.9999999999711713
pct60,2018-04,0.9998058817011723,Risk,-0.03672203696866427,-20.646179033749025,0.5276967930029155,0.017316017316017316,0.5254237288135594,0.02586194663557565,0.0,8.032509898165414e-24,1.0
pct60,2018-05,0.9999029405991464,Risk,-0.03998337875727398,-19.207231269225268,0.508695652173913,0.044733044733044736,0.864406779661017,-0.013486506385806884,0.0,1.0057592795362744e-09,0.9999999989942407
pct60,2018-06,0.9187124213366746,Risk,-0.013270915469926647,-15.257506834948876,0.35021707670043417,0.0953757225433526,0.9830508474576272,-0.055121105649671806,0.0,0.32495619585159413,0.6750438041484059
pct60,2018-07,0.9589322514368062,Risk,0.012033439753823538,-15.357280452694022,0.2402315484804631,0.01875901875901876,0.5423728813559322,-0.0646651771331531,0.0,0.0016958369261244842,0.9983041630738755
pct60,2018-08,0.9773425519927726,Risk,0.008691876707128454,-15.357280452694022,0.2976878612716763,0.017167381974248927,0.4745762711864407,-0.04319894107003041,0.0,0.008494294902521899,0.9915057050974782
pct60,2018-09,0.9886107505287134,Risk,-0.1337476549186405,-14.910784013904033,0.3309248554913295,0.015714285714285715,0.4406779661016949,-0.02676937530992641,0.0,0.00024210187069186777,0.9997578981293082
pct60,2018-10,0.9943053752643567,Risk,0.03309380642103732,-6.483795664071157,0.0838150289017341,0.07845934379457917,0.9661016949152542,-0.1564911710161133,0.0,2.8225149878110638e-49,1.0
pct60,2018-11,0.9971526876321775,Risk,-0.026620787987619576,-10.019876469916355,0.16017316017316016,0.02275960170697013,0.6949152542372882,-0.10311455950389839,0.0,3.3766117688336214e-15,0.9999999999999967
pct60,2018-12,0.9985763438160887,Risk,0.0802581308836019,-10.019876469916355,0.1630901287553648,0.019886363636363636,0.5423728813559322,-0.11585041706123472,0.0,5.239887023287636e-21,1.0
pct60,2019-01,0.9992881719080444,Risk,-0.004267934704496712,-10.019876469916355,0.30428571428571427,0.00425531914893617,0.05084745762711865,-0.021462696675266933,0.0,3.9513989812938824e-33,1.0
pct60,2019-02,0.9996440859540212,Risk,-0.02494717277311076,-15.072285771240034,0.3176638176638177,0.011347517730496455,0.288135593220339,-0.01594087542600675,0.0,4.147974653006233e-15,0.9999999999999959
pct60,2019-03,0.7787940177803111,Risk,0.02939274540771497,-15.072285771240034,0.3314366998577525,0.028328611898016998,0.7796610169491526,-0.02784397746559102,0.0,0.8841121007867977,0.1158878992132022
pct60,2019-04,0.8893970088896608,Risk,-0.07344836888932471,-13.695177451700369,0.5120567375886524,0.011283497884344146,0.2542372881355932,0.009009729462064546,0.0,1.978749876616584e-12,0.9999999999980212
pct60,2019-05,0.7973963162430433,Risk,0.04353156003126646,-10.52373122249326,0.3045325779036827,0.03526093088857546,0.8305084745762712,-0.05755215157558609,0.0,0.5892087528071484,0.41079124719285165
pct60,2019-06,0.6608388069730563,Risk,-0.049783660401832464,-10.368350250142655,0.4198581560283688,0.022598870056497175,0.6610169491525424,-0.007101519983515922,0.0,0.9514374045938615,0.048562595406138505
pct60,2019-07,0.825402894116313,Risk,-0.02803586396813429,-6.538316914075426,0.20679886685552407,0.08615819209039548,0.9661016949152542,-0.04628444306771609,0.0,0.020066037480860926,0.9799339625191391
pct60,2019-08,0.9127014470581565,Risk,0.04840964120898228,-12.36034800901422,0.1906779661016949,0.00847457627118644,0.15254237288135594,-0.0671955097361137,0.0,1.8040087863633903e-27,1.0
pct60,2019-09,0.9562290705936718,Risk,0.009902780425627533,-35.70889779916474,0.2274011299435028,0.029661016949152543,0.7796610169491526,-0.017867039511590337,0.0,0.00048661174162600466,0.999513388258374
pct60,2019-10,0.9781131456168933,Risk,0.002150239268313925,-35.70889779916474,0.21610169491525424,0.03531073446327684,0.8305084745762712,-0.008773354293174272,0.0,5.558719770378088e-06,0.9999944412802296
pct60,2019-11,0.989055127103113,Risk,0.05254409231498869,-35.70889779916474,0.22284908321579688,0.04219409282700422,0.8305084745762712,-0.0060845591303646295,0.0,5.7828213346391546e-06,0.9999942171786654
pct60,2019-12,0.9945275635515565,Risk,-0.035792414195787936,-35.70889779916474,0.29760225669957685,0.015384615384615385,0.3728813559322034,0.04753831670836856,0.0,3.829838991991469e-23,1.0
pct60,2020-01,0.9972637817756917,Risk,-0.062293240424381,-35.03091217438568,0.2002820874471086,0.25034965034965034,1.0,0.009693605282830312,0.0,3.4603085237184017e-13,0.9999999999996539
pct60,2020-02,0.998631869035982,Risk,-0.11694455185185326,-30.09792506344231,0.11706629055007052,0.4664804469273743,1.0,-0.052737451993655156,0.0,8.740745546513265e-08,0.9999999125925445
pct60,2020-03,0.999315934517991,Risk,0.10994850358748165,-7.508801311518287,0.0800561797752809,0.002793296089385475,0.0,-0.16232042770724772,0.0,1.3644011132573116e-63,1.0
pct60,2020-04,0.9996579672589955,Risk,0.04212446061941999,-7.508801311518287,0.25874125874125875,0.002793296089385475,0.0,-0.045317524689084815,0.0,2.5134846048584873e-42,1.0
pct60,2020-05,0.9998289836294978,Risk,0.038790945746012495,-7.508801311518287,0.36923076923076925,0.004189944134078212,0.06779661016949153,0.0002933678401253365,0.0,2.129260549711208e-28,1.0
pct60,2020-06,0.9999144918147489,Risk,0.06689656450185977,-7.220151177391654,0.3551532033426184,0.004172461752433936,0.06779661016949153,0.028130658314911024,0.0,8.052316416292305e-32,1.0
pct60,2020-07,0.9999572459073744,Risk,0.034142804734832444,-7.253996740571744,0.48885793871866295,0.005563282336578581,0.13559322033898305,0.08500565887107073,0.0,1.994471702260381e-22,1.0
pct60,2020-08,0.9999786229536872,Risk,0.0007394002849707704,-7.253996740571744,0.5306406685236769,0.006944444444444444,0.13559322033898305,0.10648609531186078,0.0,1.5565830229419485e-22,1.0
pct60,2020-09,0.9999893114768437,Risk,-0.02609229518459133,-7.817720647628201,0.596100278551532,0.002777777777777778,0.0,0.09428833212388435,0.0,1.457792716390758e-25,1.0
pct60,2020-10,0.9999946557383786,Risk,0.14299459652479585,-7.817720647628201,0.5771905424200278,0.008321775312066574,0.1864406779661017,0.05982764941382349,0.0,1.7280325480434705e-13,0.9999999999998272
pct60,2020-11,0.9999973278691894,Risk,0.1088741242922524,-7.817720647628201,0.8263888888888888,0.002770083102493075,0.0,0.1789921716056031,0.0,1.9079209887409542e-26,1.0
pct60,2020-12,0.9999986639345947,Risk,0.03575467684780964,-7.817720647628201,0.8571428571428571,0.0027624309392265192,0.0,0.250970199987554,0.0,1.7242656169308394e-37,1.0
pct60,2021-01,0.7499993319672973,Risk,0.012344555900485554,-6.484782512052478,0.7642163661581137,0.002758620689655172,0.0,0.22547621511658206,0.0,1.0,1.1030134244175045e-19
pct60,2021-02,0.6249996659836762,Risk,0.01608721402234803,-7.403461627668206,0.7534626038781164,0.006887052341597796,0.2033898305084746,0.19342085260031527,0.0,0.9999999999998898,1.1022789367261437e-13
pct60,2021-03,0.5624998329918389,Risk,0.0282353247031637,-7.41072259557074,0.8174273858921162,0.001375515818431912,0.0,0.16590025086033847,0.0,0.9999999999999966,3.463780471894069e-15
pct60,2021-04,0.5312499199075158,Risk,0.017808864606451147,-12.008311333757815,0.81353591160221,0.012345679012345678,0.423728813559322,0.15110312854570276,0.0,0.9999999863536146,1.3646385317153475e-08
pct60,2021-05,0.5156249605634513,Risk,0.02895203751264175,-14.105002607448291,0.8234482758620689,0.00823045267489712,0.2711864406779661,0.13618449709010436,0.0,0.9999999975612264,2.438773608008227e-09
pct60,2021-06,0.5078124809057095,Risk,-0.02862269472253287,-14.105002607448291,0.8471074380165289,0.008207934336525308,0.2542372881355932,0.13013010064537364,0.0,0.9999999975040645,2.495935413530896e-09
pct60,2021-07,0.5039749027625277,Risk,-0.0009524497124010489,-20.29917010731119,0.7658402203856749,0.015047879616963064,0.4745762711864407,0.06820764477687961,0.0,0.9997253507613083,0.00027464923869161787
pct60,2021-08,0.5020411022975133,Risk,-0.04077491126897381,-18.476031508636524,0.6145404663923183,0.009549795361527967,0.3559322033898305,0.03902834569868092,0.0,0.9997853963350019,0.0002146036649981327
pct60,2021-09,0.624388164744498,Risk,-0.03197976242745859,-14.804715428229386,0.4917808219178082,0.024324324324324326,0.7288135593220338,-0.01894062537778562,0.0,0.5065295456170346,0.4934704543829654
pct60,2021-10,0.6246357863013828,Risk,-0.044323159985223404,-13.700956530435404,0.417462482946794,0.021592442645074223,0.6440677966101694,-0.05652299926207223,0.0,0.7502331842834644,0.24976681571653553
pct60,2021-11,0.6518526668915869,Risk,0.04883388649607845,-15.826997871484672,0.15279672578444747,0.28706199460916443,0.9830508474576272,-0.09672632705117,0.0,0.641860905036418,0.358139094963582
pct60,2021-12,0.5759264286591773,Risk,-0.1055563362924995,-22.578311680558038,0.23433242506811988,0.006720430107526882,0.22033898305084745,-0.04652629484340204,0.0,0.9999996191464645,3.8085353548596396e-07
pct60,2022-01,0.5379692672135314,Risk,0.013456728231198367,-17.313566132999235,0.13378378378378378,0.01478494623655914,0.4915254237288136,-0.15162837328133236,0.0,0.9999757884642287,2.4211535771258484e-05
pct60,2022-02,0.5189997272634308,Risk,0.021662124120634507,-16.93207993889052,0.17813765182186234,0.012080536912751677,0.4406779661016949,-0.12499562763251286,0.0,0.9999396253733396,6.037462666044601e-05
pct60,2022-03,0.5095375998707179,Risk,-0.022700435418731346,-21.879891694006993,0.30551816958277256,0.009395973154362415,0.3389830508474576,-0.08662633775378654,0.0,0.9998490550439902,0.00015094495600975055
pct60,2022-04,0.5120059322362047,Risk,-0.003395167554811729,-20.0204095960431,0.40860215053763443,0.013422818791946308,0.4745762711864407,-0.08958797063819257,0.0,0.9710514707966174,0.02894852920338273
pct60,2022-05,0.5060117026125392,Risk,-0.1315238924046893,-19.74794040710648,0.35618279569892475,0.008053691275167786,0.2542372881355932,-0.07187937994158612,0.0,0.9999650540222522,3.494597774775418e-05
pct60,2022-06,0.5053454103686337,Risk,0.05095518935436982,-14.92113843121784,0.1342281879194631,0.05906040268456376,0.8813559322033898,-0.188198407031154,0.0,0.9906417637505436,0.009358236249456392
pct60,2022-07,0.5026727081396944,Risk,0.00838264280160117,-14.92113843121784,0.17986577181208055,0.006711409395973154,0.2033898305084746,-0.11012047432411311,0.0,0.9999999881784898,1.18215102263297e-08
pct60,2022-08,0.5056383357177963,Risk,-0.12805568347769303,-12.805568347769302,0.2442953020134228,0.014745308310991957,0.5254237288135594,-0.0810094452419559,0.0,0.9827920734082037,0.017207926591796253
pct60,2022-09,0.5054474217247259,Risk,0.06407829208823257,-10.650944354368285,0.09664429530201342,0.30120481927710846,0.9830508474576272,-0.1945588916680447,0.0,0.9894869845366889,0.010513015463311105
pct60,2022-10,0.6045203097891867,Risk,0.0780079932923361,-10.650944354368285,0.12080536912751678,0.038821954484605084,0.8135593220338984,-0.10422497886324614,0.0,0.5928136042927049,0.4071863957072951
pct60,2022-11,0.5522605840126074,Risk,-0.09550141925688738,-10.531330529144933,0.2657718120805369,0.00535475234270415,0.1864406779661017,-0.01108148224600031,0.0,0.9999982835279441,1.7164720559544007e-06
pct60,2022-12,0.7373134829534161,Risk,0.08436781614214572,-5.436753639916714,0.1686746987951807,0.12416555407209613,0.9322033898305084,-0.09679931345329791,0.0,0.15526723621155,0.84473276378845
pct60,2023-01,0.6186567476813987,Risk,-0.005043124381363007,-5.422280511656896,0.30614973262032086,0.008,0.2711864406779661,-0.0014223935164539398,0.0,0.9999999751812378,2.481876218425464e-08
pct60,2023-02,0.5720821504925802,Risk,0.026528796723759074,-6.095455469581212,0.35561497326203206,0.017333333333333333,0.6271186440677966,0.0031616326523328203,0.0,0.9489848933924767,0.05101510660752323
pct60,2023-03,0.5360456171632375,Risk,0.009960159558901616,-7.652596010790235,0.3890374331550802,0.012,0.4406779661016949,0.038573901473973965,0.0,0.9999818323322103,1.8167667789643675e-05
pct60,2023-04,0.5565792499805695,Risk,0.030217541666638148,-14.588296075938468,0.41255006675567424,0.03195739014647137,0.7627118644067796,0.04218945826008652,0.0,0.8457742344041966,0.1542257655958033
pct60,2023-05,0.5322437234803257,Risk,-0.0049823397074086895,-14.588296075938468,0.4833555259653795,0.03851261620185923,0.8135593220338984,0.06712525867587818,0.0,0.9841836060398363,0.01581639396016363
pct60,2023-06,0.5163615998159133,Risk,0.02663517558449069,-14.588296075938468,0.5172872340425532,0.03306878306878307,0.7796610169491526,0.05629279850645504,0.0,0.9990410476969981,0.0009589523030019641
pct60,2023-07,0.5082890189807147,Risk,-0.02898679482832678,-14.588296075938468,0.3598937583001328,0.013175230566534914,0.4915254237288136,0.06920165333066294,0.0,0.999567123708968,0.0004328762910319083
pct60,2023-08,0.5041484476646971,Risk,-0.03567696310446833,-12.42811367563088,0.3740053050397878,0.011842105263157895,0.4406779661016949,0.027950871948379755,0.0,0.9999842473026406,1.5752697359449023e-05
pct60,2023-09,0.73746736070286,Risk,-0.07589239775626777,-8.761303280623856,0.28835978835978837,0.04199475065616798,0.847457627118644,-0.012585355701384738,0.0,0.058427452517954115,0.9415725474820459
pct60,2023-10,0.8639804700927436,Risk,0.11295047385245627,-8.761303280623856,0.19129287598944592,0.13368283093053734,0.9322033898305084,-0.09427100994547444,0.0,0.019012841034745657,0.9809871589652543
pct60,2023-11,0.6973146046456844,Risk,0.047327914512986125,-8.761303280623856,0.34342105263157896,0.01832460732984293,0.6271186440677966,0.010664219656660182,0.0,0.9387025216027497,0.06129747839725031
pct60,2023-12,0.5986573023580446,Risk,-0.0595756152499437,-8.761303280623856,0.36662286465177396,0.006535947712418301,0.2033898305084746,0.052794103216056154,0.0,0.9999999998591904,1.4080960363117204e-10
pct60,2024-01,0.7972768356498197,Risk,0.05817572230802637,-6.271472847747561,0.3136482939632546,0.04177545691906005,0.8305084745762712,-0.01267658822026686,0.0,0.008207262116810464,0.9917927378831896
pct60,2024-02,0.8959577151768767,Risk,0.039460849828057754,-15.556748011689637,0.40339425587467365,0.0390625,0.8135593220338984,0.04017952408909992,0.0,0.01072281059213252,0.9892771894078675
pct60,2024-03,0.9390098020292577,Risk,-0.019867920523340188,-15.556748011689637,0.3981723237597911,0.031209362808842653,0.6949152542372882,0.07271245190602368,0.0,0.03587622223672293,0.9641237777632771
pct60,2024-04,0.9127153902600126,Risk,-0.020631054974127316,-15.556748011689637,0.4276401564537158,0.01818181818181818,0.5932203389830508,0.0494145378826015,0.0,0.22715804301846498,0.772841956981535
pct60,2024-05,0.9536027449415773,Risk,0.06117914813209069,-16.410672322905484,0.4348958333333333,0.05194805194805195,0.864406779661017,0.024344177358783737,0.0,0.011019800753715996,0.988980199246284
pct60,2024-06,0.9750237835300026,Risk,-0.009696880532075847,-18.35716885207005,0.44545454545454544,0.042690815006468305,0.847457627118644,0.0764859229140458,0.0,0.007110355763144068,0.992889644236856
pct60,2024-07,0.986276825474051,Risk,-0.03478551727212853,-15.01612366365288,0.40414507772020725,0.05426356589147287,0.8813559322033898,0.05397881881220789,0.0,0.004940265163801433,0.9950597348361986
pct60,2024-08,0.8665364729842842,Risk,-0.030303157557248217,-11.951507716337185,0.33635187580853815,0.015444015444015444,0.559322033898305,0.008346978310445192,0.0,0.5064077590109654,0.49359224098903465
pct60,2024-09,0.8393925187138603,Risk,-0.014314019330007755,-10.361688207723441,0.32470892626131953,0.017994858611825194,0.5932203389830508,-0.026093303364016773,0.0,0.37550287111312697,0.624497128886873
pct60,2024-10,0.9107305027025683,Risk,-0.03921522370126429,-14.142513086077047,0.2971576227390181,0.03465982028241335,0.7288135593220338,-0.04155982191301317,0.0,0.03586302661744757,0.9641369733825524
pct60,2024-11,0.9545910253694829,Risk,-0.022973123564838382,-14.142513086077047,0.23901808785529716,0.09242618741976893,0.8983050847457628,-0.08134976121706189,0.0,0.0030969039272048006,0.9969030960727953
pct60,2024-12,0.966691491274048,Risk,0.04912715928504907,-14.142513086077047,0.22136422136422138,0.03713188220230474,0.7288135593220338,-0.09722073381716936,0.0,0.04241608564277413,0.9575839143572259
pct60,2025-01,0.7353001917995748,Risk,0.006121432841425634,-14.142513086077047,0.27742749054224464,0.047619047619047616,0.847457627118644,-0.04223335124172008,0.0,0.9921822153497964,0.007817784650203548
pct60,2025-02,0.6186073667438955,Risk,-0.020396525364153484,-13.246896601141799,0.3161209068010076,0.05137844611528822,0.864406779661017,-0.03262800304068284,0.0,0.9961709166235678,0.0038290833764322804
pct60,2025-03,0.5606225989131135,Risk,0.030425770083210457,-9.030334502270755,0.23173803526448364,0.1677096370463079,0.9661016949152542,-0.048467322341249376,0.0,0.9947243378353371,0.005275662164662908
pct60,2025-04,0.5511270842938694,Risk,0.055174550880334294,-4.149986320647181,0.44221105527638194,0.01373283395755306,0.4576271186440678,-0.0065084513560545836,0.0,0.9167368606507498,0.08326313934925018
pct60,2025-05,0.7062726395130671,Risk,0.13864929369746903,-8.901506871653952,0.6077694235588973,0.0149812734082397,0.4915254237288136,0.054373798994654,0.0,0.27716361053547056,0.7228363894645294
pct60,2025-06,0.8517929518349998,Risk,0.0565615108884876,-8.901506871653952,0.6946182728410513,0.014943960149439602,0.4745762711864407,0.1731593442650227,0.0,0.005373471686134761,0.9946265283138652
pct60,2025-07,0.9257692890640148,Risk,-0.01831182604318171,-8.901506871653952,0.7025,0.0161892901618929,0.5254237288135594,0.20326394938316508,0.0,0.0005087474139403071,0.9994912525860596
pct60,2025-08,0.9583728707438497,Risk,0.07488679795710262,-8.901506871653952,0.6221945137157108,0.029850746268656716,0.6271186440677966,0.16283542110893048,0.0,0.018047095152630734,0.9819529048473693
pct60,2025-09,0.9545231183601891,Risk,0.19941011588801794,-19.894662107505688,0.5810473815461347,0.036069651741293535,0.6949152542372882,0.20077369439638454,0.0,0.09865326804694294,0.901346731953057
pct60,2025-10,0.9747407717329437,Risk,-0.044043800878727946,-19.894662107505688,0.5616438356164384,0.055900621118012424,0.8813559322033898,0.3394639198645848,0.0,0.010083149788603717,0.9899168502113963
pct60,2025-11,0.9801138068606456,Risk,0.07323907704836685,-19.894662107505688,0.5591531755915318,0.02608695652173913,0.576271186440678,0.24419642262152758,0.0,0.02902631602330474,0.9709736839766953
pct60,2025-12,0.9577705558773053,Risk,0.23971267417636266,-19.894662107505688,0.5261194029850746,0.05217391304347826,0.847457627118644,0.2649523475400175,0.0,0.12914539021207025,0.8708546097879298
pct60,2026-01,0.7288852781642241,Risk,0.19519520978992544,-38.630429604794614,0.568407960199005,0.02977667493796526,0.559322033898305,0.40944755765938273,0.0,0.9999999990977142,9.022858083623441e-10
pct60,2026-02,0.6144426390824795,Risk,-0.19084643404922963,,0.6878109452736318,0.034739454094292806,0.6440677966101694,0.5145445961220702,0.0,0.9999999999985302,1.4698370574509936e-12
pct60,2026-03,0.5573439494427247,Risk,0.3060707394429423,,0.47139303482587064,0.05093167701863354,0.7966101694915254,0.22453110494167575,0.0,0.9995094803940601,0.0004905196059398633
pct60,2026-04,0.5286719774569119,Risk,0.28448510731373733,,0.6687422166874222,0.01987577639751553,0.4576271186440678,0.41137237956509753,0.0,0.999999989057802,1.0942198042604736e-08
pct60,2026-05,0.514335988728456,Risk,3.894198542830907e-05,,0.4166666666666667,0.16770186335403728,0.9491525423728814,0.5729459789192315,0.0,1.0,1.0931743933149452e-22
pct60,2026-06,0.507167994364228,Risk,-0.22191170974465646,,0.24906600249066002,0.03482587064676617,0.6101694915254238,0.4630986814240598,0.0,1.0,1.6681593267302573e-17
pct60,2026-07,0.746808836234152,Risk,,,0.2082294264339152,0.018703241895261846,0.4067796610169492,0.13992806481532993,0.0,0.027100643791848317,0.9728993562081517
log1p,2004-01,,Benign,0.04115495923412649,-22.1225153975113,0.42348008385744235,0.029227557411273485,1.36679440200255,0.15824128686832947,,,
log1p,2004-02,,Benign,-0.0033053167990804155,-23.125651268905422,0.4716981132075472,0.03333333333333333,1.4663370687934272,0.1613811332129025,,,
log1p,2004-03,,Benign,-0.020056755416844152,-23.125651268905422,0.4225941422594142,0.041666666666666664,1.642227735257091,0.12127312523347315,,,
log1p,2004-04,,Benign,-0.06837883983548998,-17.04822669606366,0.4435146443514644,0.079002079002079,2.186074636039185,0.07128273535108715,,,
log1p,2004-05,,Benign,-0.022454777350083832,-11.790086712312286,0.27348643006263046,0.043568464730290454,1.6783754573559875,-0.010148399600305103,,,
log1p,2004-06,,Benign,-0.06420284374016216,-8.936841114166516,0.28958333333333336,0.022821576763485476,1.1885010342769988,-0.03760665885061895,,,
log1p,2004-07,,Benign,0.0927869801410397,-8.936841114166516,0.225,0.05578512396694215,1.883808640247642,-0.1056667270607355,,,
log1p,2004-08,,Benign,0.03922498257022733,-8.936841114166516,0.38958333333333334,0.02053388090349076,1.1162518233775651,-0.01601324675233033,,,
log1p,2004-09,,Benign,-0.0002993689206676198,-8.936841114166516,0.5435684647302904,0.026694045174537988,1.3000293920768382,0.017163207917091326,,,
log1p,2004-10,,Benign,0.05177036236022192,-10.900575155165859,0.5663900414937759,0.03696098562628337,1.5467320709401913,0.011368610080991055,,,
log1p,2004-11,,Benign,0.020340279025603536,-10.900575155165859,0.6970954356846473,0.02459016393442623,1.2409842693027553,0.060744857088629985,,,
log1p,2004-12,,Benign,0.04105280605239425,-10.900575155165859,0.7125256673511293,0.016293279022403257,0.9667282630521219,0.08167439434173603,,,
log1p,2005-01,,Benign,0.08433576939534881,-10.900575155165859,0.8459958932238193,0.014256619144602852,0.8861044415607795,0.11980339957208566,,,
log1p,2005-02,,Benign,-0.045166897383133287,-10.900575155165859,0.9301848049281314,0.012195121951219513,0.7972874398125422,0.1917411217093751,,,
log1p,2005-03,,Benign,-0.05631265563671062,-8.150820576126073,0.889344262295082,0.014227642276422764,0.8849091311329869,0.11883663529980971,,,
log1p,2005-04,,Benign,0.06464395365828834,-8.322152523383552,0.7402862985685071,0.028455284552845527,1.3469110331195153,0.0381519981234112,,,
log1p,2005-05,,Benign,0.03911519187847001,-8.322152523383552,0.7576374745417516,0.016260162601626018,0.9654679678502391,0.07708156318980375,,,
log1p,2005-06,,Benign,0.10229533870135499,-8.322152523383552,0.8065173116089613,0.014198782961460446,0.883717248055226,0.09291739768206721,,,
log1p,2005-07,,Benign,-0.02516002305878673,-8.746719412492364,0.8780487804878049,0.012072434607645875,0.7917444341786015,0.16735933682648987,,,
log1p,2005-08,,Benign,0.12708967654909675,-8.746719412492364,0.7439024390243902,0.01603206412825651,0.9567439209190808,0.11176872813970651,,,
log1p,2005-09,,Benign,-0.05151474919205312,-8.746719412492364,0.9004065040650406,0.005671077504725898,0.4492317232769956,0.19932315682764482,,,
log1p,2005-10,,Benign,0.12030805175416193,-8.746719412492364,0.8536585365853658,0.007518796992481203,0.5606893253439468,0.11552293340277414,,,
log1p,2005-11,,Benign,0.0631474730322672,-11.5340989307117,0.8985801217038539,0.00375234521575985,0.3186242777208069,0.19429252939974578,,,
log1p,2005-12,,Benign,0.014832830212289538,-17.808423193543497,0.8373493975903614,0.009328358208955223,0.6589882617486263,0.22232906025660304,,,
log1p,2006-01,,Benign,-0.0201738719136767,-17.808423193543497,0.7454909819639278,0.005597014925373134,0.4444944520138996,0.199220547453102,,,
log1p,2006-02,,Benign,-0.00874167246273494,-17.808423193543497,0.6616257088846881,0.00558659217877095,0.44382597598061063,0.1435452088081431,,,
log1p,2006-03,,Benign,0.04422624739817227,-17.808423193543497,0.5902255639097744,0.0074211502782931356,0.5550999082992658,0.10154566353499148,,,
log1p,2006-04,,Benign,-0.07186579891986777,-17.808423193543497,0.6303939962476548,0.011131725417439703,0.7481903925381849,0.11278025181992381,,,
log1p,2006-05,,Benign,-0.01711309675450623,-8.639293468825793,0.416044776119403,0.05730129390018484,1.906594369328952,0.015212804000979619,,,
log1p,2006-06,,Benign,0.002061476913616911,-5.153632653612938,0.2947761194029851,0.011029411764705883,0.7433369250838007,-0.013166327380923458,,,
log1p,2006-07,,Benign,0.04231715200737107,-5.9967543387908995,0.24394785847299813,0.014678899082568808,0.9033634973726954,-0.016672469677263595,,,
log1p,2006-08,,Benign,0.013801650043684832,-5.9967543387908995,0.33766233766233766,0.012844036697247707,0.8261050142355639,0.014602599869848435,,,
log1p,2006-09,,Benign,-0.005002140264830257,-6.386264430782818,0.49907578558225507,0.01282051282051282,0.8250747236024933,0.02320683621676341,,,
log1p,2006-10,,Benign,0.04958404579405595,-6.386264430782818,0.522140221402214,0.012750455373406194,0.822000068616047,0.01908522473013526,,,
log1p,2006-11,,Benign,0.0015709987092444866,-6.386264430782818,0.7522935779816514,0.014519056261343012,0.8968655288072844,0.06400078824017569,,,
log1p,2006-12,,Benign,-0.0517476837905162,-6.386264430782818,0.7119266055045872,0.019855595667870037,1.0937871888363528,0.059890355051110525,,,
log1p,2007-01,,Benign,0.04198553639575109,-6.386264430782818,0.5394495412844037,0.032432432432432434,1.4453278927040836,0.004252712379903002,,,
log1p,2007-02,,Benign,0.024842369408128562,-18.268953995384496,0.6190476190476191,0.03423423423423423,1.4869139264821865,0.0450758281281636,,,
log1p,2007-03,,Benign,0.061746541180188075,-18.268953995384496,0.7231329690346083,0.012612612612612612,0.8159227378194498,0.06339369480008655,,,
log1p,2007-04,,Benign,0.10288284894052024,-18.268953995384496,0.8061594202898551,0.01981981981981982,1.0925881740647287,0.10289315874078206,,,
log1p,2007-05,,Benign,0.0250982947648013,-18.268953995384496,0.8826714801444043,0.012589928057553957,0.8149190527775616,0.1760744838779892,,,
log1p,2007-06,,Benign,0.10878071036997672,-18.268953995384496,0.8954954954954955,0.012544802867383513,0.8129194748790749,0.17157764065553208,,,
log1p,2007-07,,Benign,-0.031051032028847292,-23.042352546683908,0.9117117117117117,0.012522361359570662,0.811923560889248,0.2357287915979698,,,
log1p,2007-08,,Benign,0.03909802834457499,-23.042352546683908,0.8432432432432433,0.008928571428571428,0.6380874033769178,0.17232185377212264,,,
log1p,2007-09,,Benign,0.060812398984444904,-23.75039993492264,0.8216216216216217,0.010676156583629894,0.7263960875181655,0.18597959723074153,,,
log1p,2007-10,,Benign,-0.0769305712974303,-23.75039993492264,0.6834532374100719,0.01060070671378092,0.7227402887072547,0.20556931502929685,,,
log1p,2007-11,,Benign,-0.0046537225168874485,-19.390534055808338,0.4946236559139785,0.012345679012345678,0.804047876593387,0.09064464839158813,,,
log1p,2007-12,,Benign,-0.1436116399354005,-17.00938062473454,0.4400715563506261,0.012280701754385965,0.8011358186240412,0.061961428788612466,,,
log1p,2008-01,,Benign,0.05351203839037111,-20.19609395422751,0.16607142857142856,0.03152364273204904,1.4236778764093951,-0.11030726319812328,,,
log1p,2008-02,,Benign,-0.004457768023614417,-21.95639635110014,0.23309608540925267,0.017452006980802792,1.0098541863435382,-0.06571552666346805,,,
log1p,2008-03,,Benign,0.07129148713604883,-26.530536804210758,0.19081272084805653,0.015706806282722512,0.9441706997478907,-0.07085405855911349,,,
log1p,2008-04,,Benign,0.014544226557667628,-50.301236840175,0.26455026455026454,0.017421602787456445,1.0087460326577822,-0.002413875470199361,,,
log1p,2008-05,,Benign,-0.095625303030343,-49.31210299564691,0.356140350877193,0.017421602787456445,1.0087460326577822,0.01613525253455018,,,
log1p,2008-06,,Benign,-0.04791273487358194,-43.95254845785039,0.29597197898423816,0.10416666666666667,2.4350742760401247,-0.08147053381121248,,,
log1p,2008-07,,Benign,-0.0755203586899934,-41.13202266736796,0.24781849912739964,0.031088082901554404,1.4131330327299625,-0.10874284490467363,,,
log1p,2008-08,,Benign,-0.01775825633142869,-37.484600271205935,0.17770034843205576,0.14457831325301204,2.7381157568190386,-0.16019089939252723,,,
log1p,2008-09,,Benign,-0.23134399572164677,-35.17188776606094,0.14285714285714285,0.10652920962199312,2.455556874954146,-0.15005229851235985,,,
log1p,2008-10,,Benign,-0.03323280897476555,-19.704612573727786,0.01916376306620209,0.024054982817869417,1.2253912671584957,-0.3676482008703952,,,
log1p,2008-11,,Benign,0.044978511462916426,-17.046503244304912,0.05025996533795494,0.010309278350515464,0.7084927502346057,-0.36328060602431195,,,
log1p,2008-12,,Benign,0.033473561437039834,-17.046503244304912,0.06368330464716007,0.010309278350515464,0.7084927502346057,-0.2797203962162543,,,
log1p,2009-01,0.9999999999535767,Risk,-0.08525867370867979,-15.818915824881863,0.0963855421686747,0.00859106529209622,0.6200960116749891,-0.21296970755925537,4.642332796140673e-11,4.4564026981174745e-25,0.9999999999535767
log1p,2009-02,0.9999999950521357,Risk,0.13473747356270582,-5.23507102218862,0.11855670103092783,0.02577319587628866,1.2746138014434762,-0.2549394517452872,9.849305284511421e-09,3.5446474464658357e-26,0.9999999901506947
log1p,2009-03,0.999995497124185,Risk,0.13521129297623613,-5.23507102218862,0.3556701030927835,0.005128205128205128,0.413975797776073,-0.07152892309056592,9.000803507361634e-06,5.166624243904672e-13,0.999990999195976
log1p,2009-04,0.5276106874518014,Risk,0.019374035739815998,-8.039541043237852,0.7920962199312714,0.005119453924914676,0.4133971610280683,0.08430311563580845,0.9447565180607131,3.5208319738456956e-05,0.05520827361954848
log1p,2009-05,0.3104006276082043,Benign,-0.004169431902441678,-11.308526734305968,0.8333333333333334,0.005110732538330494,0.412820162481483,0.11582055272844527,0.8136687087607729,0.1862814469492397,4.9844289987408685e-05
log1p,2009-06,0.3580499405561935,Benign,0.12029617158463801,-11.308526734305968,0.8092783505154639,0.003395585738539898,0.29234013719428753,0.12039650568715698,0.1886087915231387,0.8113839099453574,7.2985315040027186e-06
log1p,2009-07,0.42840521240356244,Benign,0.022192357015423214,-11.308526734305968,0.8970840480274442,0.003389830508474576,0.291910408561302,0.2288316787069986,0.002479809987892159,0.9975194115223528,7.784897550363378e-07
log1p,2009-08,0.46419111074147223,Benign,0.0510663946409764,-11.308526734305968,0.8683760683760684,0.005084745762711864,0.4110989258264204,0.21152881440654714,5.304896140348941e-05,0.9999398839184291,7.067120167443622e-06
log1p,2009-09,0.48210753965732367,Benign,-0.05525543136425026,-9.826886588548733,0.7662116040955631,0.005067567567567568,0.4099594976960037,0.21100335580063334,1.5048204280358606e-07,0.9999517618895643,4.808762839299405e-05
log1p,2009-10,0.49116742422325155,Benign,-0.015872794001580925,-9.826886588548733,0.6207482993197279,0.008431703204047217,0.6114870891788131,0.11846226221756012,2.420483056639547e-07,0.9995448983250297,0.00045485962666461777
log1p,2009-11,0.49996706570148414,Benign,0.08174983668112512,-10.921698461936312,0.47368421052631576,0.0067226890756302525,0.5141813316129631,0.0712545545250961,9.220376734012991e-07,0.9824647415652198,0.017534336397106783
log1p,2009-12,0.5003363289232329,Benign,-0.047742689070899846,-10.921698461936312,0.5610169491525424,0.008389261744966443,0.609181800442611,0.11033078928034609,4.654155011068308e-05,0.9984957326098155,0.0014577258400738395
log1p,2010-01,0.5121974445928303,Benign,-0.0048988707108124085,-10.921698461936312,0.3559322033898305,0.01669449081803005,0.9818721147185049,0.034310035476126294,3.2584138942190946e-07,0.9518822277923655,0.048117446366245084
log1p,2010-02,0.5542620263945686,Benign,0.06162752714789543,-10.921698461936312,0.40878378378378377,0.0066555740432612314,0.510159844780013,0.015479414443327906,1.9865642148071527e-05,0.8073070523230903,0.19267308203476177
log1p,2010-03,0.5307353694940091,Benign,0.028774010520898452,-10.921698461936312,0.5430016863406408,0.008305647840531562,0.6046245444040388,0.05702194992769746,0.0009369709115295056,0.9837086329900417,0.015354396098428745
log1p,2010-04,0.7445838117869665,Risk,-0.05759781759966809,-10.37748320233044,0.5932773109243697,0.03820598006644518,1.572897988135312,0.06308711798021331,0.04156762761592531,2.3660830145643424e-07,0.9584321357757732
log1p,2010-05,0.8474147486563945,Risk,0.03475402227722779,-3.91121457460053,0.4429530201342282,0.01652892561983471,0.9756505775332748,-0.0029349726695730993,0.048908756710592666,0.0016911155271696488,0.9494001277622376
log1p,2010-06,0.7789997322015356,Risk,0.035941986108499524,-3.845078550467851,0.52,0.014802631578947368,0.9083646666017343,0.02514853549060055,0.28364575800865605,0.011539052489334253,0.7048151895020097
log1p,2010-07,0.4864810097540992,Risk,-0.009424017363899306,-3.845078550467851,0.5640599001663894,0.016339869281045753,0.9684986405542476,0.055829218533211336,0.7758026658544787,0.06047009367771717,0.1637272404678042
log1p,2010-08,0.3628021469432011,Benign,0.07462921164467073,-8.337227923902812,0.5149501661129569,0.037520391517128875,1.5585738210232232,0.0363023259848881,0.7608765861938346,2.5934772477165713e-07,0.23912315445844062
log1p,2010-09,0.3701071858928533,Benign,0.005414266402295365,-9.064177775192928,0.6461794019933554,0.00487012987012987,0.3967694011406105,0.09618033981896787,0.2508662258983509,0.743443098518287,0.005690675583361988
log1p,2010-10,0.38171659450729734,Benign,0.011513876774815301,-9.064177775192928,0.7166392092257001,0.003246753246753247,0.2811673914305872,0.08833412707003842,0.21531816052132902,0.7827116727138593,0.001970166764811664
log1p,2010-11,0.23786313942616058,Benign,0.07684956907217955,-9.064177775192928,0.5773026315789473,0.021103896103896104,1.134747994997286,0.08175307313050299,0.8471520707933496,0.1176764897232531,0.03517143948339728
log1p,2010-12,0.35281628957812167,Benign,0.009132121145173144,-9.390475387247498,0.6356209150326797,0.004838709677419355,0.39465419200394874,0.13271851868142573,0.06534654327741,0.9337680339850145,0.0008854227375754826
log1p,2011-01,0.17694475111639862,Benign,-0.0630178491259451,-9.390475387247498,0.5481239804241436,0.04019292604501608,1.613289008336198,0.11957276955761448,0.9988447985694,0.00016397755184871578,0.0009912238787512014
log1p,2011-02,0.0887103770381987,Benign,0.0863197535857878,-23.251203200063088,0.4042207792207792,0.0688,2.064327903869788,0.04138724794095733,0.9995239942645927,5.5508171706804285e-09,0.00047600018459018523
log1p,2011-03,0.18185009699581023,Benign,0.040660824149329144,-25.852864569071464,0.5097402597402597,0.011164274322169059,0.7497294936992868,0.10304364967273119,0.4500373430719452,0.5499456799492661,1.697697878870162e-05
log1p,2011-04,0.10156464120805146,Benign,-0.022756360394378228,-25.852864569071464,0.512987012987013,0.030254777070063694,1.3926435887985493,0.11869774828595674,0.9738290287399852,0.009783571679444103,0.016387399580570654
log1p,2011-05,0.05328245285117866,Benign,-0.01950087042907933,-24.20813200447799,0.4251207729468599,0.042993630573248405,1.6675866354729005,0.07751751056133888,0.9949843757753626,3.071946066324577e-05,0.004984904763974245
log1p,2011-06,0.1992009685118855,Benign,0.015480637523060725,-24.20813200447799,0.432475884244373,0.006309148264984227,0.4891411006311485,0.04126517741947798,0.31050176208258534,0.6887575074896446,0.0007407304277700672
log1p,2011-07,0.2585916804944506,Benign,-0.11864747503555884,-23.91924189646364,0.5846645367412141,0.0047169811320754715,0.3864169131374699,0.04127518485936128,0.37205673083401725,0.6199217533779343,0.008021515788048467
log1p,2011-08,0.6110938750896,Risk,-0.058751861219887624,-12.122613715830276,0.36363636363636365,0.0015723270440251573,0.14603155538875412,-0.08285941892949396,0.023390167831962315,0.026027524966576805,0.9505823072014609
log1p,2011-09,0.8028927849185467,Risk,0.07876133866014645,-7.933741609358291,0.2054140127388535,0.031446540880503145,1.4218193322822756,-0.1365310667223814,0.0026567106948720315,0.005303189115269436,0.9920401001898586
log1p,2011-10,0.8991498322830748,Risk,-0.03222579979734985,-7.882660174514566,0.2761904761904762,0.006289308176100629,0.4879238594793063,-0.05115424439360188,0.0029071175277653495,0.0033720056492634654,0.9937208768229712
log1p,2011-11,0.9347251576211433,Risk,-0.011783437933314267,-13.020185847949882,0.2854889589905363,0.018867924528301886,1.0601460078403135,-0.07140901812878174,0.02424642014034548,0.01090619380088532,0.9648473860587692
log1p,2011-12,0.9604402047583379,Risk,0.07123141823246693,-13.020185847949882,0.33490566037735847,0.009404388714733543,0.6629141698997515,-0.07711183414770117,0.008899403162916503,0.009890689883102126,0.9812099069539815
log1p,2012-01,0.9797568245288364,Risk,0.03807155136815821,-13.661869861640385,0.44654088050314467,0.004702194357366771,0.3854116656614348,0.00013734079217226375,0.00020090913291694152,0.0014512931354960371,0.998347797731587
log1p,2012-02,0.982352139302334,Risk,-0.007984219154045014,-13.661869861640385,0.6572327044025157,0.006259780907668232,0.4861095367216926,0.046407847367799133,0.010310152736918559,0.009484786374499456,0.980205060888582
log1p,2012-03,0.9677309064097359,Risk,-0.015913312648463407,-13.661869861640385,0.5220125786163522,0.010954616588419406,0.7397738913136377,0.04221316966275463,0.04295443692353454,0.007871779118655303,0.9491737839578102
log1p,2012-04,0.669881139662983,Risk,-0.06988936382815414,-11.493339096104327,0.38836477987421386,0.051643192488262914,1.818777708593371,0.031500741932268234,0.26970760454245285,0.7165220450826338,0.013770350374913256
log1p,2012-05,0.5354720906156961,Risk,0.005717499731487274,-7.3236472533480645,0.3213166144200627,0.050078247261345854,1.7930627406232629,-0.029407077981188294,0.19932697210091144,0.7992199726613587,0.001453055237729821
log1p,2012-06,0.46901530602930713,Risk,0.015091601621011197,-7.3236472533480645,0.39184952978056425,0.0140625,0.8780695190539572,-0.025556756071804798,0.4715684867811669,0.25174598355182987,0.2766855296670032
log1p,2012-07,0.6229441152173615,Risk,0.012290184859023556,-7.3236472533480645,0.3395931142410016,0.0171606864274571,0.9991854828475191,-0.013657506765791227,0.20149750805289385,0.04325913508338069,0.7552433568637255
log1p,2012-08,0.758603703752039,Risk,0.0478132432884939,-7.3236472533480645,0.4507042253521127,0.014040561622464899,0.8771573783994457,-0.003589130206397849,0.10386917477623304,0.0037350658741007194,0.8923957593496662
log1p,2012-09,0.4657022383747399,Risk,-0.04215483540831033,-6.781851986112352,0.5774647887323944,0.014040561622464899,0.8771573783994457,0.03794308130433076,0.8231306273581667,0.008137199288785374,0.16873217335304805
log1p,2012-10,0.24298779727381312,Benign,0.010899221353768418,-6.451672422199928,0.5007824726134585,0.029503105590062112,1.3737941983556592,-0.010632422558024934,0.9721860773999086,0.01508113285441024,0.012732789745681209
log1p,2012-11,0.12364483038577842,Benign,0.03318848549009101,-6.451672422199928,0.4546875,0.030959752321981424,1.4100048408922992,0.0028183782082578926,0.994558181057475,0.00227991088956264,0.0031619080529624107
log1p,2012-12,0.16564075653683477,Benign,-0.017580985234935786,-12.331740126719692,0.48829953198127923,0.0046439628482972135,0.3814430652692764,0.03729184304887848,0.7923397487054317,4.713721335422574e-05,0.20761311408121402
log1p,2013-01,0.3328210831412854,Benign,0.03290113395716787,-12.132306921640767,0.5351014040561622,0.018575851393188854,1.0499769112801955,0.021832651438406066,9.749589513016217e-07,0.9999952305906256,3.794450423242664e-06
log1p,2013-02,0.4164105406300826,Benign,-0.010658811881641417,-12.132306921640767,0.6090342679127726,0.007739938080495356,0.573233393492083,0.05412612020521722,4.943015451663067e-08,0.9999999049019315,4.566791404354656e-08
log1p,2013-03,0.45820526339983875,Benign,-0.02042010443338027,-11.185651488465798,0.6319875776397516,0.009287925696594427,0.6568941955647966,0.03556642853750416,2.8558231848736867e-08,0.9999999705443466,8.974215970587876e-10
log1p,2013-04,0.479102581959113,Benign,0.01889055147974239,-11.021884452870378,0.6253869969040248,0.010819165378670788,0.7332888819094634,0.010206728522246874,1.9928168697501372e-07,0.9999998003998516,3.1846140424835205e-10
log1p,2013-05,0.4895512758672549,Benign,-0.06882891440907302,-11.015218938396721,0.6873065015479877,0.0030864197530864196,0.26898993943962834,0.021540732752069407,6.228336715425364e-08,0.9999999358824717,1.834161001308536e-09
log1p,2013-06,0.45842993403743915,Benign,0.02721490912433233,-4.77913215205239,0.4891640866873065,0.0015432098765432098,0.14351228162220253,-0.04779646160269803,0.14538283785113254,0.8546171398824878,2.226637954656495e-08
log1p,2013-07,0.4802734586084739,Benign,0.006441882241114527,-7.246142739958561,0.5681114551083591,0.007716049382716049,0.571885880527237,-0.014719593069165772,0.00032902838050496926,0.9951079768799727,0.004562994739522406
log1p,2013-08,0.4901601388379394,Benign,0.03664941969455038,-8.3866660186533,0.46367851622874806,0.01848998459167951,1.0469675146830348,-0.006923695813577788,0.00024591933137882877,0.9994145232024325,0.0003395574661886066
log1p,2013-09,0.49508187182414354,Benign,0.016590219899681458,-8.3866660186533,0.5564142194744977,0.013846153846153847,0.8690378470236095,0.02545937463204781,9.402885552327665e-07,0.9999909098021944,8.149909250439493e-06
log1p,2013-10,0.4975405559429002,Benign,0.007280479951982111,-7.768226263366884,0.5246913580246914,0.013824884792626729,0.8681455209679696,0.039725518451936746,1.658427036170734e-06,0.999998203022614,1.3855034983825808e-07
log1p,2013-11,0.49872846913329943,Benign,-0.016397144746090997,-7.727631580911054,0.4567901234567901,0.009188361408882083,0.6517188256196372,0.04477692635325284,0.00016726857710840055,0.9998326981983857,3.322450580774007e-08
log1p,2013-12,0.49934728671953144,Benign,-0.034897104715772675,-6.189405687248028,0.42592592592592593,0.019877675840978593,1.0945264811455293,0.028749479173697367,6.968808241577669e-05,0.9999284152236414,1.8966939427521623e-06
log1p,2014-01,0.5078029784061757,Benign,0.02000873983557061,-3.421768335813602,0.43143297380585516,0.010703363914373088,0.7277111020150215,-0.005370800305059548,0.0003850307962866755,0.9667125982217868,0.03290237098192656
log1p,2014-02,0.505904355474019,Benign,0.0028383957216482347,-3.421768335813602,0.5153846153846153,0.013761467889908258,0.8654801794703941,0.014360489492486599,0.0002732554135683059,0.9914420240891385,0.008284720497293077
log1p,2014-03,0.507956942572516,Benign,-0.011996286513861865,-3.421768335813602,0.5806451612903226,0.010703363914373088,0.7277111020150215,0.018440361331302,1.8286975630123196e-05,0.9799443667067138,0.02003734631765604
log1p,2014-04,0.5097670065316968,Benign,0.01690798771251334,-8.736636425309053,0.5911179173047473,0.010687022900763359,0.7269214976785494,-0.0013179598132411067,6.157879579930446e-05,0.9767227014266463,0.023215719777554506
log1p,2014-05,0.5048833936518097,Benign,0.0036341581495165087,-8.736636425309053,0.5886850152905199,0.05030487804878049,1.7968279037985138,0.01054159749314762,4.386644090148612e-07,0.9999995611273368,2.0825414911993593e-10
log1p,2014-06,0.5185752609401112,Benign,0.03691428855712653,-8.888370740264406,0.5688073394495413,0.007621951219512195,0.5665602602882337,0.009353322563359141,4.686600495066345e-09,0.9354657341699737,0.06453426114342584
log1p,2014-07,0.5093654652094277,Benign,-0.0036510787898287322,-9.515865937522005,0.6467889908256881,0.0213089802130898,1.1413198711683465,0.043797608487609586,1.7357019470900717e-06,0.9996851896386171,0.00031307465943584956
log1p,2014-08,0.507218882242128,Benign,-0.023422352155265003,-8.996204297547195,0.6758409785932722,0.010574018126888218,0.7214439307724495,0.03889974820819407,2.1010217158219376e-08,0.9898553594299094,0.010144619559873403
log1p,2014-09,0.5036094376379217,Benign,-0.027553184784407714,-6.813558652203144,0.6641221374045801,0.05740181268882175,1.9080868190554696,0.01351043889129138,1.3960407861363846e-08,0.9999999860117539,2.7838327243680372e-11
log1p,2014-10,0.5018047445877898,Benign,0.008323012343988134,-5.243581772122841,0.5289634146341463,0.03469079939668175,1.4971825573877027,-0.012503524833585187,2.4826558513227358e-11,0.9999998968750309,1.0310014251019911e-07
log1p,2014-11,0.5009073568827707,Benign,-0.03291130893504779,-5.243581772122841,0.4496951219512195,0.024096385542168676,1.2266062898466397,-0.00534189142940645,1.643048415182805e-09,0.9999800583583998,1.9939998551787382e-05
log1p,2014-12,0.5004532161360955,Benign,0.017576853369501766,-6.657278067984107,0.3668188736681887,0.03453453453453453,1.493679852157488,-0.03828321931380702,1.8642866674616718e-06,0.9999981206478243,1.5065508232790518e-08
log1p,2015-01,0.25022660806804775,Benign,0.018745595189680886,-7.232871732847979,0.4622356495468278,0.016467065868263474,0.9733160696609431,-0.01889628763830438,1.0,3.0762173977807508e-96,0.0
log1p,2015-02,0.12511330403402388,Benign,0.027812458007211216,-15.809252161832122,0.6057401812688822,0.004491017964071856,0.3709439137399313,0.0009564439477115414,1.0,1.5932186761645037e-98,0.0
log1p,2015-03,0.06255665201701194,Benign,0.04220412798522122,-15.809252161832122,0.6998491704374057,0.005979073243647235,0.4686948508968168,0.027424305420686964,1.0,5.257046856348791e-103,0.0
log1p,2015-04,0.03127832600850597,Benign,-0.005815178618157391,-14.737897799264788,0.7650602409638554,0.0029895366218236174,0.2615590651371636,0.06270577857667142,1.0,2.5307872748026906e-108,0.0
log1p,2015-05,0.015639163004252984,Benign,-0.019198078645188077,-13.475978043044623,0.7252252252252253,0.01195814648729447,0.7865531160456489,0.053034752267822415,1.0,1.5969673820462354e-114,0.0
log1p,2015-06,0.007819581502126492,Benign,-0.021232242806343726,-13.169271506729208,0.6362275449101796,0.013412816691505217,0.8506985012839393,0.03343840794307418,1.0,7.417684778398073e-119,0.0
log1p,2015-07,0.003909790751063246,Benign,-0.04367638139480012,-10.339199628550688,0.6287425149700598,0.0237741456166419,1.2171104942078155,0.009608554563292081,1.0,3.8553704608299116e-124,0.0
log1p,2015-08,0.001954895375531623,Benign,0.010981291928680692,-10.594951610021997,0.47832585949177875,0.004451038575667656,0.36818119273022804,-0.03589627518248424,1.0,3.880454577161038e-124,0.0
log1p,2015-09,0.0009774476877658115,Benign,0.03396146856773963,-10.594951610021997,0.49177877428998507,0.0073964497041420114,0.5536810524156082,-0.023482359340020888,1.0,1.4263320498334014e-124,0.0
log1p,2015-10,0.0004887238438829058,Benign,-0.018477730905773315,-10.594951610021997,0.43946188340807174,0.02064896755162242,1.120013883718777,0.004785644946230964,1.0,5.1567733413616986e-126,0.0
log1p,2015-11,0.0002443619219414529,Benign,-0.015391754173157857,-9.320975498543882,0.3561847988077496,0.02643171806167401,1.2928546775422887,-0.0176122193613024,1.0,1.6902015958555383e-126,0.0
log1p,2015-12,0.00012218096097072644,Benign,-0.02511076705297277,-6.425808542849055,0.34175334323922735,0.021994134897360705,1.162967508549554,-0.03279132288627723,1.0,5.34401040266748e-126,0.0
log1p,2016-01,0.25006109048048536,Benign,0.0024057694031434096,-5.023973796205061,0.31602373887240354,0.01906158357771261,1.0668320570464713,-0.05113123521373259,0.0,1.0,0.0
log1p,2016-02,0.3750305452402427,Benign,0.04131663414171549,-5.023973796205061,0.30280649926144754,0.024890190336749635,1.249620617527952,-0.03833859023393697,0.0,1.0,0.0
log1p,2016-03,0.43751527262012135,Benign,-0.0008517429629829598,-5.023973796205061,0.43593519882179677,0.02046783625730994,1.114086485250707,0.009043664080544057,0.0,1.0,0.0
log1p,2016-04,0.4687576363100607,Benign,-0.0053907679303911715,-5.023973796205061,0.5242290748898678,0.011695906432748537,0.7745385061047753,0.011564655937463983,0.0,1.0,0.0
log1p,2016-05,0.48437881815503037,Benign,-0.006579635306791065,-5.333731359629579,0.4750733137829912,0.008746355685131196,0.6284142770716795,0.010346840610232071,0.0,1.0,0.0
log1p,2016-06,0.4921894090775152,Benign,0.023264885115996004,-5.333731359629579,0.4178885630498534,0.00727802037845706,0.5468501023873187,0.0014509334445545186,0.0,1.0,0.0
log1p,2016-07,0.4960947045387576,Benign,0.009155924562810336,-5.333731359629579,0.5183016105417276,0.026124818577648767,1.2843950313539334,0.021992937983596052,0.0,1.0,0.0
log1p,2016-08,0.4980473522693788,Benign,0.004413525845230248,-5.333731359629579,0.45321637426900585,0.060781476121562955,1.9570122367716873,0.03099140574137041,0.0,1.0,0.0
log1p,2016-09,0.4990236761346894,Benign,-0.017341722029861617,-5.176973873892088,0.5,0.017341040462427744,1.005803793994154,0.03307340139235608,0.0,1.0,0.0
log1p,2016-10,0.49951183806734467,Benign,-0.012304593518776774,-2.5032266220640476,0.3425655976676385,0.1239193083573487,2.5946523491381193,0.011678705601946992,0.0,1.0,0.0
log1p,2016-11,0.49975591903367234,Benign,0.021668976189309852,-2.5032266220640476,0.28820960698689957,0.0603448275862069,1.9508241638577424,-0.0055371160483419805,0.0,1.0,0.0
log1p,2016-12,0.49987795951683617,Benign,0.020286661574530296,-2.5032266220640476,0.3367198838896952,0.00860832137733142,0.62102377355592,0.010546851729104212,0.0,1.0,0.0
log1p,2017-01,0.49993897975841806,Benign,0.011641600247119799,-2.5032266220640476,0.40998487140695916,0.04484304932735426,1.7018903642270535,0.02670350466294721,0.0,1.0,0.0
log1p,2017-02,0.49996948987920903,Benign,0.03279249364769088,-5.37705297443093,0.4539969834087481,0.02242152466367713,1.176237450698646,0.03408083399220426,0.0,1.0,0.0
log1p,2017-03,0.49998474493960454,Benign,0.020928309182937088,-5.37705297443093,0.5,0.008955223880597015,0.6394944670676252,0.057676754659490403,0.0,1.0,0.0
log1p,2017-04,0.49999237246980227,Benign,0.06435901460809901,-5.37705297443093,0.5262368815592204,0.011922503725782414,0.7849285836297557,0.06899814731019348,0.0,1.0,0.0
log1p,2017-05,0.49999618623490116,Benign,0.018919032481777176,-5.37705297443093,0.6651718983557549,0.002976190476190476,0.2605310833858301,0.11816255622471675,0.0,1.0,0.0
log1p,2017-06,0.4999980931174506,Benign,0.004565585480605261,-5.37705297443093,0.6154992548435171,0.017673048600883652,1.017873871854769,0.12056172260447018,0.0,1.0,0.0
log1p,2017-07,0.4999990465587253,Benign,-0.016448102423411104,-5.106779372261084,0.5439642324888226,0.07363770250368189,2.1239093123187365,0.10701810246205311,0.0,1.0,0.0
log1p,2017-08,0.49999952327936265,Benign,0.01323635851219862,-9.022432045446305,0.5022288261515602,0.021994134897360705,1.162967508549554,0.07237232580256894,0.0,1.0,0.0
log1p,2017-09,0.4999997616396813,Benign,0.05385741417322154,-9.022432045446305,0.33825701624815363,0.010263929618768328,0.7062573464841531,0.06792414288340817,0.0,1.0,0.0
log1p,2017-10,0.49999988081984065,Benign,-0.01864914649028071,-9.022432045446305,0.3735294117647059,0.01466275659824047,0.9027091826894312,0.1044723427561803,0.0,1.0,0.0
log1p,2017-11,0.49999994040992035,Benign,-0.003585944964967669,-9.022432045446305,0.4161764705882353,0.02046783625730994,1.114086485250707,0.06323498219499395,0.0,1.0,0.0
log1p,2017-12,0.4999999702049602,Benign,0.04010957332950493,-10.92876031296578,0.35043988269794724,0.021897810218978103,1.1599522692674653,0.0449518288065326,0.0,1.0,0.0
log1p,2018-01,0.4999999851024801,Benign,-0.05419911303226155,-12.107655925343652,0.5469208211143695,0.002902757619738752,0.254855964500246,0.06663073151421918,0.0,1.0,0.0
log1p,2018-02,0.49999999255124006,Benign,0.0076173247545101574,-10.916038402810212,0.3812316715542522,0.049204052098408106,1.7784048941617285,0.00039833410371750775,0.0,1.0,0.0
log1p,2018-03,0.49999999627562003,Benign,0.028427655980584055,-10.916038402810212,0.41751824817518246,0.01300578034682081,0.8331604107866588,0.0014204112093784366,0.0,1.0,0.0
log1p,2018-04,0.49999999813781004,Benign,-0.03672203696866427,-20.646179033749025,0.5276967930029155,0.017316017316017316,1.0048881520194195,0.02586194663557565,0.0,1.0,0.0
log1p,2018-05,0.499999999068905,Benign,-0.03998337875727398,-19.207231269225268,0.508695652173913,0.044733044733044736,1.6998825424989958,-0.013486506385806884,0.0,1.0,0.0
log1p,2018-06,0.4999999995344525,Benign,-0.013270915469926647,-15.257506834948876,0.35021707670043417,0.0953757225433526,2.354947180180884,-0.055121105649671806,0.0,1.0,0.0
log1p,2018-07,0.49999999976722626,Benign,0.012033439753823538,-15.357280452694022,0.2402315484804631,0.01875901875901876,1.0563663210228915,-0.0646651771331531,0.0,1.0,0.0
log1p,2018-08,0.4999999998836131,Benign,0.008691876707128454,-15.357280452694022,0.2976878612716763,0.017167381974248927,0.9994319685784756,-0.04319894107003041,0.0,1.0,0.0
log1p,2018-09,0.49999999994180655,Benign,-0.1337476549186405,-14.910784013904033,0.3309248554913295,0.015714285714285715,0.9444616088408515,-0.02676937530992641,0.0,1.0,0.0
log1p,2018-10,0.4999999999709033,Benign,0.03309380642103732,-6.483795664071157,0.0838150289017341,0.07845934379457917,2.1799579613152877,-0.1564911710161133,0.0,1.0,0.0
log1p,2018-11,0.49999999998545164,Benign,-0.026620787987619576,-10.019876469916355,0.16017316017316016,0.02275960170697013,1.1866110080100203,-0.10311455950389839,0.0,1.0,0.0
log1p,2018-12,0.4999999999927258,Benign,0.0802581308836019,-10.019876469916355,0.1630901287553648,0.019886363636363636,1.094817217699558,-0.11585041706123472,0.0,1.0,0.0
log1p,2019-01,0.4999999999963629,Benign,-0.004267934704496712,-10.019876469916355,0.30428571428571427,0.00425531914893617,0.35454501768090746,-0.021462696675266933,0.0,1.0,0.0
log1p,2019-02,0.49999999999818145,Benign,-0.02494717277311076,-15.072285771240034,0.3176638176638177,0.011347517730496455,0.7583503743707075,-0.01594087542600675,0.0,1.0,0.0
log1p,2019-03,0.4999999999990907,Benign,0.02939274540771497,-15.072285771240034,0.3314366998577525,0.028328611898016998,1.3436115712374914,-0.02784397746559102,0.0,1.0,0.0
log1p,2019-04,0.49999999999954536,Benign,-0.07344836888932471,-13.695177451700369,0.5120567375886524,0.011283497884344146,0.7553469322357214,0.009009729462064546,0.0,1.0,0.0
log1p,2019-05,0.4999999999997727,Benign,0.04353156003126646,-10.52373122249326,0.3045325779036827,0.03526093088857546,1.5098591145777294,-0.05755215157558609,0.0,1.0,0.0
log1p,2019-06,0.4999999999998863,Benign,-0.049783660401832464,-10.368350250142655,0.4198581560283688,0.022598870056497175,1.1816925339342705,-0.007101519983515922,0.0,1.0,0.0
log1p,2019-07,0.49999999999994316,Benign,-0.02803586396813429,-6.538316914075426,0.20679886685552407,0.08615819209039548,2.26340957655949,-0.04628444306771609,0.0,1.0,0.0
log1p,2019-08,0.4999999999999716,Benign,0.04840964120898228,-12.36034800901422,0.1906779661016949,0.00847457627118644,0.6138104383234242,-0.0671955097361137,0.0,1.0,0.0
log1p,2019-09,0.4999999999999858,Benign,0.009902780425627533,-35.70889779916474,0.2274011299435028,0.029661016949152543,1.377783671451982,-0.017867039511590337,0.0,1.0,0.0
log1p,2019-10,0.4999999999999929,Benign,0.002150239268313925,-35.70889779916474,0.21610169491525424,0.03531073446327684,1.5109588752926855,-0.008773354293174272,0.0,1.0,0.0
log1p,2019-11,0.49999999999999645,Benign,0.05254409231498869,-35.70889779916474,0.22284908321579688,0.04219409282700422,1.6523842312573567,-0.0060845591303646295,0.0,1.0,0.0
log1p,2019-12,0.4999999999999982,Benign,-0.035792414195787936,-35.70889779916474,0.29760225669957685,0.015384615384615385,0.9315582040049435,0.04753831670836856,0.0,1.0,0.0
log1p,2020-01,0.4999999999999991,Benign,-0.062293240424381,-35.03091217438568,0.2002820874471086,0.25034965034965034,3.2594404436128097,0.009693605282830312,0.0,1.0,0.0
log1p,2020-02,0.49999999999999956,Benign,-0.11694455185185326,-30.09792506344231,0.11706629055007052,0.4664804469273743,3.8638415944783544,-0.052737451993655156,0.0,1.0,0.0
log1p,2020-03,0.4999999999999998,Benign,0.10994850358748165,-7.508801311518287,0.0800561797752809,0.002793296089385475,0.24633619771348464,-0.16232042770724772,0.0,1.0,0.0
log1p,2020-04,0.4999999999999999,Benign,0.04212446061941999,-7.508801311518287,0.25874125874125875,0.002793296089385475,0.24633619771348464,-0.045317524689084815,0.0,1.0,0.0
log1p,2020-05,0.49999999999999994,Benign,0.038790945746012495,-7.508801311518287,0.36923076923076925,0.004189944134078212,0.3499484611777816,0.0002933678401253365,0.0,1.0,0.0
log1p,2020-06,0.5,Benign,0.06689656450185977,-7.220151177391654,0.3551532033426184,0.004172461752433936,0.3487156755016781,0.028130658314911024,0.0,1.0,0.0
log1p,2020-07,0.5,Benign,0.034142804734832444,-7.253996740571744,0.48885793871866295,0.005563282336578581,0.4423293505908785,0.08500565887107073,0.0,1.0,0.0
log1p,2020-08,0.5,Benign,0.0007394002849707704,-7.253996740571744,0.5306406685236769,0.006944444444444444,0.5273549257172012,0.10648609531186078,0.0,1.0,0.0
log1p,2020-09,0.5,Benign,-0.02609229518459133,-7.817720647628201,0.596100278551532,0.002777777777777778,0.24512245803298502,0.09428833212388435,0.0,1.0,0.0
log1p,2020-10,0.5,Benign,0.14299459652479585,-7.817720647628201,0.5771905424200278,0.008321775312066574,0.6055051672373762,0.05982764941382349,0.0,1.0,0.0
log1p,2020-11,0.5,Benign,0.1088741242922524,-7.817720647628201,0.8263888888888888,0.002770083102493075,0.24452008466376762,0.1789921716056031,0.0,1.0,0.0
log1p,2020-12,0.5,Benign,0.03575467684780964,-7.817720647628201,0.8571428571428571,0.0027624309392265192,0.24392067925596778,0.250970199987554,0.0,1.0,0.0
log1p,2021-01,0.5,Benign,0.012344555900485554,-6.484782512052478,0.7642163661581137,0.002758620689655172,0.24362208265775043,0.22547621511658206,0.0,1.0,0.0
log1p,2021-02,0.5,Benign,0.01608721402234803,-7.403461627668206,0.7534626038781164,0.006887052341597796,0.5239621016713607,0.19342085260031527,0.0,1.0,0.0
log1p,2021-03,0.5,Benign,0.0282353247031637,-7.41072259557074,0.8174273858921162,0.001375515818431912,0.12887821749017195,0.16590025086033847,0.0,1.0,0.0
log1p,2021-04,0.5,Benign,0.017808864606451147,-12.008311333757815,0.81353591160221,0.012345679012345678,0.804047876593387,0.15110312854570276,0.0,1.0,0.0
log1p,2021-05,0.5,Benign,0.02895203751264175,-14.105002607448291,0.8234482758620689,0.00823045267489712,0.6005083267045872,0.13618449709010436,0.0,1.0,0.0
log1p,2021-06,0.5,Benign,-0.02862269472253287,-14.105002607448291,0.8471074380165289,0.008207934336525308,0.5992723586453331,0.13013010064537364,0.0,1.0,0.0
log1p,2021-07,0.5,Benign,-0.0009524497124010489,-20.29917010731119,0.7658402203856749,0.015047879616963064,0.9182040849247323,0.06820764477687961,0.0,1.0,0.0
log1p,2021-08,0.5,Benign,-0.04077491126897381,-18.476031508636524,0.6145404663923183,0.009549795361527967,0.6703797259415204,0.03902834569868092,0.0,1.0,0.0
log1p,2021-09,0.5,Benign,-0.03197976242745859,-14.804715428229386,0.4917808219178082,0.024324324324324326,1.2332691738143668,-0.01894062537778562,0.0,1.0,0.0
log1p,2021-10,0.5,Benign,-0.044323159985223404,-13.700956530435404,0.417462482946794,0.021592442645074223,1.1503328421948238,-0.05652299926207223,0.0,1.0,0.0
log1p,2021-11,0.5,Benign,0.04883388649607845,-15.826997871484672,0.15279672578444747,0.28706199460916443,3.3913557600841067,-0.09672632705117,0.0,1.0,0.0
log1p,2021-12,0.5,Benign,-0.1055563362924995,-22.578311680558038,0.23433242506811988,0.006720430107526882,0.5140462384660328,-0.04652629484340204,0.0,1.0,0.0
log1p,2022-01,0.5,Benign,0.013456728231198367,-17.313566132999235,0.13378378378378378,0.01478494623655914,0.9076513692834473,-0.15162837328133236,0.0,1.0,0.0
log1p,2022-02,0.5,Benign,0.021662124120634507,-16.93207993889052,0.17813765182186234,0.012080536912751677,0.7921114448199128,-0.12499562763251286,0.0,1.0,0.0
log1p,2022-03,0.5,Benign,-0.022700435418731346,-21.879891694006993,0.30551816958277256,0.009395973154362415,0.662480382166973,-0.08662633775378654,0.0,1.0,0.0
log1p,2022-04,0.5,Benign,-0.003395167554811729,-20.0204095960431,0.40860215053763443,0.013422818791946308,0.851125616256968,-0.08958797063819257,0.0,1.0,0.0
log1p,2022-05,0.5,Benign,-0.1315238924046893,-19.74794040710648,0.35618279569892475,0.008053691275167786,0.59076507365638,-0.07187937994158612,0.0,1.0,0.0
log1p,2022-06,0.5,Benign,0.05095518935436982,-14.92113843121784,0.1342281879194631,0.05906040268456376,1.9323964298885905,-0.188198407031154,0.0,1.0,0.0
log1p,2022-07,0.5,Benign,0.00838264280160117,-14.92113843121784,0.17986577181208055,0.006711409395973154,0.5135065905192485,-0.11012047432411311,0.0,1.0,0.0
log1p,2022-08,0.5,Benign,-0.12805568347769303,-12.805568347769302,0.2442953020134228,0.014745308310991957,0.9060508148590366,-0.0810094452419559,0.0,1.0,0.0
log1p,2022-09,0.5,Benign,0.06407829208823257,-10.650944354368285,0.09664429530201342,0.30120481927710846,3.4378661852992427,-0.1945588916680447,0.0,1.0,0.0
log1p,2022-10,0.5,Benign,0.0780079932923361,-10.650944354368285,0.12080536912751678,0.038821954484605084,1.585595005675863,-0.10422497886324614,0.0,1.0,0.0
log1p,2022-11,0.5,Benign,-0.09550141925688738,-10.531330529144933,0.2657718120805369,0.00535475234270415,0.4288399319965534,-0.01108148224600031,0.0,1.0,0.0
log1p,2022-12,0.5,Benign,0.08436781614214572,-5.436753639916714,0.1686746987951807,0.12416555407209613,2.596489422531739,-0.09679931345329791,0.0,1.0,0.0
log1p,2023-01,0.5,Benign,-0.005043124381363007,-5.422280511656896,0.30614973262032086,0.008,0.5877866649021191,-0.0014223935164539398,0.0,1.0,0.0
log1p,2023-02,0.5,Benign,0.026528796723759074,-6.095455469581212,0.35561497326203206,0.017333333333333333,1.0055218656020977,0.0031616326523328203,0.0,1.0,0.0
log1p,2023-03,0.5,Benign,0.009960159558901616,-7.652596010790235,0.3890374331550802,0.012,0.7884573603642702,0.038573901473973965,0.0,1.0,0.0
log1p,2023-04,0.5,Benign,0.030217541666638148,-14.588296075938468,0.41255006675567424,0.03195739014647137,1.4340694899931399,0.04218945826008652,0.0,1.0,0.0
log1p,2023-05,0.5,Benign,-0.0049823397074086895,-14.588296075938468,0.4833555259653795,0.03851261620185923,1.5792387989953889,0.06712525867587818,0.0,1.0,0.0
log1p,2023-06,0.5,Benign,0.02663517558449069,-14.588296075938468,0.5172872340425532,0.03306878306878307,1.4602133509428978,0.05629279850645504,0.0,1.0,0.0
log1p,2023-07,0.5,Benign,-0.02898679482832678,-14.588296075938468,0.3598937583001328,0.013175230566534914,0.8404989673419283,0.06920165333066294,0.0,1.0,0.0
log1p,2023-08,0.5,Benign,-0.03567696310446833,-12.42811367563088,0.3740053050397878,0.011842105263157895,0.7812544480702122,0.027950871948379755,0.0,1.0,0.0
log1p,2023-09,0.5,Benign,-0.07589239775626777,-8.761303280623856,0.28835978835978837,0.04199475065616798,1.64855767157185,-0.012585355701384738,0.0,1.0,0.0
log1p,2023-10,0.5,Benign,0.11295047385245627,-8.761303280623856,0.19129287598944592,0.13368283093053734,2.6650232143900827,-0.09427100994547444,0.0,1.0,0.0
log1p,2023-11,0.5,Benign,0.047327914512986125,-8.761303280623856,0.34342105263157896,0.01832460732984293,1.0411458507998517,0.010664219656660182,0.0,1.0,0.0
log1p,2023-12,0.5,Benign,-0.0595756152499437,-8.761303280623856,0.36662286465177396,0.006535947712418301,0.5029515673350847,0.052794103216056154,0.0,1.0,0.0
log1p,2024-01,0.5,Benign,0.05817572230802637,-6.271472847747561,0.3136482939632546,0.04177545691906005,1.64433113933915,-0.01267658822026686,0.0,1.0,0.0
log1p,2024-02,0.5,Benign,0.039460849828057754,-15.556748011689637,0.40339425587467365,0.0390625,1.5905099025485816,0.04017952408909992,0.0,1.0,0.0
log1p,2024-03,0.5,Benign,-0.019867920523340188,-15.556748011689637,0.3981723237597911,0.031209362808842653,1.4160803901852768,0.07271245190602368,0.0,1.0,0.0
log1p,2024-04,0.5,Benign,-0.020631054974127316,-15.556748011689637,0.4276401564537158,0.01818181818181818,1.0360919316867756,0.0494145378826015,0.0,1.0,0.0
log1p,2024-05,0.5,Benign,0.06117914813209069,-16.410672322905484,0.4348958333333333,0.05194805194805195,1.8237110690346574,0.024344177358783737,0.0,1.0,0.0
log1p,2024-06,0.5,Benign,-0.009696880532075847,-18.35716885207005,0.44545454545454544,0.042690815006468305,1.6618560590609905,0.0764859229140458,0.0,1.0,0.0
log1p,2024-07,0.5,Benign,-0.03478551727212853,-15.01612366365288,0.40414507772020725,0.05426356589147287,1.8604077507736227,0.05397881881220789,0.0,1.0,0.0
log1p,2024-08,0.5,Benign,-0.030303157557248217,-11.951507716337185,0.33635187580853815,0.015444015444015444,0.9338954728029695,0.008346978310445192,0.0,1.0,0.0
log1p,2024-09,0.5,Benign,-0.014314019330007755,-10.361688207723441,0.32470892626131953,0.017994858611825194,1.0294357793145141,-0.026093303364016773,0.0,1.0,0.0
log1p,2024-10,0.5,Benign,-0.03921522370126429,-14.142513086077047,0.2971576227390181,0.03465982028241335,1.4964891292811937,-0.04155982191301317,0.0,1.0,0.0
log1p,2024-11,0.5,Benign,-0.022973123564838382,-14.142513086077047,0.23901808785529716,0.09242618741976893,2.326557323437533,-0.08134976121706189,0.0,1.0,0.0
log1p,2024-12,0.5,Benign,0.04912715928504907,-14.142513086077047,0.22136422136422138,0.03713188220230474,1.5503645835393352,-0.09722073381716936,0.0,1.0,0.0
log1p,2025-01,0.5,Benign,0.006121432841425634,-14.142513086077047,0.27742749054224464,0.047619047619047616,1.751268107873318,-0.04223335124172008,0.0,1.0,0.0
log1p,2025-02,0.5,Benign,-0.020396525364153484,-13.246896601141799,0.3161209068010076,0.05137844611528822,1.8144736400623043,-0.03262800304068284,0.0,1.0,0.0
log1p,2025-03,0.5,Benign,0.030425770083210457,-9.030334502270755,0.23173803526448364,0.1677096370463079,2.8775658728080833,-0.048467322341249376,0.0,1.0,0.0
log1p,2025-04,0.5,Benign,0.055174550880334294,-4.149986320647181,0.44221105527638194,0.01373283395755306,0.8642743954200699,-0.0065084513560545836,0.0,1.0,0.0
log1p,2025-05,0.5,Benign,0.13864929369746903,-8.901506871653952,0.6077694235588973,0.0149812734082397,0.9155413875153743,0.054373798994654,0.0,1.0,0.0
log1p,2025-06,0.5,Benign,0.0565615108884876,-8.901506871653952,0.6946182728410513,0.014943960149439602,0.9140466217190566,0.1731593442650227,0.0,1.0,0.0
log1p,2025-07,0.5,Benign,-0.01831182604318171,-8.901506871653952,0.7025,0.0161892901618929,0.962765461755938,0.20326394938316508,0.0,1.0,0.0
log1p,2025-08,0.5,Benign,0.07488679795710262,-8.901506871653952,0.6221945137157108,0.029850746268656716,1.3825560390092835,0.16283542110893048,0.0,1.0,0.0
log1p,2025-09,0.5,Benign,0.19941011588801794,-19.894662107505688,0.5810473815461347,0.036069651741293535,1.5275693265871038,0.20077369439638454,0.0,1.0,0.0
log1p,2025-10,0.5,Benign,-0.044043800878727946,-19.894662107505688,0.5616438356164384,0.055900621118012424,1.8855627736295202,0.3394639198645848,0.0,1.0,0.0
log1p,2025-11,0.5,Benign,0.07323907704836685,-19.894662107505688,0.5591531755915318,0.02608695652173913,1.2833463918674481,0.24419642262152758,0.0,1.0,0.0
log1p,2025-12,0.5,Benign,0.23971267417636266,-19.894662107505688,0.5261194029850746,0.05217391304347826,1.8273504143307575,0.2649523475400175,0.0,1.0,0.0
log1p,2026-01,0.5,Benign,0.19519520978992544,-38.630429604794614,0.568407960199005,0.02977667493796526,1.38069559066287,0.40944755765938273,0.0,1.0,0.0
log1p,2026-02,0.5,Benign,-0.19084643404922963,,0.6878109452736318,0.034739454094292806,1.4982706612566343,0.5145445961220702,0.0,1.0,0.0
log1p,2026-03,0.5,Benign,0.3060707394429423,,0.47139303482587064,0.05093167701863354,1.8071680945809,0.22453110494167575,0.0,1.0,0.0
log1p,2026-04,0.5,Benign,0.28448510731373733,,0.6687422166874222,0.01987577639751553,1.0944629051212982,0.41137237956509753,0.0,1.0,0.0
log1p,2026-05,0.5,Benign,3.894198542830907e-05,,0.4166666666666667,0.16770186335403728,2.8775221280656473,0.5729459789192315,0.0,1.0,0.0
log1p,2026-06,0.5,Benign,-0.22191170974465646,,0.24906600249066002,0.03482587064676617,1.5002003495492622,0.4630986814240598,0.0,1.0,0.0
log1p,2026-07,0.5,Benign,,,0.2082294264339152,0.018703241895261846,1.0544249814153135,0.13992806481532993,0.0,1.0,0.0
