dt,BM(무손절),HMM(p>=0.2)
1999-01-04,1.0,1.0
1999-01-05,0.9816362682015015,0.9816362682015015
1999-01-06,1.0421906797799922,1.0421906797799922
1999-01-07,1.085130314528885,1.085130314528885
1999-01-08,1.065966624031981,1.065966624031981
1999-01-11,1.0908487571139036,1.0908487571139036
1999-01-12,1.074237953900731,1.074237953900731
1999-01-13,1.0773695413414313,1.0773695413414313
1999-01-14,1.0286773922696835,1.0286773922696835
1999-01-15,1.0459519711071663,1.0459519711071663
1999-01-18,1.0594822944863929,1.0594822944863929
1999-01-19,1.0519937835698807,1.0519937835698807
1999-01-20,1.0440117518409904,1.0440117518409904
1999-01-21,0.9905883056862301,0.9905883056862301
1999-01-22,0.9370458162035419,0.9370458162035419
1999-01-25,0.918630976798289,0.918630976798289
1999-01-26,0.9041135079170564,0.918630976798289
1999-01-27,0.9619279492854645,0.918630976798289
1999-01-28,0.9725989474949325,0.918630976798289
1999-01-29,0.9725309078965095,0.918630976798289
1999-02-01,0.9899586017997564,0.918630976798289
1999-02-02,0.9654679820712022,0.8959049336256393
1999-02-03,0.9417261095570497,0.873873689592762
1999-02-04,0.936314000980809,0.8688515294954693
1999-02-05,0.9384243711816671,0.870809845161898
1999-02-08,0.9281957861778232,0.8613182411531415
1999-02-09,0.8907534393497617,0.8265736573112005
1999-02-10,0.8926425510091831,0.8283266563616865
1999-02-11,0.8917915885812726,0.8275370067289151
1999-02-12,0.939071110937059,0.8714099865942265
1999-02-18,0.9129294662049392,0.8471518766169787
1999-02-19,0.8887111087473266,0.8246784789139938
1999-02-22,0.8654117533160476,0.8030578681130022
1999-02-23,0.8558639798054318,0.7941980223675738
1999-02-24,0.8482734094912853,0.7871543611382419
1999-02-25,0.8494987974650213,0.7882914585372882
1999-02-26,0.8851030363631661,0.8213303721824653
1999-03-02,0.9087767654016462,0.8432983825533433
1999-03-03,0.9096617995673929,0.8441196490171143
1999-03-04,0.9059175441091369,0.8406451713543648
1999-03-05,0.9176608671652015,0.8515423748437209
1999-03-08,0.9732287552586562,0.9031065344208036
1999-03-09,0.9749476121061457,0.9047015457090687
1999-03-10,0.9688547959139262,0.8990477237412253
1999-03-11,0.9906394132929847,0.9192627350616173
1999-03-12,1.005497184043582,0.933049986804117
1999-03-15,1.0075735863838533,0.9349767820323235
1999-03-16,1.0242694650643671,0.950469703971587
1999-03-17,1.0220399476583317,0.9484008257894371
1999-03-18,0.9853804197825082,0.9143826579182681
1999-03-19,1.0283369865230698,0.9542441559577235
1999-03-22,1.0343277952562795,0.959803320218123
1999-03-23,1.0455605616310477,0.9702267532063719
1999-03-24,1.0406929775966902,0.9657098840484087
1999-03-25,1.0399952341117935,0.9650624137623582
1999-03-26,1.0378167204352629,0.9630408644339303
1999-03-29,1.0229759855535838,0.9492694211069305
1999-03-30,1.0518746363647042,0.976085891790158
1999-03-31,1.0534574140153476,0.9775546285399794
1999-04-01,1.083938946354361,1.0058399323658058
1999-04-02,1.10077100810897,1.0214592252362904
1999-04-06,1.134724325880799,1.052966168469647
1999-04-07,1.146008095985072,1.0634369303116178
1999-04-08,1.15933419669178,1.0758028705507954
1999-04-09,1.1699371553028248,1.085641874129438
1999-04-12,1.173715482498917,1.0891479686231873
1999-04-13,1.1739877447698586,1.089400614092852
1999-04-14,1.1699201194339066,1.0856260657139383
1999-04-15,1.228806781771662,1.1402698781373848
1999-04-16,1.2341338148805616,1.145213092549956
1999-04-19,1.304678620929791,1.2106750663852597
1999-04-20,1.3112139542048837,1.2167395215849885
1999-04-21,1.2649726849578578,1.173829987530169
1999-04-22,1.2601052048007497,1.1693132147649832
1999-04-23,1.2781285308526342,1.186037940007126
1999-04-26,1.3212042447983732,1.2260100005623027
1999-04-27,1.351294263784018,1.2539320000099656
1999-04-28,1.3445717437053248,1.2476938450252937
1999-04-29,1.2808856408088842,1.1885963971058833
1999-04-30,1.2808516729482975,1.188564876667661
1999-05-03,1.2876593723715815,1.1948820737298322
1999-05-04,1.3124733619778317,1.2179081876186462
1999-05-06,1.3794781352413237,1.2800851919916432
1999-05-07,1.3796143183154193,1.2802115629228643
1999-05-10,1.3857752779833115,1.285928618552707
1999-05-11,1.3299010558810789,1.23408019667496
1999-05-12,1.315809172091051,1.22100364888051
1999-05-13,1.263457946905638,1.1724243880495697
1999-05-14,1.2557312454560206,1.1652544040854054
1999-05-17,1.221692748339601,1.1336684187745498
1999-05-18,1.2411967407058697,1.1517671266662926
1999-05-19,1.250880697290581,1.160753343342942
1999-05-20,1.2059839112838437,1.1190914210065013
1999-05-21,1.2092005741918852,1.1220763197526435
1999-05-24,1.183858888158171,1.098560530554445
1999-05-25,1.1891178816686476,1.1034406076977943
1999-05-26,1.2254709716584438,1.1371744168755213
1999-05-27,1.2367206700248805,1.1476135618864927
1999-05-28,1.2462174398059913,1.156426078778199
1999-05-31,1.2526507656220742,1.1623958762704838
1999-06-01,1.282774752468306,1.1903493961563691
1999-06-02,1.318991763261256,1.2239569307956526
1999-06-03,1.324454979444251,1.2290265161394447
1999-06-04,1.357285072517228,1.2594911642703652
1999-06-07,1.4335653570203941,1.3302753689191258
1999-06-08,1.452763015377885,1.348089814510204
1999-06-09,1.3674285820537309,1.2689038225944
1999-06-10,1.4569497879190143,1.3519749254048392
1999-06-11,1.444270426967698,1.34020912659799
1999-06-14,1.3988290125418281,1.2980418169294425
1999-06-15,1.3678709952593546,1.2693143594335083
1999-06-16,1.4117977755102533,1.3100761660142337
1999-06-17,1.4164439971259246,1.3143876221634767
1999-06-18,1.4257534762261856,1.3230263428774627
1999-06-21,1.4789726997084274,1.372411061756674
1999-06-22,1.49083506609242,1.383418731368974
1999-06-23,1.5123814929383732,1.4034127140507011
1999-06-24,1.4930986552362917,1.3855192263821237
1999-06-25,1.5012339059081958,1.3930683231399514
1999-06-28,1.5369232202736818,1.4261861824698503
1999-06-29,1.527392482631984,1.4173421451399217
1999-06-30,1.502799647689921,1.394521251474273
1999-07-01,1.565736795617461,1.4529237074683563
1999-07-02,1.588610669834785,1.4741494934529624
1999-07-05,1.638681373884658,1.5206125472480307
1999-07-06,1.6839354976296779,1.5626060607388579
1999-07-07,1.7121023332180652,1.5887434443050354
1999-07-08,1.700410117768755,1.5778936660621787
1999-07-09,1.7494597084560348,1.6234091788550322
1999-07-12,1.7091580364582146,1.5860112874213352
1999-07-13,1.6806507951232132,1.5595580247234937
1999-07-14,1.62307464816516,1.5061303035802038
1999-07-15,1.6715285028265525,1.5510930037944508
1999-07-16,1.7373589437844381,1.6121802878185123
1999-07-19,1.7437580939854356,1.6181183720870203
1999-07-20,1.699286893069903,1.5768513709597427
1999-07-21,1.642544672670842,1.5241974910337244
1999-07-22,1.662201883980124,1.5424383782721878
1999-07-23,1.5401739549195599,1.4292026980469925
1999-07-26,1.4856782877954524,1.378633504718624
1999-07-27,1.5808328607784132,1.378633504718624
1999-07-28,1.6073999867244881,1.378633504718624
1999-07-29,1.699729410152776,1.378633504718624
1999-07-30,1.6503905213256365,1.378633504718624
1999-08-02,1.6335244917104403,1.378633504718624
1999-08-03,1.65653454900186,1.3980531314756308
1999-08-04,1.6601426213860202,1.401098209465888
1999-08-05,1.5982265868210732,1.3488433946995826
1999-08-06,1.596848031842948,1.347679945917159
1999-08-09,1.6150755805673511,1.3630633145215933
1999-08-10,1.6485864851335559,1.3913452631809757
1999-08-11,1.606753246969096,1.356039576589151
1999-08-12,1.6157223203227429,1.3636091386583855
1999-08-13,1.5614649476089904,1.3178179477207692
1999-08-16,1.544122433050334,1.303181514812684
1999-08-17,1.486971767306236,1.2549484928949721
1999-08-18,1.478870588372168,1.2481114012181083
1999-08-19,1.482682883428847,1.2513288354969831
1999-08-20,1.494953799035126,1.2616850287920571
1999-08-23,1.5616522382898401,1.317976014042426
1999-08-24,1.5868917091100456,1.3392771823387573
1999-08-25,1.6389536361555992,1.3832154993394794
1999-08-26,1.6336436389156177,1.3787340604984024
1999-08-27,1.634324450408846,1.379308639906134
1999-08-30,1.6041833238164467,1.353870657677452
1999-08-31,1.5962012920875563,1.3471341217803667
1999-09-01,1.5411270286837295,1.3006535056882798
1999-09-02,1.5299793377763025,1.291245271980603
1999-09-03,1.5498068038975168,1.3079789109600575
1999-09-06,1.6052895126463809,1.3548042396293798
1999-09-07,1.6064808808209052,1.3558097097586554
1999-09-08,1.5945844426990765,1.3457695614383862
1999-09-09,1.6177306830645914,1.365304121610641
1999-09-10,1.6372176395619422,1.3817503832177207
1999-09-13,1.6694350646173632,1.4089406836035185
1999-09-14,1.6483822624610378,1.3911729068923582
1999-09-15,1.621406795047175,1.3684066224742677
1999-09-16,1.559235430202955,1.3159363185129356
1999-09-17,1.5746208973810163,1.3289210767121924
1999-09-20,1.5893935926642726,1.3413886783770874
1999-09-21,1.6294568663744886,1.3752005812447228
1999-09-22,1.6024813989606261,1.3524342968266323
1999-09-27,1.53818262804663,1.2981685418017754
1999-09-28,1.5329747421429079,1.2937732811050071
1999-09-29,1.4787684770359095,1.2480252230737996
1999-09-30,1.4231155134751137,1.2010562057182899
1999-10-01,1.4285105861824365,1.2056094450682062
1999-10-04,1.3928042359480322,1.1754746224719295
1999-10-05,1.3471585988496437,1.1754746224719295
1999-10-06,1.4216348471607296,1.1754746224719295
1999-10-07,1.4485933825829238,1.1754746224719295
1999-10-08,1.428612697518696,1.1754746224719295
1999-10-11,1.4200691053790042,1.1754746224719295
1999-10-12,1.457273157796711,1.1754746224719295
1999-10-13,1.4560307858926815,1.1754746224719295
1999-10-14,1.4739009968788017,1.1754746224719295
1999-10-15,1.4681314466870288,1.1754746224719295
1999-10-18,1.4062154121220818,1.1754746224719295
1999-10-19,1.381009909162463,1.1754746224719295
1999-10-20,1.4137719626370167,1.1754746224719295
1999-10-21,1.393042530358387,1.1754746224719295
1999-10-22,1.3947614910831263,1.1754746224719295
1999-10-25,1.3595656975300183,1.1754746224719295
1999-10-26,1.356451145958236,1.1754746224719295
1999-10-27,1.350341190019849,1.1754746224719295
1999-10-28,1.3971952311616802,1.1754746224719295
1999-10-29,1.4185714031957015,1.1754746224719295
1999-11-01,1.4918222115944266,1.1754746224719295
1999-11-02,1.5150194556894467,1.1754746224719295
1999-11-03,1.509862677392479,1.1754746224719295
1999-11-04,1.5518491344999528,1.1754746224719295
1999-11-05,1.5540106123075652,1.1754746224719295
1999-11-08,1.5446669575922183,1.1754746224719295
1999-11-09,1.6056980618686683,1.1754746224719295
1999-11-10,1.5976989942708597,1.1754746224719295
1999-11-11,1.6124376178162794,1.1754746224719295
1999-11-12,1.649607702373399,1.1754746224719295
1999-11-15,1.65891718147366,1.1754746224719295
1999-11-16,1.7150636658468341,1.1754746224719295
1999-11-17,1.646850592417149,1.1754746224719295
1999-11-18,1.6511904800240427,1.1754746224719295
1999-11-19,1.6901985686338294,1.1754746224719295
1999-11-22,1.6642782863203958,1.1754746224719295
1999-11-23,1.6577598850369717,1.1754746224719295
1999-11-24,1.649658706102904,1.1754746224719295
1999-11-25,1.6554793639014311,1.1754746224719295
1999-11-26,1.6153989504450474,1.1754746224719295
1999-11-29,1.6410980780942939,1.1754746224719295
1999-11-30,1.6962403810965438,1.1754746224719295
1999-12-01,1.700495193236096,1.1754746224719295
1999-12-02,1.6472931095000218,1.1754746224719295
1999-12-03,1.6450635920939864,1.1754746224719295
1999-12-06,1.698708192912934,1.1754746224719295
1999-12-07,1.7017886727468798,1.1754746224719295
1999-12-08,1.6820463859702564,1.1754746224719295
1999-12-09,1.6688053607308895,1.1754746224719295
1999-12-10,1.732848801365613,1.1754746224719295
1999-12-13,1.725156171653832,1.1754746224719295
1999-12-14,1.706417962370883,1.1754746224719295
1999-12-15,1.6399407816576057,1.1754746224719295
1999-12-16,1.6143948729513729,1.1754746224719295
1999-12-17,1.6155692052569794,1.1754746224719295
1999-12-20,1.6458464110462248,1.1754746224719295
1999-12-21,1.6318055309857018,1.1754746224719295
1999-12-22,1.6471739622948451,1.1754746224719295
1999-12-23,1.6579470718405722,1.1754746224719295
1999-12-24,1.6876797530879344,1.1754746224719295
1999-12-27,1.7116768520041106,1.1754746224719295
1999-12-28,1.7496977951118915,1.1754746224719295
2000-01-04,1.8024065657900863,1.1754746224719295
2000-01-05,1.678625500389697,1.1754746224719295
2000-01-06,1.6351923448284258,1.1754746224719295
2000-01-07,1.6145310560254689,1.1754746224719295
2000-01-10,1.6802082780403407,1.1754746224719295
2000-01-11,1.6701499478484285,1.1754746224719295
2000-01-12,1.6253552731779504,1.1754746224719295
2000-01-13,1.6186156133530893,1.1754746224719295
2000-01-14,1.6134758709250396,1.1754746224719295
2000-01-17,1.673451686223811,1.1754746224719295
2000-01-18,1.6704903535950424,1.1754746224719295
2000-01-19,1.5977330660086957,1.1754746224719295
2000-01-20,1.609850762671961,1.1754746224719295
2000-01-21,1.5745527539053443,1.1754746224719295
2000-01-24,1.5772929318699256,1.1754746224719295
2000-01-25,1.5167894201436902,1.1754746224719295
2000-01-26,1.5071224994278969,1.1754746224719295
2000-01-27,1.5474411034173856,1.1754746224719295
2000-01-28,1.602651549895308,1.1754746224719295
2000-01-31,1.606412841222482,1.1754746224719295
2000-02-01,1.5806627098437307,1.1754746224719295
2000-02-02,1.6059193204101037,1.1754746224719295
2000-02-03,1.6172029866371271,1.1754746224719295
2000-02-07,1.6561941432552452,1.1754746224719295
2000-02-08,1.6359241600511576,1.1754746224719295
2000-02-09,1.6611637347486126,1.1754746224719295
2000-02-10,1.6443657447318396,1.1754746224719295
2000-02-11,1.6223087612045899,1.1754746224719295
2000-02-14,1.5502322851114714,1.1754746224719295
2000-02-15,1.4971833164411614,1.1754746224719295
2000-02-16,1.4968429106945473,1.1754746224719295
2000-02-17,1.5275116298371612,1.1754746224719295
2000-02-18,1.5275116298371612,1.1754746224719295
2000-02-21,1.4386711315878564,1.1754746224719295
2000-02-22,1.446670199185665,1.1754746224719295
2000-02-23,1.4988341336902282,1.1754746224719295
2000-02-24,1.4761985538832592,1.1754746224719295
2000-02-25,1.4717565549401062,1.1754746224719295
2000-02-28,1.3938934927862965,1.1754746224719295
2000-02-29,1.4098405203751592,1.1754746224719295
2000-03-02,1.5226440458028037,1.1754746224719295
2000-03-03,1.5229334478199128,1.1754746224719295
2000-03-06,1.5476113582293167,1.1754746224719295
2000-03-07,1.5442245443865927,1.1754746224719295
2000-03-08,1.5576696884212287,1.1754746224719295
2000-03-09,1.5055057539166656,1.1754746224719295
2000-03-10,1.517027714554044,1.1754746224719295
2000-03-13,1.4545670515699642,1.1754746224719295
2000-03-14,1.441087835797492,1.1754746224719295
2000-03-15,1.4254131743568204,1.1754746224719295
2000-03-16,1.43169317735264,1.1754746224719295
2000-03-17,1.4561158613600205,1.1754746224719295
2000-03-20,1.4475041257446564,1.1754746224719295
2000-03-21,1.4694588940583972,1.1754746224719295
2000-03-22,1.501829538056832,1.1754746224719295
2000-03-23,1.4766240350972133,1.1754746224719295
2000-03-24,1.513419642169883,1.1754746224719295
2000-03-27,1.5091138263008255,1.1754746224719295
2000-03-28,1.5169085673488658,1.1754746224719295
2000-03-29,1.5462157673822727,1.1754746224719295
2000-03-30,1.5146280462133255,1.1754746224719295
2000-03-31,1.4652551895255992,1.1754746224719295
2000-04-03,1.440577279116195,1.1754746224719295
2000-04-04,1.4128698926023497,1.1754746224719295
2000-04-06,1.3689432162287003,1.1754746224719295
2000-04-07,1.4251578440775468,1.1754746224719295
2000-04-10,1.4809639227041067,1.1754746224719295
2000-04-11,1.4552308271942735,1.1754746224719295
2000-04-12,1.424528140191073,1.1754746224719295
2000-04-14,1.3630546227089995,1.1754746224719295
2000-04-17,1.2044862091005397,1.1754746224719295
2000-04-18,1.2718484239795635,1.1754746224719295
2000-04-19,1.2850894492189304,1.1754746224719295
2000-04-20,1.295590296493716,1.1754746224719295
2000-04-21,1.3056486266856282,1.1754746224719295
2000-04-24,1.2723250128002732,1.1754746224719295
2000-04-25,1.2546590244866715,1.1754746224719295
2000-04-26,1.213863831676473,1.1754746224719295
2000-04-27,1.177851147433291,1.1754746224719295
2000-04-28,1.2345592960945158,1.1754746224719295
2000-05-02,1.2808516729482962,1.1754746224719295
2000-05-03,1.2811409710881558,1.1754746224719295
2000-05-04,1.2786390875339293,1.1754746224719295
2000-05-08,1.3108905843271867,1.1754746224719295
2000-05-09,1.2949094850004879,1.1754746224719295
2000-05-10,1.2926289638649475,1.1754746224719295
2000-05-12,1.2599349499888168,1.1754746224719295
2000-05-15,1.240141555605439,1.1754746224719295
2000-05-16,1.2709464578221483,1.1754746224719295
2000-05-17,1.2376057041906257,1.1754746224719295
2000-05-18,1.213387346733013,1.1754746224719295
2000-05-19,1.243562441185999,1.1754746224719295
2000-05-22,1.1770682246038036,1.1754746224719295
2000-05-23,1.1569004566132248,1.1754746224719295
2000-05-24,1.148714202211816,1.1754746224719295
2000-05-25,1.1905475442535254,1.1754746224719295
2000-05-26,1.1175859301174107,1.1754746224719295
2000-05-29,1.1163435582133812,1.1754746224719295
2000-05-30,1.176472592455166,1.1754746224719295
2000-05-31,1.245604771788434,1.1754746224719295
2000-06-01,1.2568544701548707,1.1754746224719295
2000-06-02,1.2946372227295462,1.2108109862859473
2000-06-05,1.3516857771373851,1.264165713939389
2000-06-07,1.3999012335111736,1.309259276260337
2000-06-08,1.361727071460379,1.2735568462731082
2000-06-09,1.423489990959562,1.3313206894268188
2000-06-12,1.4395050581468476,1.3462987998627212
2000-06-13,1.3691134710406319,1.2804649851739902
2000-06-14,1.3943360098691686,1.304054394299141
2000-06-15,1.3120989883706293,1.2271421231534607
2000-06-16,1.2918290051665418,1.208184597505005
2000-06-19,1.2856000059002268,1.2023589186099397
2000-06-20,1.3365556402385967,1.2500152355973253
2000-06-21,1.3306839787105644,1.2445237572425591
2000-06-22,1.3313136825970384,1.2451126885435162
2000-06-23,1.325697351348279,1.2398600081329518
2000-06-26,1.3471585988496415,1.259931665117497
2000-06-27,1.3783378746735515,1.2890921195283747
2000-06-28,1.3934169039655855,1.3031947994210695
2000-06-29,1.3937063059826946,1.3034654629981837
2000-06-30,1.3976546802362197,1.3071581846658469
2000-07-03,1.4214646962260447,1.3294265301436183
2000-07-04,1.3930766020962206,1.3028765316972266
2000-07-05,1.4132784418246356,1.321770326079858
2000-07-06,1.4255833252915013,1.3332784828245228
2000-07-07,1.4325782115183856,1.3398204584008737
2000-07-10,1.4491379071248038,1.3553079332067723
2000-07-11,1.4242728099117992,1.3320528217732404
2000-07-12,1.4292084335445798,1.3366688695847992
2000-07-13,1.4394029468105873,1.3462033001153035
2000-07-14,1.409108705152424,1.317870574949585
2000-07-18,1.3825246472146804,1.2930078034751034
2000-07-19,1.3569446667706115,1.2690840966583339
2000-07-20,1.3256293117498552,1.239796374018447
2000-07-21,1.3327092734440806,1.246417916525759
2000-07-24,1.2558333567922773,1.1745196249977612
2000-07-25,1.255407875578322,1.1741216931916378
2000-07-26,1.2659598304598618,1.1839904214137609
2000-07-27,1.2384566666185353,1.1582680550612081
2000-07-28,1.1788382929352963,1.10250990090589
2000-07-31,1.201507840602852,1.10250990090589
2000-08-01,1.2374695211165292,1.10250990090589
2000-08-02,1.2395629593257187,1.10250990090589
2000-08-03,1.2289259289768377,1.10250990090589
2000-08-04,1.2083666476328905,1.10250990090589
2000-08-07,1.1498034590500807,1.10250990090589
2000-08-08,1.1336181370508633,1.10250990090589
2000-08-09,1.2087580571090095,1.10250990090589
2000-08-10,1.2411798087141988,1.10250990090589
2000-08-11,1.2291471875182747,1.10250990090589
2000-08-14,1.2479364005307285,1.10250990090589
2000-08-16,1.2783838611319056,1.10250990090589
2000-08-17,1.2653640944339755,1.10250990090589
2000-08-18,1.2395459234568011,1.10250990090589
2000-08-21,1.2297768914047487,1.10250990090589
2000-08-22,1.2570586928273892,1.10250990090589
2000-08-23,1.2248923753787226,1.10250990090589
2000-08-24,1.2234456769249251,1.10250990090589
2000-08-25,1.2420647390026964,1.10250990090589
2000-08-28,1.2454856245832566,1.10250990090589
2000-08-29,1.2450601433693014,1.10250990090589
2000-08-30,1.2235648241301025,1.10250990090589
2000-08-31,1.1719794859052588,1.10250990090589
2000-09-01,1.1780553701058096,1.10250990090589
2000-09-04,1.1595213834953793,1.10250990090589
2000-09-05,1.156015422447478,1.10250990090589
2000-09-06,1.1516755348405843,1.10250990090589
2000-09-07,1.1170924093050323,1.10250990090589
2000-09-08,1.112514227287784,1.10250990090589
2000-09-14,1.1064894506939875,1.10250990090589
2000-09-15,1.0691492152021853,1.10250990090589
2000-09-18,0.9829637155728713,1.10250990090589
2000-09-19,0.9720883908136354,1.10250990090589
2000-09-20,1.0315026457016054,1.10250990090589
2000-09-21,1.014330178200382,1.10250990090589
2000-09-22,0.9415899264829535,1.10250990090589
2000-09-25,0.9949963367687956,1.10250990090589
2000-09-26,1.0000510037295043,1.10250990090589
2000-09-27,1.0199805811869778,1.10250990090589
2000-09-28,1.031111132348237,1.10250990090589
2000-09-29,1.0436543102254576,1.10250990090589
2000-10-02,1.0028081136857543,1.10250990090589
2000-10-04,1.0184658431347573,1.10250990090589
2000-10-05,1.0327109458677988,1.10250990090589
2000-10-06,1.0362169069157,1.10250990090589
2000-10-09,1.0027400740873311,1.10250990090589
2000-10-10,1.0013105153797013,1.10250990090589
2000-10-11,0.9482784787010601,1.10250990090589
2000-10-12,0.9100362770518425,1.10250990090589
2000-10-13,0.8928297378127829,1.10250990090589
2000-10-16,0.9362288216362177,1.10250990090589
2000-10-17,0.8728321207568864,1.10250990090589
2000-10-18,0.87507867403184,1.10250990090589
2000-10-19,0.8765593403462243,1.10250990090589
2000-10-20,0.929199863671497,1.10250990090589
2000-10-23,0.8992460277599477,1.10250990090589
2000-10-24,0.9276341218897716,1.10250990090589
2000-10-25,0.9230049361430183,1.10250990090589
2000-10-26,0.8912469601621391,1.10250990090589
2000-10-27,0.87707000090477,1.10250990090589
2000-10-30,0.8590125511764246,1.10250990090589
2000-10-31,0.8756062665820544,1.10250990090589
2000-11-01,0.9339483005006771,1.10250990090589
2000-11-02,0.9498442204827853,1.10250990090589
2000-11-03,0.9537756627446418,1.10250990090589
2000-11-06,0.9473934445353132,1.10250990090589
2000-11-07,0.9417600774176357,1.10250990090589
2000-11-08,0.9498272884911166,1.10250990090589
2000-11-09,0.9542011439585969,1.10250990090589
2000-11-10,0.9618938775476276,1.10250990090589
2000-11-13,0.9172353859512451,1.10250990090589
2000-11-14,0.9411474094000799,1.10250990090589
2000-11-15,0.9487890353823561,1.10250990090589
2000-11-16,0.944636334579063,1.10250990090589
2000-11-17,0.9382031126402295,1.10250990090589
2000-11-20,0.9146144590690907,1.10250990090589
2000-11-21,0.904487985401506,1.10250990090589
2000-11-22,0.8889664390265987,1.10250990090589
2000-11-23,0.8753169684421946,1.10250990090589
2000-11-24,0.9034498361699951,1.10250990090589
2000-11-27,0.942934409723242,1.10250990090589
2000-11-28,0.9138315362396032,1.10250990090589
2000-11-29,0.8789420766952732,1.10250990090589
2000-11-30,0.866671213027619,1.10250990090589
2000-12-01,0.8755722987214676,1.10250990090589
2000-12-04,0.8539067766089616,1.10250990090589
2000-12-05,0.87982711086102,1.10250990090589
2000-12-06,0.8814098885116635,1.10250990090589
2000-12-07,0.8914342508429888,1.10250990090589
2000-12-08,0.9102064279865243,1.10250990090589
2000-12-11,0.9442278892340257,1.10250990090589
2000-12-12,0.9242813797848836,1.10250990090589
2000-12-13,0.9494018072771611,1.10250990090589
2000-12-14,0.9315996358894638,1.10250990090589
2000-12-15,0.9088278730083993,1.10250990090589
2000-12-18,0.9177970502392957,1.10250990090589
2000-12-19,0.9033816926943223,1.10250990090589
2000-12-20,0.8751468175075121,1.10250990090589
2000-12-21,0.8712153233070309,1.10250990090589
2000-12-22,0.8519835932117038,1.10250990090589
2000-12-26,0.8588253124341992,1.10250990090589
2001-01-02,0.8866177744153856,1.10250990090589
2001-01-03,0.8874346651054599,1.10250990090589
2001-01-04,0.949708141285939,1.10250990090589
2001-01-05,0.988563010952712,1.10250990090589
2001-01-08,0.9984342582182734,1.10250990090589
2001-01-09,1.0039994818602782,1.10250990090589
2001-01-10,0.9544564742378695,1.10250990090589
2001-01-11,0.9561243273558543,1.10250990090589
2001-01-12,1.000510556681295,1.10250990090589
2001-01-15,1.0194529886367625,1.10250990090589
2001-01-16,1.0269754674138614,1.10250990090589
2001-01-17,1.01405791592944,1.10250990090589
2001-01-18,1.0280476883832088,1.10250990090589
2001-01-19,1.0548190370018025,1.10250990090589
2001-01-22,1.0678727715603193,1.10250990090589
2001-01-26,1.0070799616942245,1.10250990090589
2001-01-29,1.0152662160956334,1.10250990090589
2001-01-30,1.006416289947164,1.10250990090589
2001-01-31,1.0516363419543477,1.10250990090589
2001-02-01,1.042088568443732,1.10250990090589
2001-02-02,1.035587203029226,1.10250990090589
2001-02-05,0.9856867537912851,1.10250990090589
2001-02-06,0.9983151110130964,1.10250990090589
2001-02-07,0.9806320868305767,1.10250990090589
2001-02-08,1.0068076994232833,1.10250990090589
2001-02-09,1.0134451440346353,1.10250990090589
2001-02-12,1.0197933943833772,1.10250990090589
2001-02-13,1.0190786150295623,1.10250990090589
2001-02-14,1.0276733147760084,1.10250990090589
2001-02-15,1.0273329090293943,1.10250990090589
2001-02-16,1.0295283546975935,1.10250990090589
2001-02-19,1.0154874746370706,1.10250990090589
2001-02-20,1.0360297201120996,1.10250990090589
2001-02-21,1.011845434392323,1.10250990090589
2001-02-22,0.9929199344285244,1.10250990090589
2001-02-23,0.9931072251093744,1.10250990090589
2001-02-26,0.9961706690744023,1.10250990090589
2001-02-27,0.9829807514417899,1.10250990090589
2001-02-28,0.9838827175992053,1.10250990090589
2001-03-02,0.9521248454955757,1.10250990090589
2001-03-05,0.9622342832942424,1.10250990090589
2001-03-06,0.9669486483855864,1.10250990090589
2001-03-07,0.9677825749445786,1.10250990090589
2001-03-08,0.9858910803410537,1.10250990090589
2001-03-09,0.9628810230496343,1.10250990090589
2001-03-12,0.9276341218897721,1.10250990090589
2001-03-13,0.89856521626672,1.10250990090589
2001-03-14,0.9246217855314988,1.10250990090589
2001-03-15,0.9221539737151084,1.10250990090589
2001-03-16,0.9167758329994544,1.10250990090589
2001-03-19,0.9093895372964511,1.10250990090589
2001-03-20,0.9047262798118615,1.10250990090589
2001-03-21,0.9064282046676824,1.10250990090589
2001-03-22,0.8969994744849945,1.10250990090589
2001-03-23,0.9155844648249296,1.10250990090589
2001-03-26,0.9292168995404155,1.10250990090589
2001-03-27,0.9069557972178968,1.10250990090589
2001-03-28,0.899960807113763,1.10250990090589
2001-03-29,0.8914682187035763,1.10250990090589
2001-03-30,0.8904810732015702,1.10250990090589
2001-04-02,0.8768317064944157,1.10250990090589
2001-04-03,0.8565107195608233,1.10250990090589
2001-04-04,0.8402232862253466,1.10250990090589
2001-04-06,0.8615484025912384,1.10250990090589
2001-04-09,0.8466395242338868,1.10250990090589
2001-04-10,0.8360024938850057,1.10250990090589
2001-04-11,0.863777919997274,1.10250990090589
2001-04-12,0.875146817507513,1.10250990090589
2001-04-13,0.878363376538305,1.10250990090589
2001-04-16,0.8651735108443173,1.10250990090589
2001-04-17,0.8747382682852264,1.10250990090589
2001-04-18,0.9190394221433261,1.10250990090589
2001-04-19,0.9587112863774231,1.10250990090589
2001-04-20,0.94676374064884,1.10250990090589
2001-04-23,0.9546777327793073,1.10250990090589
2001-04-24,0.945657551818906,1.10250990090589
2001-04-25,0.9638681685516403,1.10250990090589
2001-04-26,0.9558350292159955,1.10250990090589
2001-04-27,0.9473424408058088,1.10250990090589
2001-04-30,0.9826233098262578,1.10250990090589
2001-05-02,0.9934135591181527,1.10250990090589
2001-05-03,0.9946049272926774,1.10250990090589
2001-05-04,0.996647154017863,1.10250990090589
2001-05-07,1.0151981764972113,1.10250990090589
2001-05-08,1.0056843708471823,1.10250990090589
2001-05-09,0.9851422292494028,1.10250990090589
2001-05-10,0.9894650809873783,1.10250990090589
2001-05-11,0.9923243022798875,1.10250990090589
2001-05-14,0.9940602988735449,1.10250990090589
2001-05-15,0.9893288979132828,1.10250990090589
2001-05-16,0.9741818290228258,1.10250990090589
2001-05-17,1.015010989693611,1.10250990090589
2001-05-18,1.0220739155189185,1.10250990090589
2001-05-21,1.0534234461547602,1.10250990090589
2001-05-22,1.0517725250284442,1.10250990090589
2001-05-23,1.059618373683239,1.10250990090589
2001-05-24,1.0590738491413558,1.10250990090589
2001-05-25,1.0621882968358887,1.10250990090589
2001-05-28,1.0525894157185185,1.10250990090589
2001-05-29,1.0757015843461972,1.10250990090589
2001-05-30,1.069523588809387,1.10250990090589
2001-05-31,1.0418502740333782,1.10250990090589
2001-06-01,1.033187534688509,1.10250990090589
2001-06-04,1.039722867963602,1.10250990090589
2001-06-05,1.017172363623974,1.10250990090589
2001-06-07,1.0230951327587607,1.10250990090589
2001-06-08,1.0582228867134456,1.10250990090589
2001-06-11,1.0351617218152718,1.10250990090589
2001-06-12,1.033323717762605,1.10250990090589
2001-06-13,1.0450669369414198,1.10250990090589
2001-06-14,1.0445563802601234,1.10250990090589
2001-06-15,1.0534234461547605,1.10250990090589
2001-06-18,1.036097863587773,1.10250990090589
2001-06-19,1.0363190182519602,1.10250990090589
2001-06-20,1.0138706252485914,1.10250990090589
2001-06-21,1.013547359248145,1.10250990090589
2001-06-22,1.0195891717108594,1.10250990090589
2001-06-25,1.0177851355187792,1.10250990090589
2001-06-26,1.001940219266176,1.10250990090589
2001-06-27,0.9952175953102332,1.10250990090589
2001-06-28,0.99268174389542,1.10250990090589
2001-06-29,1.012866547754917,1.10250990090589
2001-07-02,1.015606621842249,1.10250990090589
2001-07-03,1.011470956907874,1.10250990090589
2001-07-04,1.0164746201390775,1.10250990090589
2001-07-05,1.0102795887333493,1.10250990090589
2001-07-06,0.9846315686908573,1.10250990090589
2001-07-09,0.9530779192597463,1.10250990090589
2001-07-10,0.9506951829106971,1.10250990090589
2001-07-11,0.9422707379761829,1.10250990090589
2001-07-12,0.9529928437924051,1.10250990090589
2001-07-13,0.9334887475488869,1.10250990090589
2001-07-16,0.9342375986405381,1.10250990090589
2001-07-18,0.9199414921779917,1.10250990090589
2001-07-19,0.9288084541953793,1.10250990090589
2001-07-20,0.9151420516193065,1.10250990090589
2001-07-23,0.8921660660657234,1.10250990090589
2001-07-24,0.8962676592622622,1.10250990090589
2001-07-25,0.8953486572359287,1.10250990090589
2001-07-26,0.9006926223364969,1.10250990090589
2001-07-27,0.9209626055405845,1.10250990090589
2001-07-30,0.9080280181872449,1.10250990090589
2001-07-31,0.9216773848943993,1.10250990090589
2001-08-01,0.9578262522116768,1.10250990090589
2001-08-02,0.9657743160799804,1.10250990090589
2001-08-03,0.9678676504119204,1.10250990090589
2001-08-06,0.9690249468486087,1.10250990090589
2001-08-07,0.9658423556784034,1.10250990090589
2001-08-08,0.9631873570584127,1.10250990090589
2001-08-09,0.9354970064134855,1.10250990090589
2001-08-10,0.9451469951376101,1.10250990090589
2001-08-13,0.9564817689713881,1.10250990090589
2001-08-14,0.9822659720879758,1.10250990090589
2001-08-16,0.9887332657646457,1.10250990090589
2001-08-17,0.9888013053630686,1.10250990090589
2001-08-20,0.9651446121935068,1.10250990090589
2001-08-21,0.9678506145430024,1.10250990090589
2001-08-22,0.9783855335556242,1.10250990090589
2001-08-23,0.9702163150231334,1.10250990090589
2001-08-24,0.9689228355123496,1.10250990090589
2001-08-27,0.9849719744374714,1.10250990090589
2001-08-28,0.9811767152497105,1.10250990090589
2001-08-29,0.9626597645081983,1.10250990090589
2001-08-30,0.9604982867005859,1.10250990090589
2001-08-31,0.9277362332260322,1.10250990090589
2001-09-03,0.9221539737151091,1.10250990090589
2001-09-04,0.9510185527883932,1.10250990090589
2001-09-05,0.9393093014701649,1.10250990090589
2001-09-06,0.9404667017841027,1.10250990090589
2001-09-07,0.944704478054737,1.10250990090589
2001-09-10,0.937301042605566,1.10250990090589
2001-09-11,0.9200095317764146,1.10250990090589
2001-09-12,0.8094354718161809,1.10250990090589
2001-09-13,0.8496859842686221,1.10250990090589
2001-09-14,0.8208213532567132,1.10250990090589
2001-09-17,0.7977943120350004,1.10250990090589
2001-09-18,0.8253144078679957,1.10250990090589
2001-09-19,0.8284119235708599,1.10250990090589
2001-09-20,0.817383431807235,1.10250990090589
2001-09-21,0.803836124497715,1.10250990090589
2001-09-24,0.8206511503834062,1.10250990090589
2001-09-25,0.8035297904889371,1.10250990090589
2001-09-26,0.8047551784626733,1.10250990090589
2001-09-27,0.8039552717028925,1.10250990090589
2001-09-28,0.8163793023749358,1.10250990090589
2001-10-04,0.8520516847487534,1.10250990090589
2001-10-05,0.8542301464866593,1.10250990090589
2001-10-08,0.8443759870286409,1.10250990090589
2001-10-09,0.8639140511327459,1.10250990090589
2001-10-10,0.8568510733688138,1.10250990090589
2001-10-11,0.8799802259267859,1.10250990090589
2001-10-12,0.878874037096852,1.10250990090589
2001-10-15,0.8747723400230637,1.10250990090589
2001-10-16,0.888251555795536,1.10250990090589
2001-10-17,0.8991098446858539,1.10250990090589
2001-10-18,0.8921660660657239,1.10250990090589
2001-10-19,0.8986843634718985,1.10250990090589
2001-10-22,0.899807692048,1.10250990090589
2001-10-23,0.9028711360130278,1.10250990090589
2001-10-24,0.9215752735581403,1.10250990090589
2001-10-25,0.9227666417326648,1.10250990090589
2001-10-26,0.9248429401956867,1.10250990090589
2001-10-29,0.9324335624484581,1.10250990090589
2001-10-30,0.9086066144669644,1.10250990090589
2001-10-31,0.9153122025539892,1.10250990090589
2001-11-01,0.9260003405096247,1.10250990090589
2001-11-02,0.9370287803346247,1.10250990090589
2001-11-05,0.9558350292159966,1.10250990090589
2001-11-06,0.9623873983600075,1.10250990090589
2001-11-07,0.9565328765781429,1.10250990090589
2001-11-08,0.9752709819838423,1.10250990090589
2001-11-09,0.981585160594748,1.10250990090589
2001-11-12,0.9947410064895242,1.10250990090589
2001-11-13,1.0021444419386951,1.10250990090589
2001-11-14,1.0325237590641998,1.10250990090589
2001-11-15,1.0321153137191625,1.10250990090589
2001-11-16,1.0396718642340976,1.10250990090589
2001-11-19,1.066136774966664,1.10250990090589
2001-11-20,1.048947375473772,1.10250990090589
2001-11-21,1.0474496732904695,1.10250990090589
2001-11-22,1.0629541837964587,1.10250990090589
2001-11-23,1.0980478660133073,1.10250990090589
2001-11-26,1.1480504265875076,1.10250990090589
2001-11-27,1.1404598043347363,1.10250990090589
2001-11-28,1.0756505806166932,1.10250990090589
2001-11-29,1.0702724399010393,1.10250990090589
2001-11-30,1.0958524203451083,1.10250990090589
2001-12-03,1.1073743809824865,1.10250990090589
2001-12-04,1.106081005348952,1.10250990090589
2001-12-05,1.171451893355046,1.10250990090589
2001-12-06,1.1685586003247004,1.10250990090589
2001-12-07,1.1990060609258775,1.10250990090589
2001-12-10,1.138196319068114,1.10250990090589
2001-12-11,1.1404258364741495,1.10250990090589
2001-12-12,1.1597426420368178,1.10250990090589
2001-12-13,1.151505383905904,1.10250990090589
2001-12-14,1.132120434867563,1.10250990090589
2001-12-17,1.103323895392702,1.10250990090589
2001-12-18,1.0956311618036714,1.10250990090589
2001-12-19,1.1012304571835125,1.10250990090589
2001-12-20,1.1309461025619567,1.10250990090589
2001-12-21,1.0972480111921514,1.10250990090589
2001-12-24,1.1002773834193431,1.10250990090589
2001-12-26,1.112837597165482,1.10250990090589
2001-12-27,1.137821841583664,1.10250990090589
2001-12-28,1.1806252932584613,1.10250990090589
2002-01-02,1.2338104450028669,1.10250990090589
2002-01-03,1.238422594880702,1.10250990090589
2002-01-04,1.2725632033333807,1.10250990090589
2002-01-07,1.2789624574116276,1.10250990090589
2002-01-08,1.2505063236833807,1.10250990090589
2002-01-09,1.2791837159530641,1.10250990090589
2002-01-10,1.2393927045137896,1.10250990090589
2002-01-11,1.2379120381994053,1.10250990090589
2002-01-14,1.2662832003375608,1.10250990090589
2002-01-15,1.2230713033177263,1.10250990090589
2002-01-16,1.209983497021373,1.10250990090589
2002-01-17,1.2143233846282666,1.10250990090589
2002-01-18,1.2057626527424075,1.10250990090589
2002-01-21,1.2208757537722779,1.10250990090589
2002-01-22,1.2328062636319428,1.10250990090589
2002-01-23,1.2638834281195936,1.10250990090589
2002-01-24,1.289565519899922,1.10250990090589
2002-01-25,1.3184471348421245,1.10250990090589
2002-01-28,1.327909832885399,1.10250990090589
2002-01-29,1.3173409460121905,1.10250990090589
2002-01-30,1.2755076039704811,1.10250990090589
2002-01-31,1.2731589393592682,1.10250990090589
2002-02-01,1.2635430223729798,1.10250990090589
2002-02-04,1.2427625863648453,1.10250990090589
2002-02-05,1.259271174364509,1.10250990090589
2002-02-06,1.2620623560585953,1.10250990090589
2002-02-07,1.2385077742252928,1.10250990090589
2002-02-08,1.2588456931505538,1.10250990090589
2002-02-14,1.3550385192422751,1.10250990090589
2002-02-15,1.3336113434787489,1.10250990090589
2002-02-18,1.3451503399850455,1.10250990090589
2002-02-19,1.3313647902037955,1.10250990090589
2002-02-20,1.3222084261692986,1.10250990090589
2002-02-21,1.3404700466315378,1.10250990090589
2002-02-22,1.3479244858102135,1.10250990090589
2002-02-25,1.3470394516444668,1.10250990090589
2002-02-26,1.3634801039229572,1.10250990090589
2002-02-27,1.399169418288443,1.10250990090589
2002-02-28,1.3955613459042826,1.10250990090589
2002-03-04,1.4197627713702266,1.10250990090589
2002-03-05,1.432935653133921,1.10250990090589
2002-03-06,1.4348247647933425,1.10250990090589
2002-03-07,1.4116445565672409,1.10250990090589
2002-03-08,1.4045475590040972,1.10250990090589
2002-03-11,1.407525927501784,1.10250990090589
2002-03-12,1.4398795356313006,1.10250990090589
2002-03-13,1.4451554611334458,1.10250990090589
2002-03-14,1.4583113070282223,1.10250990090589
2002-03-15,1.4642680440235956,1.10250990090589
2002-03-18,1.4801811037518713,1.10250990090589
2002-03-19,1.5146790499428329,1.10250990090589
2002-03-20,1.5104242378032804,1.10250990090589
2002-03-21,1.5072927542398296,1.10250990090589
2002-03-22,1.5248905990777586,1.10250990090589
2002-03-25,1.496689691751535,1.10250990090589
2002-03-26,1.4994469055850346,1.10250990090589
2002-03-27,1.535919142780008,1.10250990090589
2002-03-28,1.519257231960081,1.10250990090589
2002-03-29,1.5242098914617799,1.10250990090589
2002-04-01,1.4905968755593155,1.10250990090589
2002-04-02,1.5408206946749523,1.10250990090589
2002-04-03,1.5633711990145804,1.10250990090589
2002-04-04,1.5623840535125746,1.10250990090589
2002-04-08,1.5329067025444854,1.10250990090589
2002-04-09,1.5124495325367975,1.10250990090589
2002-04-10,1.4568987841895105,1.10250990090589
2002-04-11,1.468522856163148,1.10250990090589
2002-04-12,1.490358581148961,1.10250990090589
2002-04-15,1.521997409924663,1.10250990090589
2002-04-16,1.5339278159070784,1.10250990090589
2002-04-17,1.583658114210337,1.10250990090589
2002-04-18,1.5957417391357662,1.10250990090589
2002-04-19,1.5724764554423234,1.10250990090589
2002-04-22,1.5672856054075195,1.10250990090589
2002-04-23,1.5754718598089286,1.10250990090589
2002-04-24,1.5584355753818007,1.10250990090589
2002-04-25,1.4850656197778982,1.10250990090589
2002-04-26,1.4800789924156126,1.10250990090589
2002-04-29,1.4270810274748074,1.10250990090589
2002-04-30,1.4335994287582314,1.10250990090589
2002-05-02,1.4634170815956853,1.10250990090589
2002-05-03,1.4580730126178676,1.10250990090589
2002-05-06,1.4072705972225112,1.10250990090589
2002-05-07,1.4063686310650958,1.10250990090589
2002-05-08,1.4375648388806745,1.10250990090589
2002-05-09,1.4273532897457488,1.10250990090589
2002-05-10,1.3920553848563817,1.10250990090589
2002-05-13,1.3987950446812427,1.10250990090589
2002-05-14,1.4251408082086316,1.10250990090589
2002-05-15,1.4681144108181112,1.10250990090589
2002-05-16,1.4603195658928212,1.10250990090589
2002-05-17,1.489235356450109,1.10250990090589
2002-05-20,1.4734925515337651,1.10250990090589
2002-05-21,1.4254641780863273,1.10250990090589
2002-05-22,1.4688632619097624,1.10250990090589
2002-05-23,1.438994501465554,1.10250990090589
2002-05-24,1.4544139365042021,1.10250990090589
2002-05-27,1.4305869885227085,1.10250990090589
2002-05-28,1.4445937968453952,1.10250990090589
2002-05-29,1.4214306244882116,1.10250990090589
2002-05-30,1.388106906725607,1.10250990090589
2002-05-31,1.3554129967267259,1.10250990090589
2002-06-03,1.369930361730709,1.10250990090589
2002-06-04,1.3723130980797582,1.10250990090589
2002-06-05,1.3778613897300946,1.10250990090589
2002-06-07,1.3533025226486184,1.10250990090589
2002-06-10,1.3817928319919512,1.10250990090589
2002-06-11,1.3876304217821471,1.10250990090589
2002-06-12,1.4007862676769234,1.10250990090589
2002-06-14,1.3989992673537612,1.10250990090589
2002-06-17,1.377129470630112,1.10250990090589
2002-06-18,1.3775380198523985,1.10250990090589
2002-06-19,1.3213233920035519,1.10250990090589
2002-06-20,1.322072243095203,1.10250990090589
2002-06-21,1.324999607863385,1.10250990090589
2002-06-24,1.3069421061964148,1.10250990090589
2002-06-25,1.2865190079265632,1.10250990090589
2002-06-26,1.1945299902448892,1.10250990090589
2002-06-27,1.209098462855627,1.10250990090589
2002-06-28,1.2640535790542764,1.10250990090589
2002-07-02,1.270027351918568,1.10250990090589
2002-07-03,1.2821620844507517,1.10250990090589
2002-07-04,1.3083376970434584,1.10250990090589
2002-07-05,1.3408274882470705,1.10250990090589
2002-07-08,1.333202794256463,1.10250990090589
2002-07-09,1.3649266984995059,1.10250990090589
2002-07-10,1.352536739565299,1.10250990090589
2002-07-11,1.3017682920305294,1.10250990090589
2002-07-12,1.349507263460858,1.10250990090589
2002-07-15,1.3334921962735724,1.10250990090589
2002-07-16,1.3129499507985432,1.10250990090589
2002-07-18,1.3170345081261638,1.10250990090589
2002-07-19,1.2843065263894462,1.10250990090589
2002-07-22,1.2269176701122426,1.10250990090589
2002-07-23,1.2654152020407332,1.10250990090589
2002-07-24,1.2277855645318219,1.10250990090589
2002-07-25,1.2313767049243138,1.10250990090589
2002-07-26,1.1876712870921011,1.10250990090589
2002-07-29,1.1919430312233223,1.10250990090589
2002-07-30,1.232329778688484,1.10250990090589
2002-07-31,1.2219650106105444,1.10250990090589
2002-08-01,1.2046223921746386,1.10250990090589
2002-08-02,1.1925046955113732,1.10250990090589
2002-08-05,1.1500927571899442,1.10250990090589
2002-08-06,1.1467229792161384,1.10250990090589
2002-08-07,1.156236680988918,1.10250990090589
2002-08-08,1.1649505279405414,1.10250990090589
2002-08-09,1.1784978871886862,1.10250990090589
2002-08-12,1.1835015504198898,1.10250990090589
2002-08-13,1.2060350188905995,1.10250990090589
2002-08-14,1.2104770178337523,1.10250990090589
2002-08-16,1.2224755672918401,1.10250990090589
2002-08-19,1.2212672671256468,1.10250990090589
2002-08-20,1.253808062058764,1.10250990090589
2002-08-21,1.2681382402591468,1.10250990090589
2002-08-22,1.2692104612284938,1.10250990090589
2002-08-23,1.2602923916043518,1.10250990090589
2002-08-26,1.250557327412886,1.10250990090589
2002-08-27,1.2324828937542474,1.10250990090589
2002-08-28,1.2322786710817288,1.10250990090589
2002-08-29,1.2337934091339495,1.10250990090589
2002-08-30,1.2532975053774678,1.10250990090589
2002-09-02,1.279813419839539,1.10250990090589
2002-09-03,1.2604285746784478,1.10250990090589
2002-09-04,1.2305767462259083,1.10250990090589
2002-09-05,1.227053749309089,1.10250990090589
2002-09-06,1.206205169825282,1.10250990090589
2002-09-09,1.1877563625594423,1.10250990090589
2002-09-10,1.2139829788816539,1.10250990090589
2002-09-11,1.233401999657831,1.10250990090589
2002-09-12,1.2580968420589036,1.10250990090589
2002-09-13,1.2222713446193219,1.10250990090589
2002-09-16,1.1988018382533603,1.10250990090589
2002-09-17,1.2369589644352368,1.10250990090589
2002-09-18,1.1979338399565318,1.10250990090589
2002-09-19,1.198359321170487,1.10250990090589
2002-09-23,1.1563387923251771,1.10250990090589
2002-09-24,1.144170091932407,1.10250990090589
2002-09-25,1.1197985155317807,1.10250990090589
2002-09-26,1.1273719980383843,1.10250990090589
2002-09-27,1.1296015154444197,1.10250990090589
2002-09-30,1.1001582362141666,1.10250990090589
2002-10-01,1.1098762645367142,1.10250990090589
2002-10-02,1.103017457506676,1.10250990090589
2002-10-04,1.1078168980653613,1.10250990090589
2002-10-07,1.0677876960929815,1.10250990090589
2002-10-08,1.0804500211753796,1.10250990090589
2002-10-09,1.0550912992727473,1.10250990090589
2002-10-10,0.9939921553978743,1.10250990090589
2002-10-11,0.9998978886637429,1.10250990090589
2002-10-14,1.0454414144258724,1.10250990090589
2002-10-15,1.0714808439444834,1.10250990090589
2002-10-16,1.0828496895160975,1.10250990090589
2002-10-17,1.0971628318475621,1.10250990090589
2002-10-18,1.1416341366403442,1.10250990090589
2002-10-21,1.110795266563048,1.10250990090589
2002-10-22,1.0879895358213967,1.10250990090589
2002-10-23,1.1188964454971158,1.10250990090589
2002-10-24,1.1147267088249044,1.10250990090589
2002-10-25,1.1162584827460431,1.10250990090589
2002-10-28,1.154143346656978,1.10250990090589
2002-10-29,1.1457017619762961,1.10250990090589
2002-10-30,1.119917662736958,1.10250990090589
2002-10-31,1.121432296911929,1.10250990090589
2002-11-01,1.1022516744233561,1.10250990090589
2002-11-04,1.1448507995483856,1.10250990090589
2002-11-05,1.1316098781862682,1.10250990090589
2002-11-06,1.1616658254340768,1.10250990090589
2002-11-07,1.1594703797658776,1.10250990090589
2002-11-08,1.1485439473998873,1.10250990090589
2002-11-11,1.1194921815230028,1.10250990090589
2002-11-12,1.1137906709296528,1.10250990090589
2002-11-13,1.1128035254276467,1.10250990090589
2002-11-14,1.1099103362745506,1.10250990090589
2002-11-15,1.145310352500177,1.10250990090589
2002-11-18,1.135405137374029,1.10250990090589
2002-11-19,1.1427404293475276,1.10250990090589
2002-11-20,1.1607127516699072,1.10250990090589
2002-11-21,1.1749748902718669,1.10250990090589
2002-11-22,1.1792126665425011,1.10250990090589
2002-11-25,1.2013206537992558,1.10250990090589
2002-11-26,1.1952108017381182,1.10250990090589
2002-11-27,1.2050819451264299,1.10250990090589
2002-11-28,1.2160933490825117,1.10250990090589
2002-11-29,1.2335551147235948,1.10250990090589
2002-12-02,1.2426774070202553,1.10250990090589
2002-12-03,1.2535868035173277,1.10250990090589
2002-12-04,1.2160253094840887,1.10250990090589
2002-12-05,1.23008322541353,1.10250990090589
2002-12-06,1.222135265422476,1.10250990090589
2002-12-09,1.206851909580674,1.10250990090589
2002-12-10,1.195500099877978,1.10250990090589
2002-12-11,1.1889816985945536,1.10250990090589
2002-12-12,1.2175230116673912,1.10250990090589
2002-12-13,1.2051840564626892,1.10250990090589
2002-12-16,1.1784467795819318,1.10250990090589
2002-12-17,1.198989025056961,1.10250990090589
2002-12-18,1.2070390963842743,1.10250990090589
2002-12-20,1.2074135738687246,1.10250990090589
2002-12-23,1.1766768151276878,1.10250990090589
2002-12-24,1.1535987182378453,1.10250990090589
2002-12-26,1.143506316308097,1.10250990090589
2002-12-27,1.118028447200287,1.10250990090589
2002-12-30,1.0680429224950048,1.10250990090589
2003-01-02,1.0810115815861807,1.10250990090589
2003-01-03,1.1251424806323487,1.10250990090589
2003-01-06,1.134690358020214,1.10250990090589
2003-01-07,1.1099954117418915,1.10250990090589
2003-01-08,1.1091784171745678,1.10250990090589
2003-01-09,1.072893470660444,1.10250990090589
2003-01-10,1.0694214774731294,1.10250990090589
2003-01-13,1.1029494179082524,1.10250990090589
2003-01-14,1.1063362317509762,1.10250990090589
2003-01-15,1.1033408273843712,1.10250990090589
2003-01-16,1.1040216388775994,1.10250990090589
2003-01-17,1.0832071311316287,1.10250990090589
2003-01-20,1.0798713210184099,1.10250990090589
2003-01-21,1.0770801393243237,1.10250990090589
2003-01-22,1.0594311868796402,1.10250990090589
2003-01-23,1.0640093688968886,1.10250990090589
2003-01-24,1.0372040524177082,1.10250990090589
2003-01-27,1.0093946584448532,1.10250990090589
2003-01-28,1.022107987256756,1.10250990090589
2003-01-29,0.9928178230922672,1.10250990090589
2003-01-30,1.0073012202356637,1.10250990090589
2003-02-03,1.0218526569774833,1.10250990090589
2003-02-04,1.0275882393086695,1.10250990090589
2003-02-05,1.0223122099292747,1.10250990090589
2003-02-06,1.0032847025064662,1.10250990090589
2003-02-07,0.9828275324987782,1.10250990090589
2003-02-10,0.9824361230226593,1.10250990090589
2003-02-11,0.9802746452150467,1.10250990090589
2003-02-12,0.992715711756008,1.10250990090589
2003-02-13,0.9797470526648322,1.10250990090589
2003-02-14,0.9790152374420991,1.10250990090589
2003-02-17,1.0243375046627916,1.10250990090589
2003-02-18,1.0270265750206184,1.10250990090589
2003-02-19,1.0225675402085475,1.10250990090589
2003-02-20,1.0305325360685198,1.10250990090589
2003-02-21,1.027281801422642,1.10250990090589
2003-02-24,1.0488792319981,1.10250990090589
2003-02-25,1.0079649958599735,1.10250990090589
2003-02-26,1.0045781820172497,1.10250990090589
2003-02-27,0.991303188917296,1.10250990090589
2003-02-28,0.9793386073197947,1.10250990090589
2003-03-03,1.0042037045327994,1.10250990090589
2003-03-04,0.9812958624548888,1.10250990090589
2003-03-05,0.9535204363426204,1.10250990090589
2003-03-06,0.9451299592686929,1.10250990090589
2003-03-07,0.9292850430160896,1.10250990090589
2003-03-10,0.9262555669116485,1.10250990090589
2003-03-11,0.9063260933314246,1.10250990090589
2003-03-12,0.9051006534190638,1.10250990090589
2003-03-13,0.9050496496895589,1.10250990090589
2003-03-14,0.915039940283048,1.10250990090589
2003-03-17,0.8768997460928403,1.10250990090589
2003-03-18,0.9144612401260791,1.10250990090589
2003-03-19,0.9220688982477686,1.10250990090589
2003-03-20,0.9674762409358023,1.10250990090589
2003-03-21,0.9799173074767636,1.10250990090589
2003-03-24,0.9698418375386838,1.10250990090589
2003-03-25,0.9445342232428058,1.10250990090589
2003-03-26,0.9442108533651099,1.10250990090589
2003-03-27,0.9347992629285896,1.10250990090589
2003-03-28,0.9468318841245138,1.10250990090589
2003-03-31,0.9117211660387471,1.10250990090589
2003-04-01,0.9165886461958552,1.10250990090589
2003-04-02,0.9240090136366947,1.10250990090589
2003-04-03,0.9279574917674694,1.10250990090589
2003-04-04,0.9496911054170231,1.10250990090589
2003-04-07,0.99715781457641,1.10250990090589
2003-04-08,0.9995745187860459,1.10250990090589
2003-04-09,0.9691950977832917,1.10250990090589
2003-04-10,0.9832530137127329,1.10250990090589
2003-04-11,0.9921710833368749,1.10250990090589
2003-04-14,1.0116241758508882,1.10250990090589
2003-04-15,1.0296475019027724,1.10250990090589
2003-04-16,1.057474035621795,1.10250990090589
2003-04-17,1.0428033477975487,1.10250990090589
2003-04-18,1.063311625411991,1.10250990090589
2003-04-21,1.0566060373249664,1.10250990090589
2003-04-22,1.0268053164791813,1.10250990090589
2003-04-23,1.0179042827239575,1.10250990090589
2003-04-24,1.0013274473713716,1.10250990090589
2003-04-25,0.9643616893640197,1.10250990090589
2003-04-28,0.9684293146999717,1.10250990090589
2003-04-29,1.0166618069426785,1.10250990090589
2003-04-30,1.0200486207854023,1.10250990090589
2003-05-02,1.016797990016774,1.10250990090589
2003-05-06,1.0285242772039205,1.10250990090589
2003-05-07,1.0519257439714589,1.10250990090589
2003-05-09,1.0536786725567846,1.10250990090589
2003-05-12,1.073982623621459,1.10250990090589
2003-05-13,1.0451010086792567,1.10250990090589
2003-05-14,1.038123054444041,1.10250990090589
2003-05-15,1.0540871179018219,1.10250990090589
2003-05-16,1.0395527170289205,1.10250990090589
2003-05-19,1.0149598820868575,1.10250990090589
2003-05-20,1.0246949462783232,1.10250990090589
2003-05-21,1.0221250231256735,1.10250990090589
2003-05-22,1.0132920289688727,1.10250990090589
2003-05-23,1.0407440852034449,1.10250990090589
2003-05-26,1.0511939287487257,1.10250990090589
2003-05-27,1.0454924181553757,1.10250990090589
2003-05-28,1.0694214774731285,1.10250990090589
2003-05-29,1.0763483241015899,1.10250990090589
2003-05-30,1.0780332130884929,1.10250990090589
2003-06-02,1.1040557106154352,1.10250990090589
2003-06-03,1.0840240218217025,1.10250990090589
2003-06-04,1.0896914606772163,1.10250990090589
2003-06-05,1.0932824971924588,1.10250990090589
2003-06-09,1.1068467884322724,1.10250990090589
2003-06-10,1.1058256750696795,1.10250990090589
2003-06-11,1.108446601951834,1.10250990090589
2003-06-12,1.1197814796628616,1.10250990090589
2003-06-13,1.1321884744659867,1.10250990090589
2003-06-16,1.1195602211214248,1.10250990090589
2003-06-17,1.1482205775221903,1.10250990090589
2003-06-18,1.1500757213210249,1.10250990090589
2003-06-19,1.1751620770754663,1.10250990090589
2003-06-20,1.1678948247003909,1.10250990090589
2003-06-23,1.1481015341942624,1.10250990090589
2003-06-24,1.1300951401340467,1.10250990090589
2003-06-25,1.1471484604300926,1.10250990090589
2003-06-26,1.1500757213210249,1.10250990090589
2003-06-27,1.1526797162115108,1.10250990090589
2003-06-30,1.1401705061948768,1.10250990090589
2003-07-01,1.1483737964652039,1.10250990090589
2003-07-02,1.1671800453465757,1.10250990090589
2003-07-03,1.1689330778091511,1.10250990090589
2003-07-04,1.179859406297892,1.10250990090589
2003-07-07,1.1986486193103458,1.10250990090589
2003-07-08,1.2055414980782204,1.10250990090589
2003-07-09,1.2007079857816991,1.10250990090589
2003-07-10,1.1922153973715124,1.10250990090589
2003-07-11,1.1984104287772406,1.10250990090589
2003-07-14,1.2255560471257854,1.10250990090589
2003-07-15,1.2142383091609257,1.10250990090589
2003-07-16,1.2193950874578936,1.10250990090589
2003-07-18,1.1902411063675002,1.10250990090589
2003-07-21,1.1802848875118472,1.10250990090589
2003-07-22,1.1908368423933873,1.10250990090589
2003-07-23,1.1840971825685265,1.10250990090589
2003-07-24,1.1963510623058875,1.10250990090589
2003-07-25,1.2000102422968024,1.10250990090589
2003-07-28,1.2216416407328474,1.10250990090589
2003-07-29,1.229351410190796,1.10250990090589
2003-07-30,1.2154296773354505,1.10250990090589
2003-07-31,1.2143574563661033,1.10250990090589
2003-08-01,1.2377418872647235,1.10250990090589
2003-08-04,1.2229010485057947,1.10250990090589
2003-08-05,1.2285174836318036,1.10250990090589
2003-08-06,1.2047585752487329,1.10250990090589
2003-08-07,1.2080432777551973,1.10250990090589
2003-08-08,1.1983933929083221,1.10250990090589
2003-08-11,1.1991422439999733,1.10250990090589
2003-08-12,1.1935598806118006,1.10250990090589
2003-08-13,1.2136086052744515,1.10250990090589
2003-08-14,1.2373164060507675,1.10250990090589
2003-08-18,1.2425752956839946,1.10250990090589
2003-08-19,1.2596456518489587,1.10250990090589
2003-08-20,1.254659024486673,1.10250990090589
2003-08-21,1.2838300414459844,1.10250990090589
2003-08-22,1.284476677324127,1.10250990090589
2003-08-25,1.2878975629046872,1.10250990090589
2003-08-26,1.2815494164331949,1.10250990090589
2003-08-27,1.2917268938302844,1.10250990090589
2003-08-28,1.2812260465554988,1.10250990090589
2003-08-29,1.2925608203892767,1.10250990090589
2003-09-01,1.3004577766508258,1.10250990090589
2003-09-02,1.3045254019867778,1.10250990090589
2003-09-03,1.304219067978,1.10250990090589
2003-09-04,1.3005259201264983,1.10250990090589
2003-09-05,1.296100853175014,1.10250990090589
2003-09-08,1.2938883716378966,1.10250990090589
2003-09-09,1.3061592872441756,1.10250990090589
2003-09-15,1.2825875656647054,1.10250990090589
2003-09-16,1.2996408859607516,1.10250990090589
2003-09-17,1.3046786209297916,1.10250990090589
2003-09-18,1.2903653747210775,1.10250990090589
2003-09-19,1.2734652733680452,1.10250990090589
2003-09-22,1.2166890851083974,1.10250990090589
2003-09-23,1.2234117090643402,1.10250990090589
2003-09-24,1.2333849637889112,1.10250990090589
2003-09-25,1.2143574563661026,1.10250990090589
2003-09-26,1.1869224360004484,1.10250990090589
2003-09-29,1.1846418109876586,1.10250990090589
2003-09-30,1.1871266586729672,1.10250990090589
2003-10-01,1.1986486193103454,1.10250990090589
2003-10-02,1.217284717257035,1.10250990090589
2003-10-06,1.2307129293000023,1.10250990090589
2003-10-07,1.2374525891248631,1.10250990090589
2003-10-08,1.2300832254135285,1.10250990090589
2003-10-09,1.25288895615518,1.10250990090589
2003-10-10,1.2898718539086995,1.10250990090589
2003-10-13,1.2883911875943153,1.10250990090589
2003-10-14,1.3045594737246144,1.10250990090589
2003-10-15,1.3006619993233446,1.10250990090589
2003-10-16,1.3223445053661438,1.10250990090589
2003-10-17,1.3066528080565543,1.10250990090589
2003-10-20,1.3214425392087286,1.10250990090589
2003-10-21,1.3273142007367607,1.10250990090589
2003-10-22,1.3262760515052496,1.10250990090589
2003-10-23,1.2834896356993706,1.10250990090589
2003-10-24,1.2733290902939496,1.10250990090589
2003-10-27,1.2962029645112734,1.10250990090589
2003-10-28,1.3196044312788118,1.10250990090589
2003-10-29,1.3269226873833921,1.10250990090589
2003-10-30,1.3376108253390275,1.10250990090589
2003-10-31,1.3315179052695587,1.10250990090589
2003-11-03,1.3478564462117897,1.10250990090589
2003-11-04,1.354834296569756,1.10250990090589
2003-11-05,1.370917507232714,1.10250990090589
2003-11-06,1.3445886756969938,1.10250990090589
2003-11-07,1.3684326595474054,1.10250990090589
2003-11-10,1.3556852589976662,1.10250990090589
2003-11-11,1.3407253769108096,1.10250990090589
2003-11-12,1.355259777783711,1.10250990090589
2003-11-13,1.3838520945860535,1.10250990090589
2003-11-14,1.3783719464113897,1.10250990090589
2003-11-17,1.3521281903430107,1.10250990090589
2003-11-18,1.363190701905847,1.10250990090589
2003-11-19,1.3133754320124966,1.10250990090589
2003-11-20,1.3095461010868994,1.10250990090589
2003-11-21,1.311809690230771,1.10250990090589
2003-11-24,1.2826557091403776,1.10250990090589
2003-11-25,1.3072654760741094,1.10250990090589
2003-11-26,1.332011529959186,1.10250990090589
2003-11-27,1.3303606088328699,1.10250990090589
2003-11-28,1.355038519242274,1.10250990090589
2003-12-01,1.374117134271837,1.10250990090589
2003-12-02,1.374780909896147,1.10250990090589
2003-12-03,1.3757339836603169,1.10250990090589
2003-12-04,1.3702707674773216,1.10250990090589
2003-12-05,1.3435164547276461,1.10250990090589
2003-12-08,1.3356706060728512,1.10250990090589
2003-12-09,1.3400104936797448,1.10250990090589
2003-12-10,1.3524175923601192,1.10250990090589
2003-12-11,1.3464438194958277,1.10250990090589
2003-12-12,1.3718876168658012,1.10250990090589
2003-12-15,1.399254493755783,1.10250990090589
2003-12-16,1.3799036164552785,1.10250990090589
2003-12-17,1.3616931035997937,1.10250990090589
2003-12-18,1.3743043210754373,1.10250990090589
2003-12-19,1.3806014638174249,1.10250990090589
2003-12-22,1.3692665861063975,1.10250990090589
2003-12-23,1.3647395116959036,1.10250990090589
2003-12-24,1.348860523705464,1.10250990090589
2003-12-26,1.3425633809634765,1.10250990090589
2003-12-29,1.3486733369018635,1.10250990090589
2003-12-30,1.3797675372584326,1.10250990090589
2004-01-02,1.3977228237118942,1.10250990090589
2004-01-05,1.4025562321311662,1.10250990090589
2004-01-06,1.401415971563396,1.10250990090589
2004-01-07,1.4076110029691244,1.10250990090589
2004-01-08,1.402641411475757,1.10250990090589
2004-01-09,1.438586056120516,1.10250990090589
2004-01-12,1.447980610688118,1.10250990090589
2004-01-13,1.4439640929589204,1.10250990090589
2004-01-14,1.4459893876924375,1.10250990090589
2004-01-15,1.4392497278675767,1.10250990090589
2004-01-16,1.4431472022688463,1.10250990090589
2004-01-19,1.4582091956919623,1.10250990090589
2004-01-20,1.465987004748334,1.10250990090589
2004-01-26,1.4790407393068512,1.10250990090589
2004-01-27,1.4688122581802567,1.10250990090589
2004-01-28,1.4629576325211426,1.10250990090589
2004-01-29,1.4525417568364487,1.10250990090589
2004-01-30,1.4440832401640982,1.10250990090589
2004-02-02,1.454958564923334,1.10250990090589
2004-02-03,1.4293956203481832,1.10250990090589
2004-02-04,1.4219582170384255,1.10250990090589
2004-02-05,1.4311826206713454,1.10250990090589
2004-02-06,1.447027536923949,1.10250990090589
2004-02-09,1.4717735908090257,1.10250990090589
2004-02-10,1.4752284442501726,1.10250990090589
2004-02-11,1.4914648738561442,1.10250990090589
2004-02-12,1.4942049479434762,1.10250990090589
2004-02-13,1.501404056842879,1.10250990090589
2004-02-16,1.4998723867989898,1.10250990090589
2004-02-17,1.5058630916549498,1.10250990090589
2004-02-18,1.4927582494896783,1.10250990090589
2004-02-19,1.5005020906854634,1.10250990090589
2004-02-20,1.4934220251139885,1.10250990090589
2004-02-23,1.493473132720743,1.10250990090589
2004-02-24,1.4714672568002476,1.10250990090589
2004-02-25,1.4753475914553495,1.10250990090589
2004-02-26,1.4719267058747896,1.10250990090589
2004-02-27,1.503514427043737,1.10250990090589
2004-03-02,1.53038788699859,1.10250990090589
2004-03-03,1.524601300937899,1.0983411744813312
2004-03-04,1.5443776594523588,1.1125883017954514
2004-03-05,1.5408887342733757,1.110074837995831
2004-03-08,1.5319025211735613,1.1036010616425522
2004-03-09,1.5174021920384961,1.0931548495589236
2004-03-10,1.4909202454370116,1.0740769356709234
2004-03-11,1.4805554773590721,1.0666100316764513
2004-03-12,1.4445937968453948,1.0407028030866448
2004-03-15,1.4504824942423453,1.0449450917500172
2004-03-16,1.4468573859892666,1.042333520020504
2004-03-17,1.4847252140312832,1.0696139602911106
2004-03-18,1.4854740651229343,1.0701534416538836
2004-03-19,1.503361311977973,1.0830396301327434
2004-03-22,1.4699354828791091,1.0589592595021573
2004-03-23,1.4741562232808254,1.0619999318190116
2004-03-24,1.466582636896972,1.0565438287980056
2004-03-25,1.452388641770685,1.0463183034308174
2004-03-26,1.4703779999619828,1.0592780541484905
2004-03-29,1.488622584555304,1.0724216730459852
2004-03-30,1.4865633219612004,1.0709381554241768
2004-03-31,1.4985448355503703,1.0795697823941244
2004-04-01,1.5023741664759676,1.0823284786012644
2004-04-02,1.5039739799955292,1.0834810035656242
2004-04-06,1.542267289251501,1.1110679656370241
2004-04-07,1.5486324715919115,1.1156535198033846
2004-04-08,1.560426798377481,1.124150295141245
2004-04-09,1.5409908456096355,1.1101484002346442
2004-04-12,1.563830648089123,1.1266024695475916
2004-04-13,1.5617373137571833,1.1250944062347041
2004-04-14,1.5594907604822297,1.1234759621463843
2004-04-16,1.52982622271054,1.102105271175204
2004-04-19,1.5353063708852037,1.1060532360488986
2004-04-20,1.5638987915647957,1.1266515609297498
2004-04-21,1.5827050404461676,1.1401998095579304
2004-04-22,1.572595602647501,1.132916848577704
2004-04-23,1.593103776384694,1.147691184409058
2004-04-26,1.5653283502724256,1.1276814322731383
2004-04-27,1.5580610978973501,1.1224460159685725
2004-04-28,1.5348469218106615,1.1057222433914504
2004-04-29,1.4898819923282518,1.0733289656028255
2004-04-30,1.4684888883025617,1.0579171153132298
2004-05-03,1.4740541119445667,1.0619263695801984
2004-05-04,1.4763857406868615,1.0636061030617918
2004-05-06,1.4256684007588463,1.027068719374111
2004-05-07,1.4274724369509266,1.0283683688160978
2004-05-10,1.3456779325352604,0.9694426208249641
2004-05-11,1.3462566326922292,0.9698595234011896
2004-05-12,1.390625826148752,1.0018236257680495
2004-05-13,1.3447418946400087,0.9687682878301037
2004-05-14,1.307861212099998,0.9421989990909762
2004-05-17,1.240669148155656,0.8937930254222843
2004-05-18,1.2628112071502469,0.9097444319090774
2004-05-19,1.324012462361379,0.9538345546755832
2004-05-20,1.306720847654978,0.9413774667840645
2004-05-21,1.3383256046928438,0.9641459151271244
2004-05-24,1.3609272166392261,0.9804283891057898
2004-05-25,1.3344111982999054,0.9613259295267105
2004-05-27,1.3657266571979112,0.9838859639988694
2004-05-28,1.389638680646746,1.00111247423657
2004-05-31,1.3680753218091242,0.9855779703260026
2004-06-01,1.3883792728737985,1.0002051816797295
2004-06-02,1.3690113597043758,0.986252303320863
2004-06-03,1.3105842503184117,0.9441607086822836
2004-06-04,1.3287607953133098,0.9572553110320441
2004-06-07,1.3776230953197397,0.9924563015755432
2004-06-08,1.377384800909385,0.9922846314068372
2004-06-09,1.3522304055565206,0.9741631014578358
2004-06-10,1.3314157939333005,0.9591680040756175
2004-06-11,1.2790476367562187,0.9214413517213823
2004-06-14,1.2573650268361698,0.9058209378920379
2004-06-15,1.2800176425120569,0.922140155572898
2004-06-16,1.2804261917343436,0.9224344793625758
2004-06-17,1.293616109366956,0.9319366551871692
2004-06-18,1.2623686900673732,0.9094256372627444
2004-06-21,1.2752522736912077,0.9187071263708974
2004-06-22,1.2704528331325227,0.9152495514778177
2004-06-23,1.2576033212465243,0.9059926080607439
2004-06-24,1.2987899235328417,0.9356639333444234
2004-06-25,1.325850570291295,0.9551587498086492
2004-06-28,1.3120989883706318,0.9452519442533699
2004-06-29,1.325322873863831,0.9547785909346184
2004-06-30,1.3373554950597553,0.9634470364411848
2004-07-01,1.324148645435474,0.9539326626054759
2004-07-02,1.2856680454986522,0.9262107740675645
2004-07-05,1.2878805270357694,0.9278046724648049
2004-07-06,1.290858895533456,0.9299503250703581
2004-07-07,1.296662517463065,0.9341313243404566
2004-07-08,1.2656194247132504,0.9117675057280828
2004-07-09,1.2721207901277565,0.9164511678243358
2004-07-12,1.2700954953942396,0.9149921210591825
2004-07-13,1.278060491254212,0.9207302001899029
2004-07-14,1.2535868035173263,0.9030990602215164
2004-07-15,1.247068402233902,0.8984031252797238
2004-07-16,1.2583862440760114,0.9065566351145962
2004-07-19,1.2771244533589603,0.9200558671950424
2004-07-20,1.2543186187400595,0.9036262687387501
2004-07-21,1.2820940448523277,0.9236360208746698
2004-07-22,1.2639004639885114,0.9105291456793698
2004-07-23,1.255186617036888,0.9042515851858762
2004-07-26,1.2529741354997705,0.9026576867886357
2004-07-27,1.256888541892709,0.9054776723890496
2004-07-28,1.266946872084621,0.9127238148326574
2004-07-29,1.2434432939808235,0.8957915535502106
2004-07-30,1.2514934691853865,0.9015909969086289
2004-08-02,1.2246881527062061,0.8822801234586488
2004-08-03,1.23634629641768,0.8906787908666166
2004-08-04,1.2414009633783882,0.8943202339395178
2004-08-05,1.2651258000236227,0.9114118925451311
2004-08-06,1.249127768705255,0.8998867177359561
2004-08-09,1.2630495015606007,0.9099161020777831
2004-08-10,1.274094977254519,0.9178733960528702
2004-08-11,1.281651527769454,0.9233172262283368
2004-08-12,1.3048658077333921,0.940041073639883
2004-08-13,1.3207277598549134,0.9514682153535893
2004-08-16,1.3170345081261623,0.9488075522419178
2004-08-17,1.3122351714447267,0.9453500521832621
2004-08-18,1.3159112834273103,0.94799836761497
2004-08-19,1.3420188564215938,0.9668065782387956
2004-08-20,1.3405041183693733,0.9657153426677095
2004-08-23,1.3405211542382915,0.9657276155132491
2004-08-24,1.3485031859671819,0.9714779674895091
2004-08-25,1.36829647647331,0.9857372928147448
2004-08-26,1.3789165748305225,0.9933881398234625
2004-08-27,1.3790696898962869,0.9934984457644708
2004-08-30,1.3703728788135816,0.9872331581165168
2004-08-31,1.3676157688573316,0.9852469028341299
2004-09-01,1.391085275223293,1.0021546184254975
2004-09-02,1.4020967830566244,1.0100874415439294
2004-09-03,1.3967527140788067,1.0062375097657033
2004-09-06,1.4027435228120164,1.0105533606678891
2004-09-07,1.3935360511707653,1.003920186991444
2004-09-08,1.3885153520706435,1.000303214775198
2004-09-09,1.3987780088123238,1.0076965565308569
2004-09-10,1.4233878796233048,1.025425804429136
2004-09-13,1.4498867582164578,1.0445159163282518
2004-09-14,1.4490528316574656,1.0439151455722047
2004-09-15,1.4477083484171769,1.0429465636220903
2004-09-16,1.4557924914823264,1.0487704778371636
2004-09-17,1.443419464539788,1.0398567999230777
2004-09-20,1.4583283428971399,1.050597335796384
2004-09-21,1.4588049317178493,1.050940676133796
2004-09-22,1.421277405545197,1.0239053934362847
2004-09-23,1.4120530019122772,1.017260021748724
2004-09-24,1.4161716309777341,1.0202271318267646
2004-09-30,1.4212604735535286,1.023893195425169
2004-10-01,1.4398454638934637,1.0372820467301833
2004-10-04,1.4991235357073383,1.0799866849703494
2004-10-05,1.505931235130622,1.0848910337830426
2004-10-06,1.510373234073775,1.0880911034230634
2004-10-07,1.5067651616896145,1.0854918045390898
2004-10-08,1.5000425377336717,1.0806487451196702
2004-10-11,1.4995829847818802,1.0803176776277978
2004-10-12,1.4604047452374112,1.0520932010981559
2004-10-13,1.4571540105915333,1.0497513326328174
2004-10-14,1.440900648993893,1.0380422148093968
2004-10-15,1.4329186172650026,1.032291862833137
2004-10-18,1.4436918306879793,1.0400530157828631
2004-10-19,1.4564562671066368,1.0492486698066632
2004-10-20,1.4102319298512793,1.0159480994611978
2004-10-21,1.3966506027425478,1.0061639475268902
2004-10-22,1.4094830787596282,1.0154086180984245
2004-10-25,1.3753935779137039,0.990850130332763
2004-10-26,1.3848562759569785,0.9976671721890298
2004-10-27,1.3784059142719773,0.9930202537949715
2004-10-28,1.4186224069252071,1.0219927003927114
2004-10-29,1.420834992339574,1.023586673624376
2004-11-01,1.4222304793093676,1.024591999276685
2004-11-02,1.4409686885923163,1.038091231357131
2004-11-03,1.465442376329202,1.0557223713255177
2004-11-04,1.4486784580502652,1.04364544230803
2004-11-05,1.4648126724427282,1.0552687250470973
2004-11-08,1.4400156148281464,1.0374046255167308
2004-11-09,1.436679908592177,1.0350015424925425
2004-11-10,1.4645743780323732,1.0550970548783913
2004-11-11,1.4657998179447342,1.0559798765785768
2004-11-12,1.4920264342669458,1.0748738474523314
2004-11-15,1.5016593871221524,1.0818135429295699
2004-11-16,1.4919243229306867,1.074800285213518
2004-11-17,1.5069182767553797,1.0856021104800981
2004-11-18,1.4906139114282344,1.0738562489544827
2004-11-19,1.4756199576035416,1.0630544236879027
2004-11-22,1.4466190915789126,1.0421618498517977
2004-11-23,1.4643361874992686,1.0549254595441098
2004-11-24,1.4850315480400618,1.0698346470075508
2004-11-25,1.4849124008348844,1.0697488119231977
2004-11-26,1.460455748966917,1.0521299448003507
2004-11-29,1.4728458117783736,1.0610558955599763
2004-11-30,1.4943921347470774,1.076578126625004
2004-12-01,1.4922476928083832,1.0750332447754978
2004-12-02,1.5046717234804263,1.0839836663917781
2004-12-03,1.5020337607293537,1.0820832461937442
2004-12-06,1.481951068206116,1.0676154321631837
2004-12-07,1.465476448067039,1.0557469170165967
2004-12-08,1.483635957193019,1.0688292465208176
2004-12-09,1.4658848934120763,1.0560411659718505
2004-12-10,1.437871172889453,1.0358597436672246
2004-12-13,1.4367649840595191,1.0350628318858162
2004-12-14,1.4456150140852382,1.0414385003092024
2004-12-15,1.478700437437488,1.065273638532269
2004-12-16,1.486971767306238,1.0712324043794297
2004-12-17,1.4894055073847918,1.0729857000998366
2004-12-20,1.5050291650959586,1.084241171644837
2004-12-21,1.5024933136811451,1.0824143136856166
2004-12-22,1.503446387445315,1.0831009195260168
2004-12-23,1.4923838758824788,1.0751313527053903
2004-12-24,1.4975576900483647,1.0788586308626447
2004-12-27,1.492554026817161,1.075253931491938
2004-12-28,1.4950218386335514,1.0770317729034242
2004-12-29,1.5049611254975357,1.0841921550971032
2004-12-30,1.5247884877415003,1.098476026113418
2005-01-03,1.5210273002915757,1.0957664212884364
2005-01-04,1.509437196178525,1.087416770428203
2005-01-05,1.5065268672792613,1.085320134370384
2005-01-06,1.4828531382407812,1.0682652943013895
2005-01-07,1.4821042871491301,1.0677258129386162
2005-01-10,1.4877886579963127,1.0718209022899379
2005-01-11,1.5049950933581226,1.0842166259537585
2005-01-12,1.497744980729215,1.0789935573291562
2005-01-13,1.5071224994278989,1.0857492349577251
2005-01-14,1.5404121454526674,1.1097314976584187
2005-01-17,1.5710128249968582,1.1317765964588837
2005-01-18,1.5667409769883875,1.1286991056054108
2005-01-19,1.5594227208838074,1.1234269455986503
2005-01-20,1.5476793978277428,1.1149669139629845
2005-01-21,1.5651070917309897,1.1275220349499717
2005-01-24,1.5710638287263632,1.1318133401610784
2005-01-25,1.5574313940108773,1.1219923696901521
2005-01-26,1.5776843413460466,1.1365828373416844
2005-01-27,1.574059233092968,1.1339712656121712
2005-01-28,1.568476973582045,1.129949738499663
2005-01-31,1.5873853337996762,1.143571549366657
2005-02-01,1.5720509742283693,1.1325244916925574
2005-02-02,1.568221643302772,1.1297657954854174
2005-02-03,1.5807307494421565,1.138777506494972
2005-02-04,1.5888319283762242,1.1446136935555846
2005-02-07,1.615450058051804,1.1637897153734773
2005-02-11,1.6121142479385853,1.161386557514865
2005-02-14,1.6420000442517118,1.1829166458092117
2005-02-15,1.6489609626180093,1.187931375397337
2005-02-16,1.6535221087663394,1.1912172801217107
2005-02-17,1.6552240336221604,1.1924433673248842
2005-02-18,1.6748642090625248,1.206592386709112
2005-02-21,1.6827101615945692,1.2122447055899033
2005-02-22,1.6641421032463026,1.1988680522960047
2005-02-23,1.64819507565744,1.1873796211890244
2005-02-24,1.679969983629988,1.210270648318632
2005-02-25,1.6967340057861744,1.2223476521705439
2005-02-28,1.7212586972525648,1.240015535841125
2005-03-02,1.7146552205017995,1.2352583115060585
2005-03-03,1.7205098461609136,1.2394760544783516
2005-03-04,1.723981839348228,1.2419773202668565
2005-03-07,1.7146892922396355,1.2352828571971373
2005-03-08,1.7024014446416877,1.2264305435107492
2005-03-09,1.7168847379078347,1.2368644827488382
2005-03-10,1.6996442308081883,1.2244442133939384
2005-03-11,1.7407116858893286,1.254029703593265
2005-03-14,1.7354357603871835,1.2502288631971974
2005-03-15,1.6902326403716683,1.2176639900742905
2005-03-16,1.6902326403716683,1.2176639900742905
2005-03-17,1.6679714341719,1.2016267485031447
2005-03-18,1.6674097698838493,1.2012221187724588
2005-03-21,1.6666439868005294,1.2006704393985699
2005-03-22,1.6685841021894556,1.2020681219360252
2005-03-23,1.6454379657011902,1.1853933659066374
2005-03-24,1.6276018264529062,1.1725439959643964
2005-03-25,1.6428680425485407,1.1835419622563377
2005-03-28,1.6639719523116208,1.1987454735094567
2005-03-29,1.6320778971338956,1.1757686112954961
2005-03-30,1.6261041242696042,1.1714650332388499
2005-03-31,1.6435147823039329,1.1840078813802974
2005-04-01,1.6711200574815188,1.2038950547296694
2005-04-04,1.6721411708441114,1.2046306771178037
2005-04-06,1.6815017575511269,1.2113741567352572
2005-04-07,1.6830335314722658,1.212477665151883
2005-04-08,1.688598755114271,1.2164869194188515
2005-04-11,1.677995796503226,1.2088484200900973
2005-04-12,1.670932766800669,1.2037601282631583
2005-04-13,1.6701158761105948,1.2031716303526507
2005-04-14,1.6235001293791183,1.1695890838974712
2005-04-15,1.612097212069668,1.1613742846693251
2005-04-18,1.5742804916344055,1.1341306629353372
2005-04-19,1.5869598525857218,1.1432650275658633
2005-04-20,1.595316257921813,1.149285082806298
2005-04-21,1.598345734026254,1.15146755394847
2005-04-22,1.601153847712009,1.1534905529330517
2005-04-25,1.6103102117465058,1.1600869080728782
2005-04-26,1.6073999867244915,1.157990346849483
2005-04-27,1.583062378184452,1.1404572399765651
2005-04-28,1.5619074646918671,1.1252169850212514
2005-04-29,1.550964100334208,1.1173332532849778
2005-05-02,1.5630817969974735,1.126062988184818
2005-05-03,1.5552529842115967,1.1204230169839904
2005-05-04,1.5816838232063268,1.139464112335372
2005-05-06,1.601255959048268,1.1535641151718652
2005-05-09,1.591640145939229,1.1466367673745903
2005-05-10,1.5900744041575037,1.1455087881013095
2005-05-11,1.571523381678155,1.1321444076529505
2005-05-12,1.5678302338266534,1.129483819375703
2005-05-13,1.5712000118004592,1.1319114480909707
2005-05-16,1.581156230656112,1.139084028295765
2005-05-17,1.5779566036169885,1.1367789783670452
2005-05-18,1.5834027839310656,1.1407024723840846
2005-05-19,1.6203856816845852,1.1673453981964497
2005-05-20,1.6205558326192675,1.1674679769829974
2005-05-23,1.6186156133530916,1.1660702196111181
2005-05-24,1.6195686871172614,1.1667568254515184
2005-05-25,1.6020218460088371,1.154115869380178
2005-05-26,1.60646384495199,1.1573159390201986
2005-05-27,1.6353965675009465,1.1781594214741453
2005-05-30,1.649233224888951,1.1881275164226983
2005-05-31,1.651224551761881,1.1895620923311963
2005-06-01,1.6500331835873565,1.1887038163220902
2005-06-02,1.6523648123296513,1.1903835498036837
2005-06-03,1.6612318782242885,1.1967714910726095
2005-06-07,1.6523648123296515,1.1903835498036837
2005-06-08,1.6614530328884756,1.1969308135613517
2005-06-09,1.6807869781973115,1.2108592210635631
2005-06-10,1.686250090503057,1.2147949130917182
2005-06-13,1.6857395338217607,1.2144271018976511
2005-06-14,1.6742685769138872,1.2061632861217706
2005-06-15,1.705226594196361,1.2284658153408707
2005-06-16,1.7072689247987962,1.2299371349515638
2005-06-17,1.7081879268251299,1.2305991951008848
2005-06-20,1.6928195993932362,1.21952766657013
2005-06-21,1.6848885713938508,1.2138140582960648
2005-06-22,1.7055840358118937,1.22872332059393
2005-06-23,1.7203056234883953,1.2393289300007249
2005-06-24,1.7060605207553539,1.229066586096918
2005-06-27,1.6867947189221904,1.215187269976865
2005-06-28,1.6929727144590005,1.2196379725111384
2005-06-29,1.7003591140392535,1.2249592239000573
2005-06-30,1.7158125169384884,1.236092041824086
2005-07-01,1.7325935749635926,1.2481813185215371
2005-07-04,1.7388736818366617,1.2527055832946237
2005-07-05,1.733938058203881,1.2491499004716515
2005-07-06,1.7342784639504951,1.249395132879171
2005-07-07,1.7475703890421175,1.2589707961081538
2005-07-08,1.739282127181699,1.2529998322498777
2005-07-11,1.7707337691538,1.2756579746519292
2005-07-12,1.7766053268045827,1.279887915635338
2005-07-13,1.787293464760218,1.28758777919179
2005-07-14,1.807325153553951,1.302018849520156
2005-07-15,1.8033595356770087,1.2991619705486994
2005-07-18,1.8081761159818612,1.3026318931217427
2005-07-19,1.8303861106976254,1.3186322413218459
2005-07-20,1.8285481066449585,1.317308121023204
2005-07-21,1.8289735878589137,1.3176146428239974
2005-07-22,1.8282416687589311,1.3170873594723398
2005-07-25,1.8545874322863198,1.3360671654304472
2005-07-26,1.8561192062074583,1.3371706738470728
2005-07-27,1.8602549750190827,1.340150131605077
2005-07-28,1.8801503768614702,1.3544830191691262
2005-07-29,1.8913321395067333,1.3625384959085298
2005-08-01,1.899314067358374,1.3682887730503657
2005-08-02,1.904164511646564,1.3717830916456402
2005-08-03,1.9012372507556317,1.3696742575767056
2005-08-04,1.8915022904414154,1.3626610746950776
2005-08-05,1.8540088360065994,1.3356503376886455
2005-08-08,1.849379650259846,1.3323154164165376
2005-08-09,1.8717259319269555,1.3484139473809573
2005-08-10,1.8803886712718245,1.3546546893378322
2005-08-11,1.9125721284666588,1.3778400402571174
2005-08-12,1.9235494606849044,1.385748242850046
2005-08-16,1.9009310206241028,1.369453645694689
2005-08-17,1.894667845742702,1.3649415789327182
2005-08-18,1.8597102427226995,1.3397576998855065
2005-08-19,1.8548938701723459,1.3362879269813113
2005-08-22,1.9005055394101475,1.369147123893896
2005-08-23,1.8990757729480188,1.3681171028816599
2005-08-24,1.862263130006431,1.3415968306902666
2005-08-25,1.8675051915252388,1.3453732750641032
2005-08-26,1.8492265351940813,1.3322051104755295
2005-08-29,1.8094184878858888,1.3035269128330433
2005-08-30,1.8255015946715973,1.3151133770354921
2005-08-31,1.8437461792649184,1.3282569959329866
2005-09-01,1.8829585944244733,1.3565060929881316
2005-09-02,1.8990587370791001,1.36810483003612
2005-09-05,1.8967952518124778,1.3664741879366848
2005-09-06,1.9106659809383186,1.3764668285763173
2005-09-07,1.9452830743344578,1.4014054003815857
2005-09-08,1.9491464769978912,1.4041886422798049
2005-09-09,1.9614683963336752,1.413065501657272
2005-09-12,1.9714416510582464,1.420250354707606
2005-09-13,1.9710332057132092,1.4199561057523522
2005-09-14,1.9925625966902443,1.4354661388062646
2005-09-15,1.990554233948396,1.4340192900522268
2005-09-16,1.998281039275263,1.4395857738486653
2005-09-20,2.026873459954855,1.4601840987295165
2005-09-21,2.0366424920069073,1.4672218273022235
2005-09-22,2.0422587193784167,1.4712678252713867
2005-09-23,2.0012594077729493,1.4417314264542185
2005-09-26,2.0532192234822433,1.479163904687624
2005-09-27,2.0586993716569073,1.4831118695613186
2005-09-28,2.0909337287039973,1.5063338893483746
2005-09-29,2.0954438711228227,1.5095830503705536
2005-09-30,2.07806728482633,1.497064747920185
2005-10-04,2.1151182221782725,1.5237566902802844
2005-10-05,2.088942609585566,1.5048994631087245
2005-10-06,2.0465476032558056,1.474357588970399
2005-10-07,2.0440287877099106,1.4725430038567182
2005-10-10,2.0885682359783653,1.5046297598445497
2005-10-11,2.117654073593086,1.5255835482395048
2005-10-12,2.071344764747637,1.4922217633351897
2005-10-13,2.0311451002088265,1.4632614399141413
2005-10-14,2.025579980444071,1.4592522604815967
2005-10-17,2.002076298463024,1.4423199243647258
2005-10-18,2.018857252610879,1.4544091262277532
2005-10-19,1.9625406173030226,1.4138379425820249
2005-10-20,1.9780280919400939,1.4249953061971328
2005-10-21,2.0141939951262895,1.4510496592645663
2005-10-24,2.016100142654629,1.4524228709453664
2005-10-25,2.010449843545283,1.448352327285124
2005-10-26,2.0065694050129315,1.4455568125413651
2005-10-27,1.9850570499048146,1.4300590523329924
2005-10-28,1.941419671671025,1.3986221584833662
2005-10-31,1.9710161698442918,1.4199438329068126
2005-11-01,2.023503474226551,1.457756320345401
2005-11-02,2.0565719655871324,1.481579260557352
2005-11-03,2.072893366783196,1.493337394928507
2005-11-04,2.0797181020753976,1.4982540165867397
2005-11-07,2.073744329211106,1.4939504385300935
2005-11-08,2.087768173402711,1.5040533851107338
2005-11-09,2.0892658755860136,1.5051323478362804
2005-11-10,2.1009071911830683,1.5135188920675564
2005-11-11,2.1378218415836656,1.540112651663339
2005-11-14,2.1403917647363153,1.5419640553136387
2005-11-15,2.13397547478915,1.5373416826106594
2005-11-16,2.1566111584733685,1.5536487022804037
2005-11-17,2.160338274185457,1.5563337614143062
2005-11-18,2.1652738978182375,1.5598894442372786
2005-11-21,2.1594023401674547,1.5556595032538698
2005-11-22,2.1180454830692055,1.5258655243492185
2005-11-23,2.1819017369003286,1.5718683401592979
2005-11-24,2.1983932890310744,1.5837490533170007
2005-11-25,2.200963212183724,1.5856004569673003
2005-11-28,2.201848246349471,1.5862380462599663
2005-11-29,2.177408630350422,1.568631451982659
2005-11-30,2.208145285214209,1.5907745090441683
2005-12-01,2.22267978996436,1.6012453416533
2005-12-02,2.2297257837979987,1.606321360634699
2005-12-05,2.238286515683858,1.6124886151871844
2005-12-06,2.2483449497530197,1.6197348324652163
2005-12-07,2.2546249527488396,1.6242590224038789
2005-12-08,2.2536888109763384,1.6235846145745942
2005-12-09,2.2421499183472915,1.6152718570854034
2005-12-12,2.2690572422854816,1.6346562179397728
2005-12-13,2.2745884980668998,1.638641001350086
2005-12-14,2.270827310616975,1.6359313965251043
2005-12-15,2.2766309325465843,1.6401123957952028
2005-12-16,2.2483108780151833,1.6197102867741369
2005-12-19,2.2795581934375164,1.6422212298641374
2005-12-20,2.28228123165593,1.6441829394554452
2005-12-21,2.304678620929794,1.6603182889564838
2005-12-22,2.299079221672703,1.6562844141640123
2005-12-23,2.3138179490953723,1.6669023712507707
2005-12-26,2.3275012836631137,1.6767600105894678
2005-12-27,2.337678968814702,1.6840921377862765
2005-12-28,2.3285055689112872,1.6774835098009104
2005-12-29,2.3475840800636005,1.691227899454452
2006-01-02,2.364433177687128,1.7033661926996377
2006-01-03,2.373963915328826,1.710232251103639
2006-01-04,2.38628583466461,1.719109110481106
2006-01-05,2.375053172167091,1.7110169648739317
2006-01-06,2.404445447667839,1.7321915148197509
2006-01-09,2.3968717574067364,1.7267353369643206
2006-01-10,2.376380723415711,1.7119733488129303
2006-01-11,2.3726363640802055,1.7092758671646402
2006-01-12,2.3870856894857657,1.7196853355460742
2006-01-13,2.4104021846632127,1.7364828200308577
2006-01-16,2.4197798072391463,1.7432385724938506
2006-01-17,2.3649606663600933,1.7037462019048208
2006-01-18,2.3025512148600176,1.6587856799525174
2006-01-19,2.3157070607547943,1.6682633100860318
2006-01-20,2.2546760603555938,1.6242958409404977
2006-01-23,2.20812845709979,1.5907623858674764
2006-01-24,2.2581648816573274,1.626809229905694
2006-01-25,2.284987234005426,1.6461323762012137
2006-01-26,2.302278848711827,1.6585894640927323
2006-01-27,2.3564171780976517,1.6975913698667233
2006-01-31,2.382405396132259,1.7163135957373479
2006-02-01,2.3417974940029103,1.6870591730298938
2006-02-02,2.339193499112424,1.6851832236885151
2006-02-03,2.269516795237273,1.6349872854316456
2006-02-06,2.2833704884941954,1.6449676532257385
2006-02-07,2.267440496774251,1.6334914949642978
2006-02-08,2.231206450112383,1.6073880505147062
2006-02-09,2.249366063115613,1.6204704548533513
2006-02-10,2.2724610919971244,1.6371083923461205
2006-02-13,2.247885396801229,1.6194037649733446
2006-02-14,2.260513546268541,1.6285012362328282
2006-02-15,2.2190376458423637,1.5986214970782477
2006-02-16,2.236873785090648,1.6114708670204887
2006-02-17,2.268206279857572,1.6340431743381874
2006-02-20,2.2946201868606333,1.6530720716784533
2006-02-21,2.2916247824940283,1.6509141462273604
2006-02-22,2.2815663484248665,1.6436679289493286
2006-02-23,2.3167111382484697,1.6689866596286276
2006-02-24,2.3245229151654283,1.6746143579839157
2006-02-27,2.339942454081326,1.6857227798857133
2006-02-28,2.3343430548242354,1.6816889050932415
2006-03-02,2.327722542204552,1.6769194079126355
2006-03-03,2.261772954041489,1.6294085287896687
2006-03-06,2.288680485734178,1.648793039312886
2006-03-07,2.240873474705426,1.6143522916830244
2006-03-08,2.236414439893355,1.611139949197464
2006-03-09,2.231580823719584,1.6076577537788812
2006-03-10,2.2466598530116184,1.6185208684387353
2006-03-13,2.2776520459091776,1.6408480181833383
2006-03-14,2.257263019377162,1.6261595174363372
2006-03-15,2.2703336859273477,1.6355757833421536
2006-03-16,2.2737375356389893,1.6380279577485002
2006-03-17,2.282485454328449,1.6443300639330727
2006-03-20,2.291965084363392,1.651159303800455
2006-03-21,2.2748779000840087,1.6388494900554114
2006-03-22,2.2292321591083706,1.6059657474517475
2006-03-23,2.2333679279199954,1.608945205209752
2006-03-24,2.2486341440156297,1.6199431715016932
2006-03-27,2.264138654521619,1.6311128079623407
2006-03-28,2.265789679525185,1.6323022262977434
2006-03-29,2.2681892439886533,1.6340309014926473
2006-03-30,2.2774137514988224,1.640676348014632
2006-03-31,2.313936992423301,1.6669881315007005
2006-04-03,2.348230819818993,1.6916938185784127
2006-04-04,2.3582551821503186,1.6989154901653654
2006-04-05,2.3635822152592185,1.7027531490980519
2006-04-06,2.3775890235819053,1.7128438228331528
2006-04-07,2.3867113158785656,1.7194156322819
2006-04-10,2.379784573127354,1.7144255232192778
2006-04-11,2.3590039293647203,1.6994548966937146
2006-04-12,2.354766153094086,1.696401951531321
2006-04-13,2.392429758463584,1.7235352673243007
2006-04-14,2.43838172957075,1.756639621809981
2006-04-17,2.421209365946776,1.7442684438372393
2006-04-18,2.428646769256534,1.7496264389283531
2006-04-19,2.4470955765223734,1.7629171823034746
2006-04-20,2.4408155735265535,1.758392992364812
2006-04-21,2.4700206622237015,1.779432690678544
2006-04-24,2.4353522534663092,1.754457150667809
2006-04-25,2.435709798959091,1.7547147307552922
2006-04-26,2.4698673394034385,1.779322235068688
2006-04-27,2.4720969606867236,1.780928481145892
2006-04-28,2.416273742313996,1.7407127610142672
2006-05-02,2.4420920171684197,1.759312557767192
2006-05-03,2.4425515701202114,1.7596436252590646
2006-05-04,2.452507788975864,1.7668162054638588
2006-05-08,2.4715863001281777,1.7805605951174006
2006-05-09,2.4685397881548186,1.7783658511296891
2006-05-10,2.4696460808620015,1.7791628377455213
2006-05-11,2.492809253219185,1.7958498666204488
2006-05-12,2.459621718530676,1.7719411661585687
2006-05-15,2.4064876743930252,1.7336627595960206
2006-05-16,2.3522473375481905,1.6945873664176403
2006-05-17,2.3851965778263446,1.7183243967108144
2006-05-18,2.3233827584749065,1.673792975345852
2006-05-19,2.335534526876008,1.6825472559367716
2006-05-22,2.278179534582142,1.6412280273885211
2006-05-23,2.2633217638315446,1.6305243100518336
2006-05-24,2.269312572564754,1.6348401609540195
2006-05-25,2.2052861677989486,1.5887147663573924
2006-05-26,2.2506765784953133,1.6214145659468104
2006-05-29,2.2622325069932785,1.6297395962815409
2006-05-30,2.242626299413501,1.6156150477539684
2006-06-01,2.2041458033539287,1.587893234050481
2006-06-02,2.2278877797453305,1.6049972403360577
2006-06-05,2.2152594225235194,1.5958996194077264
2006-06-07,2.156066426176986,1.5532562705608342
2006-06-08,2.0816753572104907,1.4996640468041589
2006-06-09,2.102983489646089,1.5150146825349047
2006-06-12,2.110114455069819,1.5201519160751538
2006-06-13,2.0488792319981,1.4760373224519927
2006-06-14,2.079292620861441,1.4979474947859461
2006-06-15,2.075327210738998,1.4950907654833376
2006-06-16,2.148152434046518,1.547554935132308
2006-06-19,2.1302483590770604,1.5346566234767567
2006-06-20,2.0862704712194073,1.502974422385187
2006-06-21,2.088585064092784,1.5046418830212411
2006-06-22,2.1083954943450802,1.5189135560264406
2006-06-23,2.091018908048588,1.5063952535760723
2006-06-26,2.107068150850959,1.5179573217562898
2006-06-27,2.1232194011123404,1.5295928773408969
2006-06-28,2.108191271672562,1.5187664315488136
2006-06-29,2.1495651646397294,1.5485726832990043
2006-06-30,2.204248018567437,1.5879668711237176
2006-07-03,2.2033289126638542,1.5873047361399726
2006-07-04,2.1885392853889294,1.5766501101854433
2006-07-05,2.1782084851715764,1.5692076770476262
2006-07-06,2.151164874282041,1.5497251334289401
2006-07-07,2.1681332229879953,1.561949336592903
2006-07-10,2.2112940124010754,1.5930428901051172
2006-07-11,2.2132510597816704,1.5944527706536882
2006-07-12,2.2068688415723416,1.5898549436417881
2006-07-13,2.1870075114677903,1.575546601768818
2006-07-14,2.1361369525967615,1.538898837305705
2006-07-18,2.099188230458328,1.5122805320188435
2006-07-19,2.0995796399344466,1.5125625081285576
2006-07-20,2.167061002018648,1.56117689566815
2006-07-21,2.163708052159261,1.5587613901295738
2006-07-24,2.1501267250505296,1.5489772381952662
2006-07-25,2.1780724059747296,1.569109643952158
2006-07-26,2.1768979697918738,1.5682635659541673
2006-07-27,2.2061541660957755,1.5893400828045179
2006-07-28,2.207515581327733,1.5903208627657477
2006-07-31,2.2087920249695987,1.5912404281681278
2006-08-01,2.190989957459151,1.5784156039169661
2006-08-02,2.204179875091764,1.5879177797415593
2006-08-03,2.198972093065291,1.58416603072765
2006-08-04,2.2201780102873805,1.5994430293851585
2006-08-07,2.1947002450568203,1.581088539874177
2006-08-08,2.231393636915981,1.6075229021467932
2006-08-09,2.2379121420766546,1.61221891192301
2006-08-10,2.219837708418016,1.599197871812063
2006-08-11,2.199057064655382,1.5842272452864998
2006-08-14,2.2041798750917634,1.5879177797415596
2006-08-16,2.2390693346360933,1.6130525674066127
2006-08-17,2.259781834923054,1.6279741025500176
2006-08-18,2.2654321340324004,1.63204464621026
2006-08-21,2.249383098984528,1.6204827276988902
2006-08-22,2.2720015390453296,1.6367773248542472
2006-08-23,2.254965254618202,1.6245041799769744
2006-08-24,2.2392735573086124,1.6131996918842397
2006-08-25,2.262453765534714,1.6298989936047066
2006-08-28,2.259969021726655,1.6281089541821048
2006-08-29,2.288425155454902,1.6486090962986393
2006-08-30,2.2828768638045656,1.6446120400427864
2006-08-31,2.3022618128429064,1.6585771912471925
2006-09-01,2.3089504689382623,1.6633957798099568
2006-09-04,2.3130180942742142,1.6663261461858028
2006-09-05,2.3167281741173844,1.6689989324741656
2006-09-06,2.3095290652179816,1.663812607551758
2006-09-07,2.299589882231247,1.6566523001925033
2006-09-08,2.3059209928338213,1.6612133086677847
2006-09-11,2.2705038368620274,1.6356983621287005
2006-09-12,2.260224352005928,1.6282928971963502
2006-09-13,2.268887091350797,1.634533639153225
2006-09-14,2.31249039784675,1.665945987311772
2006-09-15,2.3164898797070297,1.6688272623054596
2006-09-18,2.338955412456566,1.6850117031886567
2006-09-19,2.3383595725534296,1.6845824529324676
2006-09-20,2.325578100265854,1.6753745260631279
2006-09-21,2.3261739401689905,1.675803776319317
2006-09-22,2.2948414454020667,1.6532314690016183
2006-09-25,2.3064655173757043,1.661605590718507
2006-09-26,2.2873358986166363,1.6478243825283465
2006-09-27,2.314668911523281,1.6675154148523574
2006-09-28,2.3340708964305397,1.681492838902303
2006-09-29,2.3340368246927032,1.681468293211224
2006-10-02,2.338819125505221,1.6849135204243402
2006-10-04,2.301002405069959,1.6576698986903522
2006-10-09,2.245519696321095,1.617699485800671
2006-10-10,2.2607859124167295,1.6286974520926125
2006-10-11,2.2558843605217853,1.6251663149607194
2006-10-12,2.266589534346339,1.632878451362711
2006-10-13,2.295215819009268,1.6535011722657935
2006-10-16,2.3090354405283544,1.663456994368807
2006-10-17,2.2998111407726842,1.6568116975156701
2006-10-18,2.3048487718644743,1.6604408677430318
2006-10-19,2.3045084699951097,1.6601957101699363
2006-10-20,2.321833948684848,1.6726771940836862
2006-10-23,2.323042248851041,1.6735476681039079
2006-10-24,2.3256803154793633,1.6754481631363656
2006-10-25,2.3340708964305406,1.6814928389023034
2006-10-26,2.3378491197493836,1.6842147165728247
2006-10-27,2.3300882426846803,1.6786236870853073
2006-10-30,2.307997291296844,1.662709099135133
2006-10-31,2.3223616451123124,1.673057352957717
2006-11-01,2.3390403840466583,1.6850729177475068
2006-11-02,2.355004447504439,1.6965736217000267
2006-11-03,2.355259777783712,1.6967575647142723
2006-11-06,2.347277642177572,1.6910071379035883
2006-11-07,2.3613185222380952,1.7011223573297685
2006-11-08,2.3487753443608748,1.692086100629135
2006-11-09,2.381741620507947,1.7158354037678485
2006-11-10,2.375427545774291,1.7112866681381067
2006-11-13,2.3770613271544394,1.712463663959122
2006-11-14,2.395237976026587,1.7255583411433064
2006-11-15,2.404037002322801,1.7318972658644978
2006-11-16,2.4009904903494417,1.729702521876786
2006-11-17,2.403492270026419,1.7315048341449275
2006-11-20,2.3864559855992913,1.7192316892676547
2006-11-21,2.3927361963496105,1.7237560288751654
2006-11-22,2.4210562508810116,1.7441581378962316
2006-11-23,2.4154227798860846,1.7400997174126809
2006-11-24,2.419677592025637,1.7431649354206145
2006-11-27,2.425464178086328,1.7473336618451736
2006-11-28,2.402215826384554,1.7305852687425483
2006-11-29,2.42107328674993,1.7441704107417717
2006-11-30,2.437513731273921,1.7560143053628556
2006-12-01,2.441172911264836,1.758650422783448
2006-12-04,2.4277276633529503,1.7489643039446092
2006-12-05,2.417737372759461,1.7417671780487356
2006-12-06,2.406062193179069,1.7333562377952283
2006-12-07,2.4002247072661227,1.7291508425028985
2006-12-08,2.36640746869114,1.704788495762598
2006-12-11,2.3669179214951868,1.7051562321222413
2006-12-12,2.343516454727648,1.6882975330786079
2006-12-13,2.3542386644211195,1.696021942326139
2006-12-14,2.413976185309536,1.7390575732237534
2006-12-15,2.4199158864359913,1.7433366055893205
2006-12-18,2.439249727867578,1.757264938257108
2006-12-19,2.429940248767317,1.7505582771762733
2006-12-20,2.4546522309145575,1.768361087313366
2006-12-21,2.444763947780078,1.7612374488218818
2006-12-22,2.4464999443737354,1.7624880817161344
2006-12-26,2.4404241640504343,1.7581110162550988
2006-12-27,2.425413070479574,1.7472968433085552
2006-12-28,2.4413430621995182,1.7587730015699958
2007-01-02,2.442704685185974,1.7597539312000736
2007-01-03,2.398607754000393,1.727985969858575
2007-01-04,2.3780826482715316,1.7131994360161056
2007-01-05,2.358459404822836,1.6990626146429935
2007-01-08,2.3330157113301118,1.6807326708230912
2007-01-09,2.339023348177741,1.6850606449019687
2007-01-10,2.307452766754961,1.662316817084412
2007-01-11,2.3236551246230963,1.673989191205638
2007-01-12,2.362901403765988,1.702262684283014
2007-01-15,2.3673093309713047,1.7054382082319552
2007-01-16,2.3651819249015285,1.7039055992279886
2007-01-17,2.3477712668671997,1.691362751086541
2007-01-18,2.3541194133386925,1.695936032407362
2007-01-19,2.3155709815579466,1.6681652769905642
2007-01-22,2.3204214258461366,1.6716595955858387
2007-01-23,2.3198766935497543,1.6712671638662682
2007-01-24,2.3538642908139185,1.6957522390619642
2007-01-25,2.3526728187621444,1.694893888218434
2007-01-26,2.3339005377413593,1.6813701104469085
2007-01-29,2.3198937294186726,1.6712794367118078
2007-01-30,2.3328623885098487,1.6806222152132348
2007-01-31,2.3150092133926465,1.6677605724254543
2007-02-01,2.3535919246657278,1.6955560232021791
2007-02-02,2.405058115685394,1.732632888252633
2007-02-05,2.4132442662095537,1.7385302898720958
2007-02-06,2.4313357357371106,1.7515636028285821
2007-02-07,2.42743846909034,1.748755964908132
2007-02-08,2.4228261114580056,1.7454331668127154
2007-02-09,2.429804169570471,1.7504602440808046
2007-02-12,2.407015370820488,1.7340429184700519
2007-02-13,2.414078192768546,1.739131060628143
2007-02-14,2.444134243893604,1.7607838025434615
2007-02-15,2.456949787919016,1.7700162751038804
2007-02-16,2.4657658500841486,1.7763674726706116
2007-02-20,2.4728286720322066,1.7814556148287026
2007-02-21,2.470139705551629,1.779518450928474
2007-02-22,2.4940177611398773,1.7967204903095195
2007-02-23,2.5016253153843175,1.8022010641871808
2007-02-26,2.5018806456635905,1.8023850072014265
2007-02-27,2.4756198537262932,1.7834664158021687
2007-02-28,2.412206116978044,1.7377823946384223
2007-03-05,2.3421039318889374,1.6872799345807594
2007-03-06,2.3876815293889027,1.7201145858022648
2007-03-07,2.4013307922188076,1.7299476794498825
2007-03-08,2.42335380788547,1.7458133256867463
2007-03-09,2.422826111458006,1.7454331668127154
2007-03-12,2.4530352776488282,1.767196214669042
2007-03-13,2.4440492723035128,1.7607225879846113
2007-03-14,2.395237976026588,1.7255583411433069
2007-03-15,2.4285277259286056,1.7495406786784242
2007-03-16,2.4301444714398355,1.7507054016538994
2007-03-19,2.456541342573979,1.769722026148626
2007-03-20,2.4578688938225994,1.7706784100876247
2007-03-21,2.455622236670396,1.769059891164881
2007-03-22,2.4652892612634387,1.7760241323331987
2007-03-23,2.463332006128345,1.7746141021157797
2007-03-26,2.4673996314642967,1.777544468491626
2007-03-27,2.473288224983998,1.7817866823205744
2007-03-28,2.4503292752993326,1.765246777923274
2007-03-29,2.4694077864516464,1.7789911675768157
2007-03-30,2.472131032424559,1.7809530268369715
2007-04-02,2.4840104346774696,1.7895110915681058
2007-04-03,2.491192507707954,1.7946851436449738
2007-04-04,2.5246524085446542,1.818790059966639
2007-04-05,2.5223207798023597,1.8171103264850454
2007-04-06,2.525911816317602,1.8196973525234796
2007-04-09,2.5546914238007945,1.8404305290364182
2007-04-10,2.551457725023835,1.8381009334166194
2007-04-11,2.5757271900882017,1.855584948907379
2007-04-12,2.5964735543585,1.870530880073015
2007-04-13,2.5882533320965044,1.8646089327624729
2007-04-16,2.6074170225934084,1.8784146866437124
2007-04-17,2.601664508270553,1.8742705059102325
2007-04-18,2.6117397704541343,1.881528846364956
2007-04-19,2.5761356354332388,1.8558791978626323
2007-04-20,2.609186883170403,1.879689715560196
2007-04-23,2.628367609536225,1.8935077422869753
2007-04-24,2.6494033758236326,1.908662162157936
2007-04-25,2.6304100440159095,1.894979136732092
2007-04-26,2.6433105596314133,1.9042728238513609
2007-04-27,2.6252531618416928,1.8912640565859535
2007-04-30,2.624776573020983,1.8909207162485415
2007-05-02,2.6435999616485226,1.9044813125566857
2007-05-03,2.6547644806703685,1.9125243667817016
2007-05-04,2.668175656844418,1.9221859399294616
2007-05-07,2.696631790572665,1.9426860820459964
2007-05-08,2.6935514146159685,1.9404669420360536
2007-05-09,2.71188117855388,1.9536719251612462
2007-05-10,2.722535244771679,1.961347243026619
2007-05-11,2.7291387215224443,1.9661044673616852
2007-05-14,2.7328999089723687,1.9688140721866667
2007-05-15,2.704988299786005,1.9487062121208545
2007-05-16,2.724100882676155,1.9624751474654754
2007-05-17,2.7495956837756332,1.9808419098219963
2007-05-18,2.743928348797369,1.9767590933162145
2007-05-21,2.7710739671459144,1.99631512433929
2007-05-22,2.7960583154413463,2.014314150336168
2007-05-23,2.8023723901750026,2.01886288596591
2007-05-25,2.7989176406111054,2.0163740426917927
2007-05-28,2.8216382958854154,2.032742276920387
2007-05-29,2.828258808505099,2.037511774100993
2007-05-30,2.829824446409575,2.0386396785398495
2007-05-31,2.8948210646857175,2.0854640266568403
2007-06-01,2.920911497933833,2.104259889600702
2007-06-04,2.957247552054711,2.130436821454683
2007-06-05,2.965076364840588,2.1360767926555106
2007-06-07,2.9835424157298447,2.14937995854502
2007-06-08,2.9397008148235364,2.117795940217767
2007-06-11,2.921456230230215,2.104652321320272
2007-06-12,2.9441257778977707,2.120983737012248
2007-06-13,2.9306975658548033,2.1113098910189487
2007-06-14,3.011011507833335,2.1691690239644994
2007-06-15,3.0162533615976437,2.172945318669488
2007-06-18,3.075173991795986,2.2153924516565953
2007-06-19,3.076824809045053,2.21658172032315
2007-06-20,3.0358766050463397,2.187082140042601
2007-06-21,3.0536616366878695,2.199894691448223
2007-06-22,3.0140748479211137,2.1713758911289034
2007-06-25,2.9915243435814856,2.1551302356868565
2007-06-26,2.9776027146033894,2.1451009261794534
2007-06-27,2.949605926072435,2.1249317018859433
2007-06-28,2.9813468661843965,2.147798258158896
2007-06-29,2.9674761370585556,2.1378056175192635
2007-07-02,3.014704551807588,2.1718295374073238
2007-07-03,3.0728253271847747,2.213700445329463
2007-07-04,3.128835732361103,2.254051017093175
2007-07-05,3.1447997958188836,2.2655517210456946
2007-07-06,3.167299192551757,2.2817605579511224
2007-07-09,3.205728581004575,2.309445553117991
2007-07-10,3.224347746959596,2.3228590249485084
2007-07-11,3.2165698340259743,2.3172557226154513
2007-07-12,3.250250993404111,2.341520036260283
2007-07-13,3.3407594486486496,2.406723419579334
2007-07-16,3.3179195422919125,2.390269275431962
2007-07-18,3.28590623603176,2.3672065032992244
2007-07-19,3.29816021964637,2.3760344209633812
2007-07-20,3.375836094996579,2.431993058876474
2007-07-23,3.3920214169957963,2.4436531601521603
2007-07-24,3.390676829878258,2.442684503367622
2007-07-25,3.4110317846724376,2.457348458423544
2007-07-26,3.3417975978801597,2.407471314813008
2007-07-27,3.2050988771180995,2.3089919068395703
2007-07-30,3.245077075360974,2.3377926832686042
2007-07-31,3.2902802992537388,2.3703576312259353
2007-08-01,3.159538315487052,2.2761695284636048
2007-08-02,3.1537858011641973,2.272025347730125
2007-08-03,3.194172652506608,2.3011205227832603
2007-08-06,3.1571557868925018,2.27445312611424
2007-08-07,3.1652737939409885,2.280301436351545
2007-08-08,3.239460847989464,2.3337466852994413
2007-08-09,3.2484300252203604,2.34020818880718
2007-08-10,3.111952562999737,2.241888178156909
2007-08-13,3.147301575495859,2.2673540333138353
2007-08-14,3.093912201078935,2.2288916837370416
2007-08-16,2.879622784311256,2.074515002078209
2007-08-17,2.7878719571626873,2.074515002078209
2007-08-20,2.9464914783779017,2.074515002078209
2007-08-21,2.9548479875912426,2.074515002078209
2007-08-22,2.9945367838170083,2.074515002078209
2007-08-23,3.062988151657048,2.074515002078209
2007-08-24,3.04870897718617,2.074515002078209
2007-08-27,3.068621622651975,2.074515002078209
2007-08-28,3.1133482577240303,2.074515002078209
2007-08-29,3.10803805272955,2.074515002078209
2007-08-30,3.1344349238636937,2.074515002078209
2007-08-31,3.188113700297727,2.074515002078209
2007-09-03,3.202699312654632,2.074515002078209
2007-09-04,3.190666587581458,2.066720930189677
2007-09-05,3.1750939335997965,2.0566339063534143
2007-09-06,3.214612786645379,2.0822318303246257
2007-09-07,3.207958202287859,2.0779213928671587
2007-09-10,3.1245127767458767,2.023870490724192
2007-09-11,3.1440678767188994,2.036537102323003
2007-09-12,3.0864747977691773,1.9992317874515793
2007-09-13,3.145191205295001,2.037264726666062
2007-09-14,3.1826335521230624,2.061517615440515
2007-09-17,3.1854588055549846,2.063347643818776
2007-09-18,3.1291760342304653,2.026891067014982
2007-09-19,3.2381673684786803,2.097489064492001
2007-09-20,3.248923442155489,2.1044561987833257
2007-09-21,3.2664363154033267,2.115799979368216
2007-09-27,3.3107204333925084,2.144484553895511
2007-09-28,3.312762660117694,2.145807384909432
2007-10-01,3.340316931565775,2.163655376216177
2007-10-02,3.42782977468921,2.220340905580969
2007-10-04,3.409976599572008,2.20877669801736
2007-10-05,3.397093119825423,2.200431558682032
2007-10-08,3.425668296881598,2.218940830924933
2007-10-09,3.427897918164883,2.2203850448050346
2007-10-10,3.473832853403131,2.250138918949483
2007-10-11,3.504008155610616,2.269684655533098
2007-10-12,3.4488485051076996,2.2339555685015577
2007-10-15,3.4640808572199973,2.2438221653591026
2007-10-16,3.4136528154318415,2.2111579284132232
2007-10-17,3.3765166987353084,2.187103397005456
2007-10-18,3.412512450986822,2.210419269264148
2007-10-19,3.352962116902006,2.1718461628380803
2007-10-22,3.240141659482693,2.098767890852661
2007-10-23,3.3153155474014264,2.147460990962236
2007-10-24,3.2904334143195033,2.131343849350409
2007-10-25,3.3642799587441155,2.1791771765863373
2007-10-26,3.451605822818449,2.235741592226559
2007-10-29,3.5109346906073298,2.274171246174413
2007-10-30,3.4929797157856166,2.2625410989163157
2007-10-31,3.514219704745542,2.276299079744313
2007-11-01,3.51130906421453,2.274413742765164
2007-11-02,3.4367648801822708,2.226128526765782
2007-11-05,3.430672063990051,2.2221819687652475
2007-11-06,3.4961620992013223,2.2646024545085073
2007-11-07,3.4773557464427007,2.252420836091199
2007-11-08,3.369062467311131,2.182274996519243
2007-11-09,3.3876303179048985,2.1943021276523216
2007-11-12,3.2735163809748014,2.120386017834484
2007-11-13,3.289633559498346,2.1308257517508578
2007-11-14,3.3571828573037212,2.1745801033140544
2007-11-15,3.3149071020563876,2.147196424759452
2007-11-16,3.2782475741805643,2.123450598778535
2007-11-19,3.2225436068902633,2.0873689362376893
2007-11-20,3.186411775441904,2.063964920101671
2007-11-21,3.0753611785995854,1.9920330568047149
2007-11-22,3.061796887359772,1.983246928941145
2007-11-23,3.017308546698072,1.9544300713124578
2007-11-26,3.157632167958712,2.0453232301865736
2007-11-27,3.165222894088733,2.0502400436917236
2007-11-28,3.1225044140040272,2.0225695947514994
2007-11-29,3.1954661320173914,2.069829784928599
2007-11-30,3.2438687751947803,2.1011820910957684
2007-12-03,3.237792994871479,2.09724656790125
2007-12-04,3.264002471447523,2.114223482386723
2007-12-05,3.2986706724504162,2.136679447200964
2007-12-06,3.324148645435476,2.1531825378817557
2007-12-07,3.2920671956996514,2.1324021141615463
2007-12-10,3.2445836584258454,2.1016451492360435
2007-12-11,3.2763243907833073,2.1222048768359243
2007-12-12,3.2803749802503415,2.124828603822538
2007-12-13,3.260717872818309,2.1120959179584333
2007-12-14,3.2252327811253414,2.0891108207386244
2007-12-17,3.1312352968245696,2.02822493283492
2007-12-18,3.1680820115039934,2.0520920071112125
2007-12-20,3.1389791380203547,2.0332409250234127
2007-12-21,3.196759403773677,2.070667488190212
2007-12-24,3.2667936531416095,2.1160314411529515
2007-12-26,3.245094111229892,2.1019757897041207
2007-12-27,3.248327810006851,2.104070384285166
2007-12-28,3.228772710033828,2.091403772686355
2008-01-02,3.154432540919588,2.04325070521756
2008-01-03,3.1532072048844766,2.042457006609207
2008-01-04,3.1722177803156164,2.0547709081279075
2008-01-07,3.1164627054185616,2.0186561411690125
2008-01-08,3.1081061962052208,2.0132432996763434
2008-01-09,3.1391492889550356,2.0333511385127707
2008-01-10,3.1056384882660804,2.011644867653622
2008-01-11,3.033289646024771,1.9647816613515037
2008-01-14,3.005395072707325,1.9467132430660397
2008-01-15,2.973177543774655,1.9258446754685041
2008-01-16,2.90173077156801,1.8795657756020365
2008-01-17,2.933352668352043,1.9000485287014122
2008-01-18,2.9523630360286837,1.9123622956493076
2008-01-21,2.865292709988122,1.8559634020993325
2008-01-22,2.7384311647537865,1.7737901622526884
2008-01-23,2.7714485485076135,1.795176827449776
2008-01-24,2.830301035230283,1.833297910541585
2008-01-25,2.8803547034112373,1.8657196508967129
2008-01-28,2.769355006421174,1.7938207574470006
2008-01-29,2.7875997987689938,1.805638630978182
2008-01-30,2.704460811113039,1.751786220772706
2008-01-31,2.765083366167202,1.791053847123783
2008-02-01,2.7818472844461386,1.8019124999563654
2008-02-04,2.8764742648788855,1.8019124999563654
2008-02-05,2.8874345612282135,1.8019124999563654
2008-02-11,2.79229712799142,1.8019124999563654
2008-02-12,2.796756162803491,1.8019124999563654
2008-02-13,2.7771669910926313,1.8019124999563654
2008-02-14,2.8889322634115153,1.8019124999563654
2008-02-15,2.8843712211404346,1.8019124999563654
2008-02-18,2.886873000817412,1.8019124999563654
2008-02-19,2.9281957861778247,1.8019124999563654
2008-02-20,2.872696041560043,1.8019124999563654
2008-02-21,2.900692622336498,1.8019124999563654
2008-02-22,2.870211089997485,1.8019124999563654
2008-02-25,2.9088108371394843,1.8019124999563654
2008-02-26,2.9088108371394843,1.8019124999563654
2008-02-27,2.9288254900642987,1.8019124999563654
2008-02-28,2.954830951722323,1.8019124999563654
2008-02-29,2.9130486134101186,1.8019124999563654
2008-03-03,2.84515880598088,1.8019124999563654
2008-03-04,2.8527324962419827,1.8067091134612394
2008-03-05,2.8542981341464584,1.8077006723522755
2008-03-06,2.8889152275425976,1.8296245710012844
2008-03-07,2.8319518524793494,1.7935481954575359
2008-03-10,2.765917292726195,1.7517268045396737
2008-03-11,2.7936755790922954,1.7693068436838157
2008-03-12,2.8232039337898893,1.7880079127843844
2008-03-13,2.7496638272513048,1.7414330653834451
2008-03-14,2.7235222863964346,1.7248769528966867
2008-03-17,2.6795784702766174,1.6970462000418267
2008-03-18,2.703933114685575,1.7124706248929955
2008-03-19,2.7609135256177413,1.7485577896921933
2008-03-20,2.762887816621753,1.7498081591377237
2008-03-21,2.8008406162538613,1.773844646634195
2008-03-24,2.81719629694226,1.7842031213231186
2008-03-25,2.8506050901722055,1.8053617722929516
2008-03-26,2.858672197368437,1.8104708794769937
2008-03-27,2.8528345037009917,1.806773717417648
2008-03-28,2.8963867025901906,1.8343564489734627
2008-03-31,2.9000629184500233,1.836684691353623
2008-04-01,2.8971015858212548,1.83480920297347
2008-04-02,2.9650763648405847,1.8778593848259642
2008-04-03,3.0015657417817256,1.9009690489640942
2008-04-04,3.006433221938834,1.904051749767981
2008-04-07,3.018465947012008,1.9116723850985335
2008-04-08,2.9863844972761835,1.8913543750197344
2008-04-10,3.0032847025064657,1.9020577111541737
2008-04-11,3.0289326186717083,1.918301198385478
2008-04-14,2.972769098429616,1.8827313915426969
2008-04-15,2.965042500857248,1.8778379378913523
2008-04-16,2.992937074174694,1.8955042910790882
2008-04-17,3.010143509536504,1.9064015706590405
2008-04-18,3.0156406935800857,1.9098830791856887
2008-04-21,3.06428163116783,1.9406886402899437
2008-04-22,3.0421736439110756,1.9266870813952064
2008-04-23,3.0648093275952943,1.9410228440562964
2008-04-24,3.0623414119016545,1.9394598493553117
2008-04-25,3.105468337331397,1.966773244253755
2008-04-28,3.1028984141787475,1.9651456455963612
2008-04-29,3.0830539121886154,1.9525776103372183
2008-04-30,3.1068127166944364,1.967624674400238
2008-05-02,3.145616686508954,1.9922002299403103
2008-05-06,3.163980522184702,2.0038305210093768
2008-05-07,3.1553857185610066,1.9983872100589821
2008-05-08,3.1451571335571624,1.9919091831957545
2008-05-09,3.103800276458913,1.9657168182537375
2008-05-13,3.136307207408693,1.986304296566194
2008-05-14,3.137923952919923,1.9873282232235778
2008-05-15,3.2093366533887315,2.03255572945623
2008-05-16,3.2147318299733034,2.035972634026469
2008-05-19,3.2087580571090117,2.032189289499816
2008-05-20,3.1879605852319592,2.0190177138169494
2008-05-21,3.1443232069981697,1.9913810359838886
2008-05-22,3.1237469936625537,1.9783495890455751
2008-05-23,3.1110164212272333,1.9702869889704644
2008-05-26,3.0644517821025112,1.9407964012681491
2008-05-27,3.106404271349398,1.9673659954220293
2008-05-28,3.073063621595125,1.9462505014739928
2008-05-29,3.133618033173615,1.9846011731206556
2008-05-30,3.1519989047182815,1.9962422534451714
2008-06-02,3.1443572787360052,1.9914026144947867
2008-06-03,3.096465088362663,1.9610712543251516
2008-06-04,3.1210069195752213,1.9766142294099753
2008-06-05,3.1184540322914898,1.9749974200080307
2008-06-09,3.0787139207044705,1.9498289817233976
2008-06-10,3.019861433981801,1.9125561830113642
2008-06-11,3.032268532662175,1.9204139188092264
2008-06-12,2.96025999229023,1.874809051788425
2008-06-13,2.97385835526788,1.8834212460100137
2008-06-16,2.9967832332147086,1.8979401628611676
2008-06-17,2.9795767978528986,1.8870428832812154
2008-06-18,3.019435952767845,1.9122867147777067
2008-06-19,2.9625745851636065,1.8762749431903671
2008-06-20,2.9460319254261065,1.8657980498440747
2008-06-23,2.9198052052266457,1.8491879910800704
2008-06-24,2.911721062161496,1.8440680946405792
2008-06-25,2.923549564562151,1.8515593904820276
2008-06-26,2.9233283060207147,1.8514192617374743
2008-06-27,2.8668072402858407,1.8156230121065462
2008-06-30,2.850588054303286,1.805350983037502
2008-07-01,2.8361896287499815,1.79623208853866
2008-07-02,2.7632451543600345,1.7500344703495838
2008-07-03,2.734210424352068,1.731646026504469
2008-07-04,2.685535207271989,1.7008187553130298
2008-07-07,2.68856468337643,1.7027374007149794
2008-07-08,2.60985065879471,1.652885777488354
2008-07-09,2.585870595747452,1.6376985846807812
2008-07-10,2.6165904224968206,1.6571542437813624
2008-07-11,2.667784247368296,1.689576614287562
2008-07-14,2.6526541104695074,1.6799943081095492
2008-07-15,2.568766167844652,1.626865909057238
2008-07-16,2.565481569215437,1.6247856879761227
2008-07-17,2.5963885827684057,1.6443598973103586
2008-07-18,2.5698894964207537,1.6275773420354533
2008-07-21,2.6599724704513372,1.6846292143589712
2008-07-22,2.6570961094126604,1.6828075406797782
2008-07-23,2.709055925121955,1.715715032952333
2008-07-24,2.76756810997526,1.7527723097079546
2008-07-25,2.7195568762739897,1.7223655563264613
2008-07-28,2.7201695442915454,1.7227535747937737
2008-07-29,2.667256550940832,1.6892424105212092
2008-07-30,2.6851267619269525,1.7005600763348214
2008-07-31,2.7140085846236537,1.7188516800334654
2008-08-01,2.6784383135860956,1.6963241093844468
2008-08-04,2.6261552318763552,1.66321188441093
2008-08-05,2.6133737595887796,1.6551170481457578
2008-08-06,2.6868457226516917,1.7016487385249006
2008-08-07,2.6618104745040045,1.6857932697609086
2008-08-08,2.6698435099624,1.6908807984340524
2008-08-11,2.6908963121187255,1.7042140813723707
2008-08-12,2.684139720302196,1.6999349574001994
2008-08-13,2.6596319608274746,1.684413560826274
2008-08-14,2.6757491393510198,1.6946209859389092
2008-08-18,2.6681245492376617,1.6897921362439736
2008-08-19,2.6233640501822695,1.661444157008983
2008-08-20,2.6221725781304954,1.6606895670089707
2008-08-21,2.5743144594949894,1.630379785350234
2008-08-22,2.547628394098236,1.61347881141796
2008-08-25,2.556478320246705,1.61908369804752
2008-08-26,2.536293516387208,1.6063001408319657
2008-08-27,2.54253965539969,1.6102559818695197
2008-08-28,2.5088925677593896,1.588946412899684
2008-08-29,2.5090456828251537,1.5890433846224403
2008-09-01,2.4072536652308405,1.5245758728219045
2008-09-02,2.394846566550466,1.5167181370240423
2008-09-03,2.42845958245293,1.5380061274829797
2008-09-04,2.427676763500692,1.5375103480374614
2008-09-05,2.39014923732804,1.5137431971983615
2008-09-08,2.5131473798989417,1.5916410952362583
2008-09-09,2.4754497027916074,1.5677661834189525
2008-09-10,2.493285842039892,1.5790622707216666
2008-09-11,2.456286012294704,1.555629323648919
2008-09-12,2.5153088577065548,1.593010014915444
2008-09-16,2.361846218665558,1.4958181650324176
2008-09-17,2.4256854366277625,1.5362491893364818
2008-09-18,2.3697942825338614,1.5008518790046013
2008-09-19,2.4776282164681387,1.5691458923535873
2008-09-22,2.485388885778343,1.5740609245158304
2008-09-23,2.521180415357338,1.5967286239094025
2008-09-24,2.5460455125703425,1.6124763316951884
2008-09-25,2.555661429556631,1.6185663400911037
2008-09-26,2.5126026476025607,1.591296102214457
2008-09-29,2.4786152580928955,1.5697710112882097
2008-09-30,2.4644894064422807,1.5608247448765544
2008-10-01,2.4502102319714028,1.5517813751658567
2008-10-02,2.416137663117147,1.5517813751658567
2008-10-06,2.3124903978467497,1.5517813751658567
2008-10-07,2.3249995039861338,1.5517813751658567
2008-10-08,2.1898495930141304,1.5517813751658567
2008-10-09,2.2038055014845614,1.5517813751658567
2008-10-10,2.112888600894985,1.5517813751658567
2008-10-13,2.1929812843320797,1.5517813751658567
2008-10-14,2.327705506335629,1.5517813751658567
2008-10-15,2.281055895620815,1.5517813751658567
2008-10-16,2.065762401359462,1.5517813751658567
2008-10-17,2.0094116943137696,1.5517813751658567
2008-10-20,2.055295521945263,1.5517813751658567
2008-10-21,2.0356722784965675,1.5517813751658567
2008-10-22,1.9309868639946595,1.5517813751658567
2008-10-23,1.7865274739223953,1.5517813751658567
2008-10-24,1.5976819584019397,1.5517813751658567
2008-10-27,1.610786800567211,1.5517813751658567
2008-10-28,1.700495193236095,1.5517813751658567
2008-10-29,1.6491140776837698,1.5517813751658567
2008-10-30,1.8461118797450478,1.5517813751658567
2008-10-31,1.8943445797422536,1.5517813751658567
2008-11-03,1.9216092414187267,1.5517813751658567
2008-11-04,1.9629149909102215,1.5517813751658567
2008-11-05,2.0108242171524817,1.5517813751658567
2008-11-06,1.8588763161637052,1.5517813751658567
2008-11-07,1.9308167130599776,1.5517813751658567
2008-11-10,1.9614002528580006,1.5517813751658567
2008-11-11,1.9210136092700887,1.5517813751658567
2008-11-12,1.9127252435324205,1.5517813751658567
2008-11-13,1.852442990347622,1.5517813751658567
2008-11-14,1.8521367602160939,1.5517813751658567
2008-11-17,1.8352195191168938,1.5517813751658567
2008-11-18,1.763466516778721,1.5517813751658567
2008-11-19,1.7305512443611535,1.5517813751658567
2008-11-20,1.6145990956238905,1.5517813751658567
2008-11-21,1.7082730022924673,1.5517813751658567
2008-11-24,1.6511054045567004,1.5517813751658567
2008-11-25,1.673536761691151,1.5517813751658567
2008-11-26,1.7526082278884032,1.5517813751658567
2008-11-27,1.8099630124277704,1.5517813751658567
2008-11-28,1.8313901881912968,1.5517813751658567
2008-12-01,1.8016916825590206,1.5517813751658567
2008-12-02,1.7414095332514716,1.5517813751658567
2008-12-03,1.7405074632168067,1.5517813751658567
2008-12-04,1.7130554069822346,1.5517813751658567
2008-12-05,1.749800010325399,1.5517813751658567
2008-12-08,1.8807121450267679,1.5517813751658567
2008-12-09,1.8820565243898073,1.5517813751658567
2008-12-10,1.950184626229401,1.5517813751658567
2008-12-11,1.964753202717388,1.5517813751658567
2008-12-12,1.8786186029403293,1.5517813751658567
2008-12-15,1.9711522490411357,1.5517813751658567
2008-12-16,1.9768879352495714,1.5517813751658567
2008-12-17,1.9908266000965857,1.5517813751658567
2008-12-18,2.001310515379703,1.5517813751658567
2008-12-19,2.009922147117818,1.5517813751658567
2008-12-22,2.007607554244441,1.5517813751658567
2008-12-23,1.9475297314866602,1.5517813751658567
2008-12-24,1.9206392356628892,1.5517813751658567
2008-12-26,1.902513694397496,1.5517813751658567
2008-12-29,1.9020541414457046,1.5517813751658567
2008-12-30,1.9137633927639328,1.5517813751658567
2009-01-02,1.969807869678097,1.5517813751658567
2009-01-05,1.9973278616338428,1.5517813751658567
2009-01-06,2.0325748666709544,1.5517813751658567
2009-01-07,2.090253124965267,1.5517813751658567
2009-01-08,2.0520107155615506,1.5517813751658567
2009-01-09,2.0099051112488997,1.5517813751658567
2009-01-12,1.9687015769709135,1.5517813751658567
2009-01-13,1.9873546069092718,1.5517813751658567
2009-01-14,2.0128325798943307,1.5517813751658567
2009-01-15,1.891417111096823,1.5517813751658567
2009-01-16,1.9320250132261714,1.5517813751658567
2009-01-19,1.9583198769013046,1.5517813751658567
2009-01-20,1.9177460465097922,1.5517813751658567
2009-01-21,1.8782612652020463,1.5517813751658567
2009-01-22,1.899739548572327,1.5517813751658567
2009-01-23,1.8608846789055538,1.5517813751658567
2009-01-28,1.9707949113028524,1.5517813751658567
2009-01-29,1.9853975595286757,1.5517813751658567
2009-01-30,1.977823869267573,1.5517813751658567
2009-02-02,1.9520226302820674,1.5517813751658567
2009-02-03,1.979678909189158,1.5517813751658567
2009-02-04,2.0344299065925386,1.5517813751658567
2009-02-05,2.00466325748459,1.5517813751658567
2009-02-06,2.059771592626253,1.5517813751658567
2009-02-09,2.046887905125169,1.5517813751658567
2009-02-10,2.0403866435879126,1.5517813751658567
2009-02-11,2.0255970163129877,1.5517813751658567
2009-02-12,2.0079989637205595,1.5517813751658567
2009-02-13,2.0294431753530042,1.5517813751658567
2009-02-16,2.000561560410802,1.5517813751658567
2009-02-17,1.9183925785106855,1.5517813751658567
2009-02-18,1.8945656305291918,1.5517813751658567
2009-02-19,1.884200966328502,1.5517813751658567
2009-02-20,1.8141667169605689,1.5517813751658567
2009-02-23,1.8713515583197529,1.5517813751658567
2009-02-24,1.810643823920999,1.5517813751658567
2009-02-25,1.8160899003578266,1.5517813751658567
2009-02-26,1.7951733851528462,1.5517813751658567
2009-02-27,1.809197229344451,1.5517813751658567
2009-03-02,1.7339380582038777,1.5517813751658567
2009-03-03,1.745442982972338,1.5517813751658567
2009-03-04,1.8027809393972858,1.5517813751658567
2009-03-05,1.800942935344619,1.5517813751658567
2009-03-06,1.795581830497883,1.5517813751658567
2009-03-09,1.8240038924882938,1.5517813751658567
2009-03-10,1.8588422444258694,1.5517813751658567
2009-03-11,1.9189373108070673,1.5517813751658567
2009-03-12,1.92043501299037,1.5517813751658567
2009-03-13,1.9164184952611725,1.5517813751658567
2009-03-16,1.9154482817508351,1.5517813751658567
2009-03-17,1.9808363095030965,1.5517813751658567
2009-03-18,1.9911669019659504,1.5517813751658567
2009-03-19,1.9773134164635267,1.5517813751658567
2009-03-20,1.9928517909528531,1.5517813751658567
2009-03-23,2.04145886455726,1.5517813751658567
2009-03-24,2.079241513254686,1.5517813751658567
2009-03-25,2.0916997195418148,1.5517813751658567
2009-03-26,2.1168542187719286,1.5517813751658567
2009-03-27,2.106149044947375,1.5517813751658567
2009-03-30,2.0379868713699456,1.5517813751658567
2009-03-31,2.05296389320297,1.5517813751658567
2009-04-01,2.0990860152448185,1.5517813751658567
2009-04-02,2.1733069332766313,1.5517813751658567
2009-04-03,2.184846033660177,1.5517813751658567
2009-04-06,2.208843132576353,1.5517813751658567
2009-04-07,2.21267246350195,1.5517813751658567
2009-04-08,2.1479482113739987,1.5517813751658567
2009-04-09,2.240328742409041,1.5517813751658567
2009-04-10,2.273839750852495,1.5517813751658567
2009-04-13,2.277617974171338,1.5517813751658567
2009-04-14,2.2850553774810956,1.5517813751658567
2009-04-15,2.2688189478751237,1.5517813751658567
2009-04-16,2.2749969434119337,1.5517813751658567
2009-04-17,2.2618581333860757,1.5517813751658567
2009-04-20,2.2744353830011326,1.5517813751658567
2009-04-21,2.275150266232197,1.5517813751658567
2009-04-22,2.3078441762310784,1.5517813751658567
2009-04-23,2.3295948257495502,1.5517813751658567
2009-04-24,2.3045764057162827,1.5517813751658567
2009-04-27,2.2802899047829976,1.5517813751658567
2009-04-28,2.212910757912305,1.5517813751658567
2009-04-29,2.277890340319529,1.5517813751658567
2009-04-30,2.3305477956364706,1.5517813751658567
2009-05-04,2.3791548692408773,1.5517813751658567
2009-05-06,2.371547107241938,1.5517813751658567
2009-05-07,2.3845328022020325,1.5517813751658567
2009-05-08,2.403339154960654,1.5517813751658567
2009-05-11,2.408496037134871,1.5517813751658567
2009-05-12,2.388668571013657,1.5517813751658567
2009-05-13,2.407406780296606,1.5517813751658567
2009-05-14,2.350273046544176,1.5517813751658567
2009-05-15,2.368619846351006,1.5517813751658567
2009-05-18,2.3600252504818093,1.5517813751658567
2009-05-19,2.430706031850635,1.5517813751658567
2009-05-20,2.443453432400374,1.5517813751658567
2009-05-21,2.4195415128287885,1.5517813751658567
2009-05-22,2.3890770163586934,1.5517813751658567
2009-05-25,2.3842265720705034,1.5517813751658567
2009-05-26,2.33510904566205,1.5517813751658567
2009-05-27,2.318055725366004,1.5517813751658567
2009-05-28,2.369368801319906,1.5517813751658567
2009-05-29,2.37569991192248,1.5517813751658567
2009-06-01,2.4083938219213614,1.5517813751658567
2009-06-02,2.404564490995764,1.5493140526060656
2009-06-03,2.4080364841830786,1.551551134562404
2009-06-04,2.3454907457316576,1.511251532752481
2009-06-05,2.3736915491806316,1.5294219337718287
2009-06-08,2.371291984717163,1.5278758413474802
2009-06-09,2.334768536038186,1.504342976040739
2009-06-10,2.4080194483141604,1.5515401579754953
2009-06-11,2.415695146034273,1.5564857796819864
2009-06-12,2.4313527716060266,1.5665743339376952
2009-06-15,2.4038327796502807,1.5488425948122513
2009-06-16,2.3812482035728166,1.5342908532307744
2009-06-17,2.367666876464085,1.525540103969779
2009-06-18,2.3414401562646243,1.5086416484236915
2009-06-19,2.3543406718801276,1.5169537357907832
2009-06-22,2.3822011734597366,1.534904872793587
2009-06-23,2.3155369098201084,1.491951614168055
2009-06-24,2.321068165601526,1.4955155245321978
2009-06-25,2.3703217712068256,1.527250711336943
2009-06-26,2.373385319049103,1.5292246229291022
2009-06-29,2.3630374829628322,1.5225572834077221
2009-06-30,2.365794592919082,1.524333750296339
2009-07-01,2.402539300139496,1.5480091773720785
2009-07-02,2.4022328622534688,1.5478117326685363
2009-07-03,2.4168014387414556,1.5571985885269781
2009-07-06,2.431948403754663,1.5669581128970549
2009-07-07,2.4409005451166412,1.57272617545681
2009-07-08,2.43548854041765,1.5692391012010287
2009-07-09,2.4352672818762136,1.5690965394320304
2009-07-10,2.43140387921278,1.5666072636984216
2009-07-13,2.3454566739938207,1.5112295795786634
2009-07-14,2.3581191029534683,1.519388262450664
2009-07-15,2.418196925711249,1.5580977316277875
2009-07-16,2.4375307671428357,1.5705549530219245
2009-07-17,2.450941943316885,1.579196070274648
2009-07-20,2.5163129352002285,1.6213160453208233
2009-07-21,2.534149074448513,1.6328082640926982
2009-07-22,2.5427438780722085,1.6383460860490004
2009-07-23,2.5469135108671703,1.6410326726253357
2009-07-24,2.5572952109367786,1.6477218314597177
2009-07-27,2.593818659615756,1.671254696766459
2009-07-28,2.5971884375895615,1.6734259192013445
2009-07-29,2.5942780048130483,1.6715506630305483
2009-07-30,2.6120121366023223,1.6829771561417863
2009-07-31,2.6503906252028853,1.7077052646742426
2009-08-03,2.663478327621989,1.716137960636515
2009-08-04,2.6658440281021205,1.717662233747862
2009-08-05,2.654100705046056,1.7100957511256722
2009-08-06,2.663580542835498,1.716203820157968
2009-08-07,2.682233572773856,1.7282223796582008
2009-08-10,2.6824207595774565,1.7283429882533816
2009-08-11,2.687696685079602,1.7317423836747083
2009-08-12,2.664108031508463,1.7165436927696924
2009-08-13,2.66289973134227,1.715765158264064
2009-08-14,2.7084602929733173,1.7451208352042882
2009-08-17,2.632979967168557,1.6964871928534557
2009-08-18,2.6383919718675486,1.6999742671092373
2009-08-19,2.631107683623555,1.6952808391800165
2009-08-20,2.682897348398167,1.7286500649651961
2009-08-21,2.6907091253151254,1.7336833655061417
2009-08-24,2.7438772411906127,1.767940757805222
2009-08-25,2.725428433924773,1.7560537834870784
2009-08-26,2.747110939967572,1.7700243014056531
2009-08-27,2.72193940486854,1.753805724943831
2009-08-28,2.7365929529466184,1.7632473298760007
2009-08-31,2.7092090401877185,1.745603269585011
2009-09-01,2.7623262562109505,1.779827865984181
2009-09-02,2.745477158587423,1.7689716199489365
2009-09-03,2.746106862473897,1.769377352082114
2009-09-04,2.738226942081266,1.7643001451935334
2009-09-07,2.737665173915966,1.7639381855471752
2009-09-08,2.756590570002515,1.7761322365771328
2009-09-09,2.7363037586840084,1.7630609956201835
2009-09-10,2.7991218632836206,1.8035360889598313
2009-09-11,2.8110692012577045,1.8112340229032944
2009-09-14,2.78249402420153,1.792822404693585
2009-09-15,2.8139625981653,1.8130983024871818
2009-09-16,2.8649010927575027,1.84591910050937
2009-09-17,2.8855624854377093,1.859231692517497
2009-09-18,2.89277863020603,1.8638812140990826
2009-09-21,2.885613593044463,1.8592646222782232
2009-09-22,2.9254046044837376,1.8849028504983976
2009-09-23,2.9127932831308447,1.8767770973871234
2009-09-24,2.8828564830882137,1.8574881553896063
2009-09-25,2.8787718218833436,1.854856317886999
2009-09-28,2.851660275272635,1.8373877491257342
2009-09-29,2.8763381856820396,1.8532882722888333
2009-09-30,2.847558578198847,1.8347449350362184
2009-10-01,2.799036683939031,1.8034812060252874
2009-10-05,2.7348230923696253,1.7621069695848302
2009-10-06,2.7204246668163203,1.7528297457346602
2009-10-07,2.7196759196019187,1.7523473113539372
2009-10-08,2.7493914611031127,1.7714936915824557
2009-10-09,2.8027128997988635,1.8058498731637154
2009-10-12,2.790833497545953,1.7981957117070713
2009-10-13,2.772316546804441,1.7862648310412927
2009-10-14,2.8066272023145524,1.8083719447972346
2009-10-15,2.82347629993808,1.8192281908324792
2009-10-16,2.791769431563955,1.7987987546829753
2009-10-19,2.806593130576716,1.808349991623417
2009-10-20,2.8237486660862707,1.8194036823622037
2009-10-21,2.814745417117538,1.8136026900417224
2009-10-22,2.7746990753989906,1.7877999468787322
2009-10-23,2.7914461655635083,1.79859046725334
2009-10-26,2.820276672898956,1.817166600405865
2009-10-27,2.8073761572834526,1.8088545130387732
2009-10-28,2.739605393182142,1.7651883117074336
2009-10-29,2.6989974910527934,1.7390237427589013
2009-10-30,2.6902155006254973,1.7333653122074184
2009-11-02,2.653453965290664,1.709679042405586
2009-11-03,2.6378474473256652,1.6996234179106038
2009-11-04,2.6889222288692123,1.7325320286280619
2009-11-05,2.64179582157919,1.7021674427179403
2009-11-06,2.67620869230281,1.7243404159953346
2009-11-09,2.683578159891394,1.7290887268590993
2009-11-10,2.692955782467328,1.7351309363699423
2009-11-11,2.7142637071484272,1.7488601032373396
2009-11-12,2.676668245254602,1.7246365161202402
2009-11-13,2.6754088374816543,1.7238250518538851
2009-11-16,2.7102642252881477,1.7462831486692763
2009-11-17,2.6992187495942295,1.7391663045278993
2009-11-18,2.7298363611300887,1.75889390841932
2009-11-19,2.758037372333562,1.777064443299484
2009-11-20,2.7581393797925715,1.7771301689601207
2009-11-23,2.7555015209187483,1.7754305381798652
2009-11-24,2.7340062016795494,1.761580628856471
2009-11-25,2.7432986449108925,1.7675679554327701
2009-11-26,2.7222628786234853,1.7540141462342815
2009-11-27,2.594584442699076,1.6717481077340903
2009-11-30,2.6475142641642084,1.7058519616772636
2009-12-01,2.67154543481822,1.721335776120276
2009-12-02,2.708834666580517,1.7453620523946491
2009-12-03,2.7486086421508733,1.7709893040279148
2009-12-04,2.7652194453640457,1.781692011707252
2009-12-07,2.778647657407013,1.7903441055468847
2009-12-08,2.7703592916693447,1.7850037282941247
2009-12-09,2.7812346164285806,1.7920109404272295
2009-12-10,2.812822233720279,1.812363540468372
2009-12-11,2.819919335160672,1.8169363598024122
2009-12-14,2.833313475465803,1.8255665004682269
2009-12-15,2.8351514795184705,1.826750767107033
2009-12-16,2.8324114054311385,1.8249852768053247
2009-12-17,2.8044997962447744,1.8070012100417945
2009-12-18,2.803138381012817,1.8061240201148028
2009-12-21,2.7983558724458004,1.803042544131383
2009-12-22,2.817604742287295,1.815445016451792
2009-12-23,2.8274928176672756,1.821816121987451
2009-12-24,2.8632162037705977,1.8448334892919267
2009-12-28,2.868747459552016,1.8483973996560696
2009-12-29,2.846435249622743,1.8340211496043175
2009-12-30,2.8639481228705805,1.8453050809465572
2010-01-04,2.8867028498827265,1.859966454536306
2010-01-05,2.877308191437875,1.8539132684385542
2010-01-06,2.902326403716644,1.8700330556181972
2010-01-07,2.8651053154300192,1.8460506856914594
2010-01-08,2.8852051476994243,1.8590014519140439
2010-01-11,2.8832649284332486,1.857751325753785
2010-01-12,2.890957662022279,1.8627079240471849
2010-01-13,2.8446142814389934,1.83284785955242
2010-01-14,2.8690538974380426,1.8485948443596116
2010-01-15,2.8963358027379322,1.8661731789899643
2010-01-18,2.9133209795583057,1.8771171038596632
2010-01-19,2.9106658770610654,1.875406362631683
2010-01-20,2.9177459426325405,1.8799682053788143
2010-01-21,2.9307316375926344,1.8883351756804498
2010-01-22,2.866637089351157,1.8470376414875382
2010-01-25,2.8425548110903907,1.8315208972837993
2010-01-26,2.7866295852586536,1.795487038096102
2010-01-27,2.766444781399157,1.7824815227997894
2010-01-28,2.7952925323580216,1.8010687664000395
2010-01-29,2.727215538125183,1.7572052542259735
2010-02-01,2.734040065662886,1.761602448169473
2010-02-02,2.715948803889828,1.749945848315598
2010-02-03,2.7486427138887093,1.7710112572017322
2010-02-04,2.7510254502377585,1.772546506899988
2010-02-05,2.667120471743985,1.718484674601125
2010-02-08,2.64273196335169,1.7027706195546597
2010-02-09,2.6728559501979214,1.7221801701473574
2010-02-10,2.6722262463114475,1.72177443801418
2010-02-11,2.71935265360147,1.7521390239243015
2010-02-12,2.712289623898913,1.747588157764079
2010-02-16,2.72486687351397,1.7556919577015355
2010-02-17,2.7697636595207076,1.7846199493347648
2010-02-18,2.7591434572862457,1.7777771182836597
2010-02-19,2.7126980692439506,1.7478513281282582
2010-02-22,2.7692018913554075,1.7842579896884065
2010-02-23,2.772265439197685,1.7862319012805659
2010-02-24,2.7449153904221224,1.7686096603025778
2010-02-25,2.7018227444847147,1.740844115995153
2010-02-26,2.7138552618033893,1.74859693287316
2010-03-02,2.7488128648233916,1.771120889210004
2010-03-03,2.7612708633560215,1.7791478530390992
2010-03-04,2.7540547185877005,1.7744983314575136
2010-03-05,2.78191522016731,1.7924494684603174
2010-03-08,2.825263404138489,1.8203796615713739
2010-03-09,2.826607783501528,1.8212458749114568
2010-03-10,2.8290075557194956,1.8227921011966213
2010-03-11,2.819442746339962,1.8166292830905977
2010-03-12,2.829858518147406,1.823340395098797
2010-03-15,2.8073250496766966,1.8088215832780465
2010-03-16,2.8047891982618833,1.8071876781584277
2010-03-17,2.864101237936344,1.8454037363679194
2010-03-18,2.8510135355172403,1.836971040405647
2010-03-19,2.869632493717762,1.8489676467320622
2010-03-22,2.846758723377688,1.8342295708947678
2010-03-23,2.862331169604851,1.8442632422159329
2010-03-24,2.860952718503975,1.8433750757020322
2010-03-25,2.8735129322501143,1.8514678990525801
2010-03-26,2.8893918163633043,1.8616990150772872
2010-03-29,2.87963982018017,1.8554155883760828
2010-03-30,2.8935955208961026,1.86440755482744
2010-03-31,2.8811034506256363,1.8563586378245274
2010-04-01,2.925898229173364,1.88522090379712
2010-04-02,2.9332504531385313,1.8899581042131601
2010-04-05,2.9358033404222628,1.8916029859196877
2010-04-06,2.9376754162127656,1.8928092057323112
2010-04-07,2.938543414509594,1.8933684762213956
2010-04-08,2.950763326386368,1.9012420355553994
2010-04-09,2.934918306256515,1.8910327388436938
2010-04-12,2.910802164012411,1.8754941753269532
2010-04-13,2.91129558094754,1.8758120947648602
2010-04-14,2.953401185260191,1.9029416663356549
2010-04-15,2.9680038334860144,1.9123504753679141
2010-04-16,2.951971626552561,1.9020205700610278
2010-04-19,2.902292539733306,1.8700112363051946
2010-04-20,2.9239580099071873,1.8839707776368606
2010-04-21,2.974249764743998,1.9163748669389622
2010-04-22,2.96053235843842,1.907536438843512
2010-04-23,2.9562945821677857,1.9048059459195419
2010-04-26,2.9821126492677106,1.9214410972406342
2010-04-27,2.977602714603384,1.9185352466477552
2010-04-28,2.9509845849278045,1.9013845973243975
2010-04-29,2.9416410340897072,1.8953643409873722
2010-04-30,2.9640043516257344,1.9097735207998507
2010-05-03,2.9293700146061785,1.887457851892642
2010-05-04,2.9251833459422985,1.884760288729398
2010-05-06,2.867249757368713,1.8474323970338067
2010-05-07,2.803921199965054,1.8066284076693429
2010-05-10,2.8552002041811204,1.839668603568891
2010-05-11,2.8426229545660635,1.8315648036314345
2010-05-12,2.8303521428370337,1.8236584483975202
2010-05-13,2.884047747385486,1.8582557133083253
2010-05-14,2.885834851585898,1.8594071840472208
2010-05-17,2.8107459352572564,1.8110257354736587
2010-05-18,2.796670983458897,1.80195693291394
2010-05-19,2.7742735941850336,1.787525799927644
2010-05-20,2.7233862071995856,1.7547379316661824
2010-05-24,2.7314703502647353,1.7599467237368527
2010-05-25,2.6564152979194313,1.711587094476292
2010-05-26,2.6926493445813,1.7349334916663999
2010-05-27,2.735844205732216,1.7627648954952773
2010-05-28,2.7618496673902397,1.7795207892723661
2010-05-31,2.7932841696161734,1.7997747338921455
2010-06-01,2.7748183264814155,1.7878767829870932
2010-06-03,2.828326744226268,1.8223534393027176
2010-06-04,2.832224218627538,1.8248646682101441
2010-06-07,2.7877018062280015,1.7961778937672765
2010-06-08,2.8106948276505026,1.8109928057129325
2010-06-09,2.8034446111443456,1.8063213309575292
2010-06-10,2.8110692012577037,1.811234022903294
2010-06-11,2.851302729779851,1.8371573746614647
2010-06-14,2.877274119700039,1.853891315264736
2010-06-15,2.8763041139442005,1.8532663191150145
2010-06-16,2.902343439585562,1.870044032205105
2010-06-17,2.906751574545378,1.8728842909981633
2010-06-18,2.913610173820917,1.8773034381154803
2010-06-21,2.960804724586612,1.907711930373237
2010-06-22,2.9468488161161805,1.898719830061064
2010-06-23,2.937215863260974,1.892513105607405
2010-06-24,2.9611279905870584,1.907920217802872
2010-06-25,2.9440576344220943,1.8969214099986291
2010-06-28,2.9477849578886817,1.8993230068977836
2010-06-29,2.9064792083971867,1.8727087994684384
2010-06-30,2.890362029873642,1.862324145087824
2010-07-01,2.8698537522591994,1.8491102085010602
2010-07-02,2.8453119210466413,1.8332973641724157
2010-07-05,2.851353837386606,1.8371903044221907
2010-07-06,2.8676411668448334,1.847684590811077
2010-07-07,2.8518304262073157,1.837497381134005
2010-07-08,2.89095766202228,1.8627079240471842
2010-07-09,2.9324335624484568,1.8894317634848012
2010-07-12,2.95122287933816,1.9015381356803045
2010-07-13,2.9529757040462368,1.9026675193845668
2010-07-14,2.992000932402191,1.927812336637109
2010-07-15,2.980564047232154,1.9204432987184619
2010-07-16,2.9587111825001733,1.906363014930799
2010-07-19,2.947648670937337,1.8992351942025132
2010-07-20,2.955852065084913,1.9045208223815449
2010-07-21,2.976292199223683,1.9176908526206733
2010-07-22,2.953741694884055,1.903161064213014
2010-07-23,2.9920861117467816,1.9278672195716524
2010-07-26,3.0108241132752314,1.9399405281456135
2010-07-27,3.009530841518947,1.939107244566257
2010-07-28,3.0183126241917435,1.9447655412569238
2010-07-29,3.013904696986427,1.9419254163246813
2010-07-30,2.9942473817998954,1.9292597736400934
2010-08-02,3.0332896460247682,1.9544155674795445
2010-08-03,3.047466605282137,1.9635500956999
2010-08-04,3.0451860841465965,1.962080705523097
2010-08-05,3.0359956483742634,1.956159104607435
2010-08-06,3.035944540767509,1.9561261748467085
2010-08-09,3.0467348939366534,1.9630786379060856
2010-08-10,3.031349426758592,1.9531654413192854
2010-08-11,2.992307162533719,1.9280096474798343
2010-08-12,2.9302891205097623,1.888050052142452
2010-08-13,2.971969243608458,1.9149054767621585
2010-08-16,2.966982720123422,1.911692549457465
2010-08-17,2.9869292295725645,1.9245445263978707
2010-08-18,2.998774560087639,1.9321767346806973
2010-08-19,3.028813575343779,1.9515315361996668
2010-08-20,3.021835724985813,1.9470355529739882
2010-08-23,3.0085095204018555,1.9384491847949925
2010-08-24,2.9962898162795804,1.9305757593218047
2010-08-25,2.9524822871111085,1.9023495999466584
2010-08-26,2.9439215552252493,1.8968337311641739
2010-08-27,2.9435812533558847,1.89661446714763
2010-08-30,2.9956090047863526,1.930137097427901
2010-08-31,2.966029542482004,1.9110783960338367
2010-09-01,3.0033696740965565,1.93513746820812
2010-09-02,3.02215899098626,1.9472438404036232
2010-09-03,3.0294603150991715,1.951948244919753
2010-09-06,3.050564224862251,1.9655459604658765
2010-09-07,3.0425991251250295,1.9604138706427519
2010-09-08,3.028098692112715,1.9510709211319452
2010-09-09,3.0368466108021743,1.9567073985096104
2010-09-10,3.0678556318141528,1.9766871961783017
2010-09-13,3.0955630183279976,1.9945396777597422
2010-09-14,3.0894190945290236,1.9905810118493306
2010-09-15,3.104106714344939,2.000044569955318
2010-09-16,3.083632508468333,1.9868525865423716
2010-09-17,3.110012343733558,2.003849697509822
2010-09-20,3.1189985568333722,2.0096397132433945
2010-09-24,3.1427743972081115,2.024959012743591
2010-09-27,3.166992754665724,2.0405634357817846
2010-09-28,3.158721424796974,2.0352340351159333
2010-09-29,3.176557564045258,2.046726253887808
2010-09-30,3.1873819889522386,2.0537006701210028
2010-10-01,3.1940534014241777,2.057999208643139
2010-10-04,3.198410428777239,2.0608065376754707
2010-10-05,3.1978145888741025,2.060422624855295
2010-10-06,3.240379746138545,2.087848296550995
2010-10-07,3.2351038206364,2.084448901129668
2010-10-08,3.228670494820317,2.080303767102623
2010-10-11,3.216484862435878,2.0724522948032527
2010-10-12,3.1792637741492533,2.048469924876515
2010-10-13,3.1930663597994213,2.0573632359065086
2010-10-14,3.233248780714815,2.083253657903953
2010-10-15,3.237554700461122,2.0860280571755587
2010-10-18,3.191823987895392,2.0565627482270625
2010-10-19,3.1610189818014334,2.036714401879645
2010-10-20,3.1833482275996245,2.051101628518306
2010-10-21,3.1905814082368633,2.0557621266868003
2010-10-22,3.2290791479198524,2.080567071327618
2010-10-25,3.2603943990633595,2.1007441798390354
2010-10-26,3.266691645682597,2.104801635031626
2010-10-27,3.249893655665824,2.093978318757108
2010-10-28,3.247051366364983,2.092146968933947
2010-10-29,3.2046393241663047,2.06481995265961
2010-11-01,3.258743581814293,2.0996805217954098
2010-11-02,3.264360016940302,2.103299315094097
2010-11-03,3.2948754132626528,2.1229610594640653
2010-11-04,3.3059890324322434,2.1301218099530774
2010-11-05,3.2999641519611975,2.1262398462902112
2010-11-08,3.3058359173664793,2.130023154531714
2010-11-09,3.314430513235676,2.1355608426272004
2010-11-10,3.3491327859764053,2.157920284021228
2010-11-11,3.2587265459453754,2.0996695452085015
2010-11-12,3.2559864718580434,2.097904054906793
2010-11-15,3.2571609080408988,2.09866077009942
2010-11-16,3.2321765597454672,2.0825628022327787
2010-11-17,3.2287386382959893,2.080347673450258
2010-11-18,3.2810728276124843,2.114067748434071
2010-11-19,3.3033680016728395,2.128433021898915
2010-11-22,3.3091205159956947,2.132139494032056
2010-11-23,3.282910831665152,2.1152520150728775
2010-11-24,3.2778732005733615,2.112006158007458
2010-11-25,3.280766597480957,2.1138704375913453
2010-11-26,3.2367207739021304,2.085490739860292
2010-11-29,3.226066707684331,2.0786260894961854
2010-11-30,3.241537146452484,2.0885940351567136
2010-12-01,3.2835575714205443,2.115668723792964
2010-12-02,3.319195985933775,2.138631342023712
2010-12-03,3.3311094599245226,2.1463074566541738
2010-12-06,3.324948500256631,2.1423378141568534
2010-12-07,3.340061601286501,2.1520755192139287
2010-12-08,3.3284884291651187,2.1446186686000113
2010-12-09,3.3850603947522475,2.1810692365077946
2010-12-10,3.3802610580708117,2.177976917798282
2010-12-13,3.398046089712341,2.18943620680943
2010-12-14,3.4192522146889295,2.203099781877006
2010-12-15,3.4335993248809813,2.2123439421056337
2010-12-16,3.4195754806893763,2.2033080693066416
2010-12-17,3.448610418451842,2.2220159215020727
2010-12-20,3.43836479757908,2.215414441502145
2010-12-21,3.466974046373091,2.233848012885672
2010-12-22,3.4687100429667486,2.2349665538638415
2010-12-23,3.467723001341992,2.234330581127211
2010-12-24,3.4542266458233524,2.2256345809399436
2010-12-27,3.441615324470459,2.217508827828669
2010-12-28,3.4605577564259264,2.2297138554455356
2010-12-29,3.477866407001245,2.2408662016056855
2010-12-30,3.4906478792888205,2.249101586725232
2011-01-03,3.5231207385007637,2.2700245677031834
2011-01-04,3.548751411042589,2.286538976568279
2011-01-05,3.5443436915917714,2.283698985496853
2011-01-06,3.5359362825261753,2.2782819059965473
2011-01-07,3.550555551111919,2.2877014238940836
2011-01-10,3.541382358963003,2.281790933426146
2011-01-11,3.554163831250578,2.290026318545692
2011-01-12,3.5654473936003526,2.2972965671821606
2011-01-13,3.5561379145000913,2.2912982640189528
2011-01-14,3.5879467903332256,2.311793425829093
2011-01-17,3.5737870746992737,2.3026700080564626
2011-01-18,3.568051388490838,2.2989743786494143
2011-01-19,3.6007452984897195,2.3200397875355487
2011-01-20,3.5853768671805764,2.3101375675356577
2011-01-21,3.522848164598074,2.2698489423126436
2011-01-24,3.5436797082129625,2.283271166329042
2011-01-25,3.551355405933075,2.2882167880355335
2011-01-26,3.591844264734496,2.3143046547365205
2011-01-27,3.599588105930281,2.319294182790647
2011-01-28,3.587436545283678,2.311464663665094
2011-01-31,3.522524898597627,2.269640654883008
2011-02-01,3.5264394088678146,2.272162860377343
2011-02-07,3.5429650327363964,2.2828106851221364
2011-02-08,3.522473790990872,2.2696077251222815
2011-02-09,3.48142337177865,2.2431580326357525
2011-02-10,3.418316072916428,2.202496605040287
2011-02-11,3.3650287059585136,2.1681623766328455
2011-02-14,3.4286807371171175,2.2091747872877603
2011-02-15,3.4217539943659054,2.204711733822808
2011-02-16,3.3853157250315187,2.181233751450611
2011-02-17,3.3650798135652673,2.1681953063935717
2011-02-18,3.426213029177976,2.2075847885157764
2011-02-21,3.4128699964795994,2.198987577610688
2011-02-22,3.3526558867704734,2.160190295738294
2011-02-23,3.338546863234278,2.1510995400047577
2011-02-24,3.3185492461783817,2.138214633303626
2011-02-25,3.341610411076555,2.153073451596917
2011-02-28,3.3005429559954154,2.1266127825234795
2011-03-02,3.281719567367876,2.1144844571541586
2011-03-03,3.3539152945434214,2.161001760004649
2011-03-04,3.411814811379171,2.198307698526423
2011-03-07,3.3702707674773213,2.171539952741171
2011-03-08,3.397586536760549,2.1891401066845257
2011-03-09,3.4063514913189263,2.1947875606491
2011-03-10,3.3725001810061075,2.1729764131572478
2011-03-11,3.3281821990335887,2.1444213577572855
2011-03-14,3.35488530029926,2.161626756154371
2011-03-15,3.274367343402709,2.109747256738119
2011-03-16,3.332317760090714,2.147085991159803
2011-03-17,3.334121900160044,2.148248438485607
2011-03-18,3.371734397922788,2.1724830021896153
2011-03-21,3.409670369440477,2.1969259871840747
2011-03-22,3.427098063343724,2.2081550355917705
2011-03-23,3.424579247797829,2.206532107059061
2011-03-24,3.466446557700125,2.2335081402739485
2011-03-25,3.4958217973319554,2.2524352564859234
2011-03-28,3.4998210714377356,2.2550120771931703
2011-03-29,3.526609352047998,2.2722723585248
2011-03-30,3.5593714055225516,2.293381673758569
2011-03-31,3.5854450106562483,2.310181473883293
2011-04-01,3.609799655065206,2.3258737096167565
2011-04-04,3.601051944130245,2.3202373660999074
2011-04-05,3.6258316542441604,2.336203481062827
2011-04-06,3.619500543641586,2.3321242065572347
2011-04-07,3.611722630707965,2.327112725329291
2011-04-08,3.6216449855802804,2.333505917899583
2011-04-11,3.61214811192192,2.3273868722803788
2011-04-12,3.556001627548746,2.2912104513236833
2011-04-13,3.611348257100764,2.3268715081389293
2011-04-14,3.6439233315262163,2.347860348638334
2011-04-15,3.642970153884797,2.3472461952147055
2011-04-18,3.638238752924535,2.344197648992012
2011-04-19,3.612641736611548,2.327704925579102
2011-04-20,3.6930236143112527,2.3794967461609
2011-04-21,3.7417499389980864,2.4108921942147363
2011-04-22,3.740524602962975,2.410102683122199
2011-04-25,3.7714654804992813,2.4300385744432553
2011-04-26,3.7549568924996173,2.4194017262853706
2011-04-27,3.755637496238347,2.419840254318459
2011-04-28,3.7584459215558508,2.4216497848286185
2011-04-29,3.731232159731633,2.404115356545901
2011-05-02,3.7935223601492822,2.444250309552192
2011-05-03,3.7454770547101757,2.4132936572530754
2011-05-04,3.7112852347734933,2.3912631118838634
2011-05-06,3.6547984485309546,2.354867426910624
2011-05-09,3.640706460863677,2.3457876477639963
2011-05-11,3.687441250923081,2.375899906036031
2011-05-12,3.6125906290047944,2.3276719958183762
2011-05-13,3.6082169812918132,2.3248539579207677
2011-05-16,3.5811561267788607,2.307418051198597
2011-05-17,3.5781436865433376,2.3054770693671642
2011-05-18,3.6349371184264028,2.342070332904762
2011-05-19,3.5664005712417723,2.2979107206057905
2011-05-20,3.59361433306599,2.315445148888508
2011-05-23,3.498663878878298,2.2542664724482684
2011-05-24,3.508960607357815,2.2609008822089223
2011-05-25,3.4648977479100695,2.23251020789096
2011-05-26,3.5602734755572176,2.2939628974214714
2011-05-27,3.574450642569086,2.303097559502643
2011-05-30,3.5634733103508403,2.2960246217089013
2011-05-31,3.646322895989686,2.349406441062683
2011-06-01,3.6443999203469275,2.348167425350149
2011-06-02,3.5982094470749075,2.3184058824159313
2011-06-03,3.5969670751708778,2.317605394736485
2011-06-07,3.573548572534421,2.302516335839741
2011-06-08,3.5457053145782287,2.284576309284662
2011-06-09,3.525401051881806,2.2714938240191715
2011-06-10,3.483278619454736,2.2443534097222844
2011-06-13,3.486801512494306,2.2466232875785335
2011-06-14,3.5346087312775567,2.277426535382559
2011-06-15,3.5511173192772207,2.2880633835404436
2011-06-16,3.483210475979064,2.2443095033746494
2011-06-17,3.4581922637002953,2.2281897161950064
2011-06-20,3.437292576609734,2.2147235858309724
2011-06-21,3.4858312989839693,2.245998157567996
2011-06-22,3.5126025437253134,2.2632474623127172
2011-06-23,3.498919416912071,2.254431121251901
2011-06-24,3.558401607521214,2.2927568114696646
2011-06-27,3.523478076239048,2.270254808306638
2011-06-28,3.51091765473841,2.2621618510952746
2011-06-29,3.5645453235656888,2.29671534351926
2011-06-30,3.575216425652406,2.303590970470275
2011-07-01,3.617849726392521,2.3310605485136104
2011-07-04,3.651139476294538,2.35250987021992
2011-07-05,3.6791360570709934,2.370548686057178
2011-07-06,3.695202127987784,2.380900410677066
2011-07-07,3.7112004709379,2.391208496670951
2011-07-08,3.7107920255928626,2.3909453263067717
2011-07-11,3.6713240723995355,2.3655152516554168
2011-07-12,3.5906018928304664,2.313504167057075
2011-07-13,3.6244870671266227,2.3353371338619286
2011-07-14,3.625219193981104,2.3358088593773747
2011-07-15,3.650969117605356,2.352400104350832
2011-07-18,3.625916833588751,2.3362583639973713
2011-07-19,3.6254572806369594,2.335962263872466
2011-07-20,3.6675628849496102,2.36309183544326
2011-07-21,3.650696959211664,2.3522247466819226
2011-07-22,3.6952702714634555,2.3809443170247007
2011-07-25,3.65995533070517,2.3581901200844038
2011-07-26,3.690964351717148,2.378169917753095
2011-07-27,3.700512332982263,2.384321893133026
2011-07-28,3.6690948666252474,2.3640789251001557
2011-07-29,3.6305630552044215,2.33925202728552
2011-08-01,3.6971084832706205,2.3821287175243224
2011-08-02,3.610242172148078,2.326158833154753
2011-08-03,3.516619269209006,2.2658355273285036
2011-08-04,3.435284213867882,2.2134295533230772
2011-08-05,3.3081164385020183,2.1314925447085176
2011-08-08,3.1816633386127204,2.0500160173008637
2011-08-09,3.065762297482212,1.9753384145966797
2011-08-10,3.074084734957717,1.9807007450232572
2011-08-11,3.0931462102411125,1.9929824748876694
2011-08-12,3.052078962914471,1.9665219396750475
2011-08-16,3.199397470401995,2.061442510412102
2011-08-17,3.2211821916583028,2.0754788878521295
2011-08-18,3.1665672734517685,2.0402892888306976
2011-08-19,2.969654650735081,1.913414133411538
2011-08-22,2.911482767751141,1.8759327033600397
2011-08-23,3.023775944251988,1.9482856791342469
2011-08-24,2.9865037483586088,1.9242703794467826
2011-08-25,3.003182487292955,1.9350168596129393
2011-08-26,3.0276391391609225,1.95077482100704
2011-08-29,3.1136715237244723,2.006207388061342
2011-08-30,3.138042996247849,2.0219104665208985
2011-08-31,3.199805915747032,2.061705680776281
2011-09-01,3.2008099932407066,2.06235263009982
2011-09-02,3.1787701494596243,2.06235263009982
2011-09-05,3.0393483904791507,2.06235263009982
2011-09-06,3.0068075955460336,2.06235263009982
2011-09-07,3.120411079672084,2.06235263009982
2011-09-08,3.142842540683784,2.06235263009982
2011-09-09,3.0854707202754983,2.06235263009982
2011-09-14,2.976938938979075,2.06235263009982
2011-09-15,3.0193507734232545,2.06235263009982
2011-09-16,3.1317118856452746,2.06235263009982
2011-09-19,3.099102947236485,2.06235263009982
2011-09-20,3.1280867773921956,2.06235263009982
2011-09-21,3.155845271512795,2.06235263009982
2011-09-22,3.064400882250254,2.06235263009982
2011-09-23,2.8889152275425944,2.06235263009982
2011-09-26,2.812788161982442,2.06235263009982
2011-09-27,2.9540479250155824,2.06235263009982
2011-09-28,2.9325696416453018,2.06235263009982
2011-09-29,3.01119869463693,2.06235263009982
2011-09-30,3.011811362654486,2.06235263009982
2011-10-05,2.836291843963489,2.06235263009982
2011-10-06,2.910836027995748,2.06235263009982
2011-10-07,2.994996336768795,2.06235263009982
2011-10-10,3.0063480425942415,2.06235263009982
2011-10-11,3.0549891879364846,2.06235263009982
2011-10-12,3.0796330266080525,2.06235263009982
2011-10-13,3.102779163096318,2.06235263009982
2011-10-14,3.1237129219247155,2.06235263009982
2011-10-17,3.1743962939921437,2.06235263009982
2011-10-18,3.1296696589200885,2.06235263009982
2011-10-19,3.158636453206881,2.06235263009982
2011-10-20,3.0721274798226217,2.06235263009982
2011-10-21,3.1287846247543416,2.06235263009982
2011-10-24,3.230797900890091,2.06235263009982
2011-10-25,3.2143404204971815,2.06235263009982
2011-10-26,3.2239733733523877,2.06235263009982
2011-10-27,3.2711677163635837,2.06235263009982
2011-10-28,3.2838299375687323,2.06235263009982
2011-10-31,3.249025657368993,2.06235263009982
2011-11-01,3.250046770731586,2.06235263009982
2011-11-02,3.230270412217126,2.06235263009982
2011-11-03,3.1825313369095483,2.06235263009982
2011-11-04,3.282008969384983,2.06235263009982
2011-11-07,3.26616394925513,2.06235263009982
2011-11-08,3.239001295037667,2.06235263009982
2011-11-09,3.246472770085261,2.06235263009982
2011-11-10,3.0860152448173803,2.06235263009982
2011-11-11,3.171451789477793,2.06235263009982
2011-11-14,3.2384397346268656,2.06235263009982
2011-11-15,3.2100345007508744,2.06235263009982
2011-11-16,3.158891575731655,2.06235263009982
2011-11-17,3.193951393965166,2.06235263009982
2011-11-18,3.1301292118718798,2.06235263009982
2011-11-21,3.0975543452009267,2.06235263009982
2011-11-22,3.1081913755498074,2.06235263009982
2011-11-23,3.034702168863478,2.06235263009982
2011-11-24,3.055057331412156,2.06235263009982
2011-11-25,3.023299355431277,2.06235263009982
2011-11-28,3.0894702021357765,2.06235263009982
2011-11-29,3.1596575665694733,2.06235263009982
2011-11-30,3.1443232069981666,2.06235263009982
2011-12-01,3.2611944616390125,2.06235263009982
2011-12-02,3.2609561672286578,2.06235263009982
2011-12-05,3.27263134680905,2.06235263009982
2011-12-06,3.238456562741286,2.06235263009982
2011-12-07,3.266708681551513,2.06235263009982
2011-12-08,3.254744099954012,2.06235263009982
2011-12-09,3.1906836234503704,2.06235263009982
2011-12-12,3.233248780714813,2.06235263009982
2011-12-13,3.1724901464638036,2.06235263009982
2011-12-14,3.161750900901414,2.06235263009982
2011-12-15,3.095988499541952,2.06235263009982
2011-12-16,3.1314735912349194,2.06235263009982
2011-12-19,3.0242014254659426,2.06235263009982
2011-12-20,3.051653481700515,2.06235263009982
2011-12-21,3.145854980919306,2.06235263009982
2011-12-22,3.1442891352603315,2.06235263009982
2011-12-23,3.1778680794249596,2.06235263009982
2011-12-26,3.1599637967010032,2.06235263009982
2011-12-27,3.1349796561600707,2.06235263009982
2011-12-28,3.1062170845457966,2.06235263009982
2011-12-29,3.107272269646226,2.06235263009982
2012-01-02,3.108344490615573,2.06235263009982
2012-01-03,3.1918069520264734,2.1177290619351754
2012-01-04,3.176166154569139,2.1073515636011333
2012-01-05,3.171945414167423,2.1045511484300583
2012-01-06,3.136885803688411,2.0812894796864674
2012-01-09,3.1085487132880916,2.0624881296131683
2012-01-10,3.154041131443466,2.0926718523361787
2012-01-11,3.140987500762199,2.084010910909274
2012-01-12,3.173357937006134,2.105488341910475
2012-01-13,3.192266504978264,2.118033970300918
2012-01-16,3.1643378599229823,2.0995036192543135
2012-01-17,3.2213012349862304,2.1372981966364963
2012-01-18,3.220705602837593,2.1369030012094696
2012-01-19,3.259134991290411,2.162400480844715
2012-01-20,3.3185662820472994,2.201832493342925
2012-01-25,3.322548728038661,2.2044748027746217
2012-01-26,3.3309733807276745,2.210064467846598
2012-01-27,3.3439929396711054,2.218702803047471
2012-01-30,3.302670362065191,2.19128572399933
2012-01-31,3.328607680247543,2.2084948514086653
2012-02-01,3.334479237898326,2.212390565799536
2012-02-02,3.377129574507359,2.240688598448698
2012-02-03,3.356774411958681,2.2271831703518075
2012-02-06,3.3581189990762192,2.2280752892230025
2012-02-07,3.372517216875025,2.2376283495211022
2012-02-08,3.410197858113441,2.2626290435550205
2012-02-09,3.428731844723871,2.2749261413019584
2012-02-10,3.3931445378173946,2.251314351740562
2012-02-13,3.4136187436940006,2.2648987637857214
2012-02-14,3.4083428181918554,2.2613982448218772
2012-02-15,3.4469423575793554,2.2870086177444384
2012-02-16,3.399509720157805,2.2555375807232063
2012-02-17,3.4437938381469864,2.2849196094791475
2012-02-20,3.4462276821027897,2.286534438369143
2012-02-21,3.445104353526688,2.285789122124311
2012-02-22,3.4526099003121185,2.290768970464803
2012-02-23,3.4171248086191506,2.2672249995815013
2012-02-24,3.4377010219547666,2.280877092461914
2012-02-27,3.3888047540877495,2.248434952621218
2012-02-28,3.410129714637767,2.2625838311029574
2012-02-29,3.455332938530532,2.2925756765903835
2012-03-02,3.4627873777092075,2.2975216155918283
2012-03-05,3.4311827245485915,2.27655227330497
2012-03-06,3.404462379659503,2.2588236162254347
2012-03-07,3.373470394516443,2.2382607724786188
2012-03-08,3.4051431911527312,2.2592753272175403
2012-03-09,3.434995019605271,2.2790816894493506
2012-03-12,3.4081045237814998,2.261240139082499
2012-03-13,3.4464659765131445,2.286692544108523
2012-03-14,3.4805724093507378,2.3093217898945984
2012-03-15,3.478325959953034,2.307831295247776
2012-03-16,3.462463903954263,2.297306994287371
2012-03-19,3.483840179865534,2.3114899199509993
2012-03-20,3.4755858858657023,2.3060132860091804
2012-03-21,3.4501930922252337,2.2891654446878245
2012-03-22,3.448303980565812,2.28791203972865
2012-03-23,3.449512280732005,2.288713733695719
2012-03-26,3.436509549902993,2.28008656376502
2012-03-27,3.47151826052975,2.3033144610124054
2012-03-28,3.457868789945346,2.2942581863156324
2012-03-29,3.428374506985588,2.2746890516143115
2012-03-30,3.4277448030991144,2.274271249961253
2012-04-02,3.453699157150384,2.2914916804836043
2012-04-03,3.4877206183978857,2.3140645485474427
2012-04-04,3.4355225082782366,2.279431672424314
2012-04-05,3.452814122984637,2.2909044699781513
2012-04-06,3.453256640067511,2.291198075230878
2012-04-09,3.3988800162713315,2.255119779070149
2012-04-10,3.3943360098691686,2.2521048804374577
2012-04-12,3.3810949846298017,2.24331960476738
2012-04-13,3.4190139202785725,2.268478404540677
2012-04-16,3.3913065337647272,2.2500948561204357
2012-04-17,3.378831499363179,2.241817807007542
2012-04-18,3.4115594810998964,2.263532465539232
2012-04-19,3.403611417231593,2.2582590119460138
2012-04-20,3.360705958097786,2.2297917082872987
2012-04-23,3.357268036648308,2.227510684943582
2012-04-24,3.3415933752076366,2.2171107182263503
2012-04-25,3.339142495382915,2.215484586223339
2012-04-26,3.342648560308066,2.217810822019119
2012-04-27,3.3618972223950614,2.230582099141352
2012-04-30,3.3731980283682526,2.2380800605132087
2012-05-02,3.4022668301140553,2.257366893074819
2012-05-03,3.3955272741664437,2.2528952712915116
2012-05-04,3.38538386850719,2.2461652323905184
2012-05-07,3.329713765200227,2.2092287266976416
2012-05-08,3.347703227268774,2.2211645383566
2012-05-09,3.319247093540527,2.202284204335032
2012-05-10,3.3101248012438664,2.196231663000776
2012-05-11,3.2628112071502438,2.1648396099278124
2012-05-14,3.2570246210895526,2.161000273259179
2012-05-15,3.231887157728357,2.1443218407902176
2012-05-16,3.132443804745257,2.07834226188903
2012-05-17,3.140459804334734,2.0836607900914697
2012-05-18,3.0336129120252133,2.012769043685043
2012-05-21,3.0619840741633686,2.031592999984374
2012-05-22,3.112292864869097,2.064972333305486
2012-05-23,3.0781353244247494,2.0423091781803633
2012-05-24,3.088091543280402,2.0489150206810245
2012-05-25,3.104600339034565,2.059868426407504
2012-05-29,3.1484078682030368,2.0889342436846876
2012-05-30,3.139813064579341,2.083231685325395
2012-05-31,3.1374473640992098,2.0816620688874625
2012-06-01,3.1221981838724937,2.0715444043099414
2012-06-04,3.034753276470232,2.01352566304289
2012-06-05,3.066613259910121,2.0346644141821435
2012-06-07,3.1450719542125674,2.086720901176223
2012-06-08,3.1241213672697503,2.0728204154951473
2012-06-11,3.1775618492934288,2.1082775918113765
2012-06-12,3.156628090465031,2.0943882714004745
2012-06-13,3.164422831513072,2.0995599969765513
2012-06-14,3.185118295931115,2.1132912116480744
2012-06-15,3.162448748263559,2.09825021429514
2012-06-18,3.2195482025236535,2.1361350787386075
2012-06-19,3.2196504177371623,2.136202897416702
2012-06-20,3.2406691481556518,2.150148595549841
2012-06-21,3.2151913829250915,2.133244376506248
2012-06-22,3.144118984325648,2.0860886160615495
2012-06-25,3.1066596016286683,2.0612347246539944
2012-06-26,3.093776121882083,2.0526866765144054
2012-06-27,3.093503755733892,2.052505964548995
2012-06-28,3.0961077506243777,2.054233686726306
2012-06-29,3.1553857185610026,2.093563971207374
2012-07-02,3.1513692008318053,2.0908990555496465
2012-07-03,3.178889192787551,2.109158269726714
2012-07-04,3.190172962891824,2.116644927985555
2012-07-05,3.1919430312233175,2.117819348996461
2012-07-06,3.162516683984733,2.0982952889043616
2012-07-09,3.1249552938287435,2.073373716661554
2012-07-10,3.1135863443798795,2.065830542837634
2012-07-11,3.108378562353407,2.062375236325853
2012-07-12,3.0385996432647473,2.0160776854133022
2012-07-13,3.0854025767998237,2.047130920781476
2012-07-16,3.093742050144246,2.0526640702883734
2012-07-17,3.1008389438301402,2.057372781759329
2012-07-18,3.0548020011328822,2.026827772948339
2012-07-19,3.1025408686859612,2.058501990318172
2012-07-20,3.102489968833706,2.0584682188219663
2012-07-23,3.0454923142781225,2.0206508973709103
2012-07-24,3.0531341480148972,2.0257211706155283
2012-07-25,3.011232766374765,1.9979200614105348
2012-07-26,3.0336299478941298,2.0127803467980585
2012-07-27,3.1130929274447503,2.0655031660887015
2012-07-30,3.137992096395591,2.082023492818284
2012-07-31,3.2030055427861526,2.1251592046289383
2012-08-01,3.1994996856155007,2.122833106676
2012-08-02,3.181578367022626,2.1109425074691046
2012-08-03,3.146314533871095,2.087545339212166
2012-08-06,3.2096260554058356,2.1295518424639774
2012-08-07,3.2111919010648107,2.1305907639615356
2012-08-08,3.2391544101034295,2.1491435833913295
2012-08-09,3.3027382977863615,2.191330798608552
2012-08-10,3.312626580920841,2.197891566499992
2012-08-13,3.288867568660521,2.1821277212854158
2012-08-14,3.3305987993659714,2.2098159372030937
2012-08-16,3.332215752631701,2.2108887680396996
2012-08-17,3.3128648753311967,2.198049672239372
2012-08-20,3.312473465855078,2.197789976325693
2012-08-21,3.307214368467352,2.194300622632023
2012-08-22,3.2935478620140297,2.185233044822234
2012-08-23,3.306057175907913,2.193532838004001
2012-08-24,3.2673724571758225,2.1678659495163615
2012-08-27,3.2640706149231904,2.165675213233929
2012-08-28,3.2614495841637865,2.163936187943602
2012-08-29,3.28223022792642,2.1777239181802037
2012-08-30,3.2445155149501677,2.152700617920254
2012-08-31,3.2423710730114736,2.151277804108685
2012-09-03,3.255288624495895,2.1598484584743054
2012-09-04,3.245791958592034,2.1535475243393862
2012-09-05,3.1894582874152593,2.116170748610261
2012-09-06,3.2017290991442886,2.1243122982098077
2012-09-07,3.284000088503415,2.178898201348268
2012-09-10,3.275694686896829,2.173387658067402
2012-09-11,3.2676957231762698,2.1680804329779777
2012-09-12,3.3188045764576533,2.201990599082306
2012-09-13,3.319927697279256,2.202735777484296
2012-09-14,3.4167502272574506,2.266976468937998
2012-09-17,3.407849193502227,2.261070730230105
2012-09-18,3.41229119244538,2.2640179480275435
2012-09-19,3.417260887815997,2.2673152866427873
2012-09-20,3.3873920234945394,2.247497621297961
2012-09-21,3.4078832652400637,2.2610933364561365
2012-09-24,3.409704233423813,2.262301528963248
2012-09-25,3.389230235301706,2.24871725476093
2012-09-26,3.370559961739931,2.236329732109866
2012-09-27,3.384617877669372,2.2456570058333343
2012-09-28,3.3973993499569475,2.2541373731376706
2012-10-02,3.3970931198254193,2.25393419278907
2012-10-04,3.3913917131093188,2.2501513716855155
2012-10-05,3.395629489379953,2.2529630899696063
2012-10-08,3.3730278774335707,2.2379671672258934
2012-10-09,3.3681774331453807,2.23474895040176
2012-10-10,3.315723992746459,2.199946665426237
2012-10-11,3.2899738613677076,2.182861734417233
2012-10-12,3.290263263384817,2.1830537494956594
2012-10-15,3.2772094249490507,2.174392670225913
2012-10-16,3.304355251052095,2.192403629445159
2012-10-17,3.3275184234092787,2.2077721413898677
2012-10-18,3.3342750152258085,2.2122550662861915
2012-10-19,3.308269553567784,2.195000726424793
2012-10-22,3.304440222642187,2.192460007167397
2012-10-23,3.279285931166572,2.1757704094282615
2012-10-24,3.257416030565673,2.1612599691728596
2012-10-25,3.275354385027466,2.173161871492771
2012-10-26,3.219071821457446,2.1358190051026935
2012-10-29,3.21922493652321,2.1359205952769935
2012-10-30,3.232942342828788,2.145021944582988
2012-10-31,3.254182539543213,2.159114583185332
2012-11-01,3.2310021235626123,2.1437346302847664
2012-11-02,3.2655172094997416,2.1666350129403784
2012-11-05,3.247646998513621,2.15477832307253
2012-11-06,3.2816005240399493,2.177306116527147
2012-11-07,3.2975645874977304,2.187898098322805
2012-11-08,3.258182021403493,2.161768195730044
2012-11-09,3.241162772845283,2.150476110141617
2012-11-12,3.235137892374237,2.1464786677336045
2012-11-13,3.2161273169430973,2.1338653585079084
2012-11-14,3.223513820400599,2.1387662229001316
2012-11-15,3.1838248164203344,2.1124330021159285
2012-11-16,3.166992754665725,2.1012651129278335
2012-11-19,3.196385030166473,2.1207665667939017
2012-11-20,3.21694441538767,2.1344074944041402
2012-11-21,3.206494571842389,2.127474137311705
2012-11-22,3.232806263631942,2.144931657521704
2012-11-23,3.2529399598846847,2.15829014514939
2012-11-26,3.248140623203249,2.155105837664304
2012-11-27,3.276545649324741,2.1739522623468246
2012-11-28,3.255407875578324,2.1599275802654168
2012-11-29,3.2929692657343135,2.184849152508225
2012-11-30,3.289650595367262,2.1826472509556183
2012-12-03,3.3017682920305274,2.1906872103808643
2012-12-04,3.2935310338996135,2.1852218795520613
2012-12-05,3.3137158377591103,2.1986142765187946
2012-12-06,3.318106729095509,2.201527584977186
2012-12-07,3.331432725924968,2.2103692383695015
2012-12-10,3.331381826072713,2.2103354668732957
2012-12-11,3.343635601932824,2.2184657133598265
2012-12-12,3.3620503374608273,2.2306836893156543
2012-12-13,3.4085640767332936,2.2615450474482435
2012-12-14,3.3954082308385174,2.252816287343244
2012-12-17,3.3750360324209208,2.239299556133337
2012-12-18,3.3920893527169667,2.2506142479477957
2012-12-20,3.402998749214039,2.257852513405973
2012-12-21,3.3705260977565943,2.2363072637266774
2012-12-24,3.372908626351144,2.237888045434784
2012-12-26,3.3736405454511265,2.2383736657659363
2012-12-27,3.3823203206649137,2.244132601847466
2012-12-28,3.3988291164190763,2.255086007573945
2013-01-02,3.456779533107081,2.293535476296834
2013-01-03,3.4368841312646934,2.2803350944085268
2013-01-04,3.4241705946982917,2.2718998017134124
2013-01-07,3.4229963662699348,2.2711207139723752
2013-01-08,3.400343646716798,2.256090881889615
2013-01-09,3.3899110467949343,2.249168965753037
2013-01-10,3.4154228837633305,2.2660957910226616
2013-01-11,3.398182376663684,2.2546569028078713
2013-01-14,3.415831329108368,2.2663667900493567
2013-01-15,3.3761763968659397,2.240056175491185
2013-01-16,3.365471223041386,2.2329534095463552
2013-01-17,3.360059218342395,2.229362603521227
2013-01-18,3.383171283092824,2.244697206126888
2013-01-21,3.3814863941059214,2.243579300681061
2013-01-22,3.397927046384412,2.254487493955477
2013-01-23,3.370509061887676,2.2362959606136625
2013-01-24,3.3433973075224683,2.218307607620448
2013-01-25,3.3131199978559738,2.198218943248927
2013-01-28,3.3012405956030633,2.1903370895630596
2013-01-29,3.328896874510154,2.2086867286442535
2013-01-30,3.343312335932377,2.218251229898211
2013-01-31,3.339074351907244,2.2154393737712788
2013-02-01,3.332011529959186,2.210753268526355
2013-02-04,3.3242165811566466,2.205581405107437
2013-02-05,3.2986368084670765,2.188609505228591
2013-02-06,3.2952497868698534,2.1863622533810796
2013-02-07,3.2877274119700037,2.1813712397704133
2013-02-08,3.320285242772039,2.2029730050147878
2013-02-12,3.3115884316893336,2.1972027658202427
2013-02-13,3.363122558430173,2.2313950962214397
2013-02-14,3.369147438901219,2.235392538629452
2013-02-15,3.3718195772673774,2.237165473258827
2013-02-18,3.3730619491714067,2.237989773451927
2013-02-19,3.379733361643346,2.242416182783172
2013-02-20,3.445785165019917,2.286240833116421
2013-02-21,3.429752958086464,2.2756036388687
2013-02-22,3.4359990970989465,2.2797478839030756
2013-02-25,3.420052069510084,2.269167205220433
2013-02-26,3.403866747510867,2.2584284207984116
2013-02-27,3.4107255545409054,2.2629791643728296
2013-02-28,3.448933684452287,2.288329841381712
2013-03-04,3.426230065046895,2.273266237802746
2013-03-05,3.4321186585665955,2.277173255306632
2013-03-06,3.439147616531316,2.281836892168366
2013-03-07,3.4113382225584608,2.263385662912872
2013-03-08,3.4140782966457923,2.265203672151468
2013-03-11,3.4095511183580487,2.2621999387889504
2013-03-12,3.392514833930921,2.2508965500875076
2013-03-13,3.4033901586901574,2.2581122093196537
2013-03-14,3.4074748198950275,2.2608223374294445
2013-03-15,3.3808737260883657,2.2431728021410193
2013-03-18,3.349694554141705,2.2224857619938714
2013-03-19,3.3673605424553066,2.234206952348372
2013-03-20,3.3347686399154353,2.212582580877966
2013-03-21,3.320148955820694,2.202882580110661
2013-03-22,3.3165579193054513,2.200499966592644
2013-03-25,3.3658458044030866,2.233201940189861
2013-03-26,3.3761082533902678,2.2400109630391225
2013-03-27,3.392684984865604,2.2510094433748233
2013-03-28,3.392821271816949,2.251099868278949
2013-03-29,3.412172149117453,2.263938964079277
2013-04-01,3.3970249763497464,2.2538889803370084
2013-04-02,3.3802780939397277,2.2427776067139917
2013-04-03,3.375291362700193,2.2394689649857322
2013-04-04,3.3348365756366083,2.2126276554871867
2013-04-05,3.280000606643136,2.1762445888035566
2013-04-08,3.265466101892985,2.1666011036013306
2013-04-09,3.2689551309492173,2.1689160362840947
2013-04-10,3.2942116376383406,2.1856734527013244
2013-04-11,3.3184131669815344,2.2017309031686274
2013-04-12,3.274894832075673,2.1728569631270283
2013-04-15,3.2684615062595896,2.1685885216923206
2013-04-16,3.2714569106261946,2.170575939783311
2013-04-17,3.2742310564513626,2.1724165552479384
2013-04-18,3.233759441273359,2.1455640804792186
2013-04-19,3.2451452188366416,2.153118419573312
2013-04-22,3.27843496873866,2.1752058051488397
2013-04-23,3.2653640944339752,2.1665334227660775
2013-04-24,3.2937522924410487,2.185368682178424
2013-04-25,3.3214765070693133,2.2037633958688394
2013-04-26,3.309495097357393,2.195813861347719
2013-04-29,3.3029254845899647,2.1914549950088857
2013-04-30,3.3424952374878023,2.2177090940019784
2013-05-02,3.331024280579929,2.210098239342806
2013-05-03,3.345490641854407,2.219696512092969
2013-05-06,3.338291532955004,2.2149199819439187
2013-05-07,3.3261568004228206,2.206868719405657
2013-05-08,3.3297308010691453,2.2092400298106583
2013-05-09,3.3688750727530277,2.2352118266640404
2013-05-10,3.3098183633578393,2.1960283448093354
2013-05-13,3.3165408834365326,2.2004886634796272
2013-05-14,3.3508006390943885,2.2232196372828446
2013-05-15,3.354936407906013,2.225963674731682
2013-05-16,3.3814014225158284,2.2435229229588227
2013-05-20,3.3739469833371527,2.238576983957378
2013-05-21,3.3716662544471134,2.2370637452416826
2013-05-22,3.393348760489913,2.2514498512539114
2013-05-23,3.3514133071119443,2.2236261358228866
2013-05-24,3.3586635236181017,2.228436575310984
2013-05-27,3.369760106918774,2.235799037169493
2013-05-28,3.3803971372676553,2.2428565906622597
2013-05-29,3.4058919383671338,2.259772112818869
2013-05-30,3.4040198625766305,2.2585300109727102
2013-05-31,3.40563681584236,2.259602841809316
2013-06-03,3.3860985439837563,2.2466394117658153
2013-06-04,3.3859965365247464,2.2465717309305626
2013-06-05,3.334394058553735,2.212334050234461
2013-06-07,3.2742480923202812,2.1724278583609555
2013-06-10,3.2893100857433972,2.182421326538145
2013-06-11,3.2688531234902083,2.168848355448843
2013-06-12,3.2505233595522967,2.1566867572152524
2013-06-13,3.2042649505591028,2.1259948079350575
2013-06-14,3.215344497990857,2.1333459666805505
2013-06-17,3.2048946544455763,2.1264126095881153
2013-06-18,3.2347124111602796,2.146196365593894
2013-06-19,3.213761824217463,2.132295879912818
2013-06-20,3.1493949098277945,2.089589135025396
2013-06-21,3.1023196101445265,2.058355187691811
2013-06-24,3.0617798514908503,2.0314575004710282
2013-06-25,3.0304984643306807,2.0107026416457856
2013-06-26,3.0352978010121165,2.013886949130872
2013-06-27,3.122521449872942,2.0717588877715603
2013-06-28,3.171230530936358,2.1040768312119247
2013-07-01,3.1583129794519365,2.095506176846304
2013-07-02,3.157104679285743,2.094704482879235
2013-07-03,3.1054342655935585,2.0604217275739116
2013-07-04,3.130078104265127,2.0767726454510993
2013-07-05,3.1201559571473103,2.070189409176469
2013-07-08,3.0921421327474374,2.051602542564786
2013-07-09,3.1151181183010204,2.0668468581091624
2013-07-10,3.104583303165648,2.0598571232944902
2013-07-11,3.1955340677385613,2.12020196251448
2013-07-12,3.1825654086473856,2.1115973988098125
2013-07-15,3.1913814708125177,2.1174467597954676
2013-07-16,3.1764044489794934,2.1075096693405153
2013-07-17,3.2123661294931702,2.131369851702575
2013-07-18,3.1919259953544006,2.117808045883447
2013-07-19,3.184999252603189,2.1132122276998073
2013-07-22,3.2002143610920686,2.123307286051297
2013-07-23,3.2407202557624073,2.15018250488889
2013-07-24,3.2542164035265477,2.159137051568521
2013-07-25,3.2500126989937494,2.156347939510461
2013-07-26,3.252055133473434,2.157703072486777
2013-07-29,3.2334700392562494,2.145372065400792
2013-07-30,3.2626751279533974,2.164749322866528
2013-07-31,3.2575352816480985,2.1613390909639687
2013-08-01,3.2689551309492177,2.168916036284094
2013-08-02,3.2734482374991254,2.1718971634205797
2013-08-05,3.2612623973601873,2.16381199154327
2013-08-06,3.2449239602952056,2.1529716169469486
2013-08-07,3.1967764396425906,2.1210262627075793
2013-08-08,3.206375320759961,2.127395015520593
2013-08-09,3.2008270291096244,2.1237137845913385
2013-08-12,3.207838951205427,2.1283661183400566
2013-08-13,3.2558333567922775,2.1602098824051255
2013-08-14,3.2743503075337896,2.1724956770390476
2013-08-16,3.2678829099798703,2.168204629378309
2013-08-19,3.2636792054470725,2.1654155173202496
2013-08-20,3.212978797510726,2.1317763502426166
2013-08-21,3.1782765247699967,2.108751771186673
2013-08-22,3.1470632810855,2.088042124813494
2013-08-23,3.182871846533413,2.1118007170012536
2013-08-26,3.212995833379645,2.131787653355633
2013-08-27,3.2095579119301667,2.129506630011916
2013-08-28,3.2073114625324624,2.128016135365094
2013-08-29,3.2464898059541807,2.154010538444507
2013-08-30,3.278519940328752,2.1752621828710765
2013-09-02,3.2758820814549288,2.1735119923105755
2013-09-03,3.2910801540748906,2.1835957475490493
2013-09-04,3.2898718539086973,2.18279405358198
2013-09-05,3.321561686413904,2.2038199114339174
2013-09-06,3.327790789557468,2.2079528533552772
2013-09-09,3.3607400298356227,2.229814314513331
2013-09-10,3.3937403777205315,2.2517096850104323
2013-09-11,3.4104020807859596,2.26276454306837
2013-09-12,3.410759626278741,2.263001770598859
2013-09-13,3.3941826870489056,2.2520031524203166
2013-09-16,3.4266044386540946,2.2735146306034064
2013-09-17,3.4133463775458095,2.2647180518203123
2013-09-23,3.4198648827064835,2.269043008820099
2013-09-24,3.4159333365673774,2.266434470884608
2013-09-25,3.4005480771438155,2.2562265192458026
2013-09-26,3.4163077101745785,2.2666828636852716
2013-09-27,3.4239325080424354,2.271741833816874
2013-09-30,3.3986757935988128,2.254984279556802
2013-10-01,3.401926528244691,2.2571411065001876
2013-10-02,3.4029476416072835,2.257818604066925
2013-10-04,3.398709865336649,2.255006885782834
2013-10-07,3.394353045738087,2.2521161835504744
2013-10-08,3.408547040864374,2.261533744335227
2013-10-10,3.4062324479909973,2.259998037236342
2013-10-11,3.4462276821027897,2.286534438369145
2013-10-14,3.4383477617101588,2.2813061972279898
2013-10-15,3.473560487254935,2.304669456145881
2013-10-16,3.4627533059713715,2.2974990093657985
2013-10-17,3.4729648551062975,2.304274260718855
2013-10-18,3.4930304078833676,2.3175875358944777
2013-10-21,3.4940687648693776,2.3182764744170727
2013-10-22,3.49936193399494,2.3217884343367743
2013-10-23,3.4646935252375477,2.2987863236640207
2013-10-24,3.4833124834380693,2.311139799133196
2013-10-25,3.462378932364171,2.297250616565136
2013-10-28,3.4857801913772106,2.312777096406381
2013-10-29,3.4919413587996018,2.31686496371852
2013-10-30,3.505250527514641,2.325695451840661
2013-10-31,3.455060572382341,2.2923949646249753
2013-11-01,3.47093966425003,2.3029305686983963
2013-11-04,3.446687235054581,2.286839346734888
2013-11-05,3.4275576162955135,2.2741470535609234
2013-11-06,3.4271150992126405,2.273853448308197
2013-11-07,3.4107255545409045,2.2629791643728283
2013-11-08,3.378099580263197,2.2413321866763907
2013-11-11,3.3652161005166117,2.2327841385368017
2013-11-12,3.3961569780529173,2.2533130729445703
2013-11-13,3.3418316696179913,2.21726882396573
2013-11-14,3.3486393690412752,2.221785658201101
2013-11-15,3.413448592759318,2.2647858704984074
2013-11-18,3.4222476190555318,2.2706239283710468
2013-11-19,3.457698639010663,2.294145293028317
2013-11-20,3.4331908795359416,2.277884662212414
2013-11-21,3.393263788899821,2.2513934735316736
2013-11-22,3.4144526702529925,2.2654520649521284
2013-11-25,3.431046437597247,2.2764618484008445
2013-11-26,3.4423813153082747,2.2839824159987328
2013-11-27,3.45288226646031,2.2909496824302154
2013-11-28,3.481746845533594,2.310101015478478
2013-11-29,3.4802150716124554,2.3090847002069514
2013-12-02,3.4562350085651974,2.2931741902088536
2013-12-03,3.419779703361893,2.2689864932550203
2013-12-04,3.381384386646911,2.2435116198458065
2013-12-05,3.3779294293285145,2.2412192933890736
2013-12-06,3.3705090618876747,2.2362959606136603
2013-12-09,3.4044964513973395,2.2588462224514667
2013-12-10,3.39270202073452,2.2510207464878365
2013-12-11,3.3663562572071313,2.233540620051806
2013-12-12,3.349269072927748,2.222203459854158
2013-12-13,3.340725376910807,2.2165348108339127
2013-12-16,3.337729972544202,2.2145473927429222
2013-12-17,3.345541749461161,2.219730421432015
2013-12-18,3.3606718863599494,2.2297691020612675
2013-12-19,3.362407882953607,2.230920916846142
2013-12-20,3.3755126212416284,2.239615767612094
2013-12-23,3.398556750270884,2.2549052956085336
2013-12-24,3.406555713991443,2.2602125206979573
2013-12-26,3.402658447344672,2.25762672683134
2013-12-27,3.4077301501742983,2.2609917462818365
2013-12-30,3.423149481335697,2.271222304146674
2014-01-02,3.348009457400301,2.2213677187052006
2014-01-03,3.312184063837969,2.1975979612472667
2014-01-06,3.324335832239071,2.2056605268985447
2014-01-07,3.3348195397676887,2.2126163523741695
2014-01-08,3.3340026490776142,2.2120743543207797
2014-01-09,3.3121329562312147,2.1975640519082194
2014-01-10,3.2992494764846296,2.1890160037686304
2014-01-13,3.3169154647982313,2.200737194123131
2014-01-14,3.3120648127555423,2.1975188394561562
2014-01-15,3.3243358322390706,2.2056605268985443
2014-01-16,3.331211467383528,2.2102224357431366
2014-01-17,3.3093588104060467,2.195723436443592
2014-01-20,3.3251867946669815,2.2062251311779657
2014-01-21,3.3423932300287915,2.2176414131667244
2014-01-22,3.3535068491983826,2.2250151781382494
2014-01-23,3.3146517717771107,2.199235258520452
2014-01-24,3.3026873979341085,2.1912970271123475
2014-01-27,3.2512550708977797,2.1571722397035615
2014-01-28,3.2624709052808796,2.1646138233531813
2014-01-29,3.3036914754277835,2.1919632215660694
2014-02-03,3.2676275797005974,2.168035220525915
2014-02-04,3.211276872654905,2.1306471416837742
2014-02-05,3.218884426899345,2.135694670859519
2014-02-06,3.247085438102818,2.154405733871534
2014-02-07,3.2719505353158227,2.1709034543750847
2014-02-10,3.2733121583022786,2.1718068763592955
2014-02-11,3.2882210366596305,2.181698754362185
2014-02-12,3.2946541547212145,2.1859670579540507
2014-02-13,3.2795410536913443,2.1759396804378137
2014-02-14,3.3022108091133995,2.19098081563359
2014-02-17,3.3125584374451713,2.1978463540479307
2014-02-18,3.3134945792176724,2.198467473892431
2014-02-19,3.306720951532225,2.193973245883092
2014-02-20,3.2856849774903183,2.1800161067940955
2014-02-21,3.3320794656803576,2.2107983431355747
2014-02-24,3.3171367233396687,2.2008839967494955
2014-02-25,3.3440440472778588,2.218736712386521
2014-02-26,3.35410248134702,2.225410373565277
2014-02-27,3.3671392839138683,2.2340601497220076
2014-02-28,3.3697941786566097,2.2358216433955245
2014-03-03,3.3437546452607494,2.2185446973080944
2014-03-04,3.325748355077783,2.2065977203789617
2014-03-05,3.3549023361681765,2.2259410685056507
2014-03-06,3.362356775346852,2.230887007507095
2014-03-07,3.36075706570454,2.229825617626347
2014-03-10,3.326276051505247,2.2069478411967665
2014-03-11,3.342359158290956,2.2176188069406932
2014-03-12,3.2890379273497046,2.1822407524155745
2014-03-13,3.2921694109131554,2.184318457567849
2014-03-14,3.2675255722415875,2.1679675396906615
2014-03-17,3.2805112672016814,2.1765834065083447
2014-03-18,3.3020915580309715,2.190901693842479
2014-03-19,3.297785846039164,2.1880449009491665
2014-03-20,3.266878832486195,2.1675384349245874
2014-03-21,3.293122380800075,2.184950742682523
2014-03-24,3.3111799863442943,2.196931766793545
2014-03-25,3.3038616263624645,2.1920761148533843
2014-03-26,3.3431081132598552,2.2181157303848607
2014-03-27,3.366356257207131,2.233540620051806
2014-03-28,3.371513139381348,2.2369621550673813
2014-03-31,3.3793589880361425,2.242167789982505
2014-04-01,3.390200241057542,2.249360842988619
2014-04-02,3.3991694182884387,2.2553117941485747
2014-04-03,3.3931275019484746,2.2513030486275465
2014-04-04,3.383579728437859,2.24496820515358
2014-04-07,3.386319802525191,2.2467862143921757
2014-04-08,3.3919873452579545,2.250546567112541
2014-04-09,3.4020626074415357,2.257231393561471
2014-04-10,3.418503259720026,2.268139586835887
2014-04-11,3.3994926842888864,2.255526277610191
2014-04-14,3.398778008812321,2.255052098234896
2014-04-15,3.3906938657471715,2.249688357580393
2014-04-16,3.3905916505336626,2.2496205389022985
2014-04-17,3.390319492139971,2.2494399647797296
2014-04-18,3.4111339998859416,2.2632501633995212
2014-04-21,3.4025221603933278,2.257536301927213
2014-04-22,3.4110317846724323,2.2631823447214265
2014-04-23,3.4044794155284217,2.2588349193384505
2014-04-24,3.4010244582100255,2.256542592881718
2014-04-25,3.355617219399241,2.226415385723786
2014-04-28,3.351532558194371,2.2237052576139953
2014-04-29,3.3438909322120947,2.218635122212219
2014-04-30,3.338819229382468,2.2152701027617225
2014-05-02,3.3348195397676896,2.212616352374169
2014-05-07,3.301529997620171,2.1905291046414836
2014-05-08,3.319774582213492,2.2026341873099953
2014-05-09,3.329901159758326,2.2093530609408143
2014-05-12,3.344180126474705,2.218826999447804
2014-05-13,3.3747979457650636,2.2391415882367984
2014-05-14,3.4222814830388697,2.2706463967542363
2014-05-15,3.4212092620695223,2.2699349898484518
2014-05-16,3.4267234819820223,2.273593614551675
2014-05-19,3.429616878889617,2.275513351807412
2014-05-20,3.4230134021388516,2.271132017085389
2014-05-21,3.4180266708993163,2.2678233753571293
2014-05-22,3.4303826619729363,2.2760214405217543
2014-05-23,3.433071836208013,2.2778056782641443
2014-05-26,3.4214645923487943,2.2701043987008456
2014-05-27,3.3998161580438313,2.2557408989146484
2014-05-28,3.4328846494044125,2.2776814818638123
2014-05-29,3.424715326994672,2.2722612256442307
2014-05-30,3.3952719438871695,2.252725862439115
2014-06-02,3.4072535613535884,2.260675534803077
2014-06-03,3.4184182881299336,2.268083209113649
2014-06-05,3.396156978052916,2.2533130729445676
2014-06-09,3.3868986065594093,2.2471702445490274
2014-06-10,3.423932508042433,2.2717418338168716
2014-06-11,3.4288170240684597,2.2749826568670364
2014-06-12,3.4236771777631607,2.271572424964477
2014-06-13,3.388277057660285,2.2480848318034123
2014-06-16,3.392940315144875,2.251178852227214
2014-06-17,3.4064877782702694,2.2601674460887344
2014-06-18,3.3859624647869087,2.2465491247045275
2014-06-19,3.390285420402134,2.2494173585536976
2014-06-20,3.349507159583604,2.2223614277506942
2014-06-23,3.3611655110495766,2.23009661665304
2014-06-24,3.394233794655659,2.252037061759362
2014-06-25,3.372823654761051,2.2378316677125443
2014-06-26,3.3954252667074334,2.252827590456257
2014-06-27,3.3842946116689245,2.2454425223717163
2014-06-30,3.407610899091872,2.2609126244907243
2014-07-01,3.4021477867861263,2.2572879091265485
2014-07-02,3.4298551732999716,2.27567145754679
2014-07-03,3.4225197774492235,2.270804502493614
2014-07-04,3.4202903639204374,2.2693253109598075
2014-07-07,3.4125635585935705,2.2641986599929522
2014-07-08,3.4151845893529744,2.265937685283279
2014-07-09,3.4047006740698573,2.2589817219648123
2014-07-10,3.408683120061219,2.261624031396509
2014-07-11,3.384686021145043,2.245702218285395
2014-07-14,3.393433939834503,2.2515063668189876
2014-07-15,3.4254981459469107,2.2727806174715885
2014-07-16,3.4267916254576942,2.273638827003736
2014-07-17,3.4394199826795053,2.2820176041337716
2014-07-18,3.4369011671336103,2.280346397521539
2014-07-21,3.435335321474635,2.279307476023981
2014-07-22,3.4530864891328275,2.2910851819435605
2014-07-23,3.4520481321468175,2.290396243420966
2014-07-24,3.4491549429937214,2.28847664400807
2014-07-25,3.4614598264605876,2.296640799833648
2014-07-28,3.486920763576729,2.3135338536070673
2014-07-29,3.5093179450960936,2.3283941389945912
2014-07-30,3.5444459068052776,2.3517011580330873
2014-07-31,3.5334004311113594,2.3443726055136254
2014-08-01,3.5282605848060604,2.340962373611066
2014-08-04,3.5407183755841913,2.3492279817681023
2014-08-05,3.5166192692090057,2.3332384878217356
2014-08-06,3.507207574895236,2.3269939314090533
2014-08-07,3.496621652153109,2.319970287255334
2014-08-08,3.4567795331070803,2.2935354762968307
2014-08-11,3.47085448490544,2.3028740531333147
2014-08-12,3.4744284855517638,2.305245363538316
2014-08-13,3.5099819284749025,2.3288346847165227
2014-08-14,3.5114453511658694,2.3298056496931445
2014-08-18,3.4942727797873965,2.318411836087576
2014-08-19,3.5249244630610916,2.3387488932597598
2014-08-20,3.5277158525096763,2.340600949680244
2014-08-21,3.479091743036352,2.308339383962117
2014-08-22,3.5003487678651957,2.3224431878346348
2014-08-25,3.5074797332889256,2.3271745055316213
2014-08-26,3.5196657811823626,2.3352598152517725
2014-08-27,3.531374824746092,2.3430286378074823
2014-08-28,3.5327875553393024,2.3439659691307404
2014-08-29,3.5204997077413545,2.335813116418178
2014-09-01,3.5193425151819158,2.3350453317901563
2014-09-02,3.4916351286680705,2.316661783369915
2014-09-03,3.4909881811581793,2.3162325407609994
2014-09-04,3.499600020650793,2.3219464022333076
2014-09-05,3.48794166918482,2.314211213330962
2014-09-11,3.4619875228880495,2.2969909206514525
2014-09-12,3.4750922611760715,2.3056857714174046
2014-09-15,3.464812568565473,2.298865307612285
2014-09-16,3.4768964012454013,2.3068827986543416
2014-09-17,3.5104074096888556,2.329116986856232
2014-09-18,3.4850995876384787,2.3123255232571127
2014-09-19,3.4954474237247495,2.319191199514295
2014-09-22,3.4706843339707545,2.302761159845997
2014-09-23,3.4530524173949892,2.2910625757175276
2014-09-24,3.4645063384339445,2.2986621272636842
2014-09-25,3.461902343543459,2.296934405086373
2014-09-26,3.4576986390106605,2.2941452930283135
2014-09-29,3.449120871255883,2.288454037782037
2014-09-30,3.438041323824129,2.2811028790365437
2014-10-01,3.3894514938431395,2.24886405738729
2014-10-02,3.3632758812504333,2.2314968242385755
2014-10-06,3.3500518918799846,2.222722851681513
2014-10-07,3.357744625469015,2.2278268964223367
2014-10-08,3.3447078229021665,2.2191771202656057
2014-10-10,3.303300065951662,2.191703525652386
2014-10-13,3.279966534905297,2.17622198257752
2014-10-14,3.2834385280926113,2.1785256121472685
2014-10-15,3.277754157245429,2.1747540941567296
2014-10-16,3.265704396303337,2.1667592093407047
2014-10-17,3.2347805546359494,2.1462415780459514
2014-10-20,3.284817186947986,2.179440337244495
2014-10-21,3.259662687717872,2.162750601662518
2014-10-22,3.2965773381184693,2.187243069139252
2014-10-23,3.287523189297481,2.1812357402570592
2014-10-24,3.277379575883729,2.1745055635132244
2014-10-27,3.2880677138393644,2.1815970263450386
2014-10-28,3.2773627477693097,2.1744943982430502
2014-10-29,3.3377640442820358,2.21456999896895
2014-10-30,3.3339517492253568,2.2120405828245695
2014-10-31,3.343312335932372,2.2182512298982044
2014-11-03,3.3238081358116043,2.2053104060807347
2014-11-04,3.2935478620140275,2.1852330448222297
2014-11-05,3.2871488156902795,2.1809873474563957
2014-11-06,3.2957434115594757,2.186689767972846
2014-11-07,3.301512961751248,2.1905178015284634
2014-11-10,3.332760277173582,2.2112500541276745
2014-11-11,3.3408784919765675,2.2166364010082087
2014-11-12,3.3481457443516427,2.2214581436093215
2014-11-13,3.336640715705933,2.2138246827241175
2014-11-14,3.3104821389821444,2.196468752688419
2014-11-17,3.3079122158294947,2.194763636737139
2014-11-18,3.347703227268769,2.2211645383565948
2014-11-19,3.347464932858414,2.221006432617216
2014-11-20,3.3324370111731345,2.211035570666058
2014-11-21,3.3440099755400174,2.218714106160483
2014-11-24,3.367326470717464,2.2341843461223325
2014-11-25,3.3701685522638054,2.236070036196181
2014-11-26,3.371240773233153,2.2367814431019655
2014-11-27,3.373368179302929,2.2381929538005187
2014-11-28,3.371138765774143,2.2367137622667124
2014-12-01,3.3446567152954088,2.219143210926556
2014-12-02,3.3456948645269198,2.219832011606309
2014-12-03,3.3526388509015486,2.224439270745806
2014-12-04,3.381060912891959,2.2432969985413425
2014-12-05,3.3810779487608773,2.2433083016543582
2014-12-08,3.3680241103251105,2.234647222384612
2014-12-09,3.3544087114785426,2.2256135539138704
2014-12-10,3.311197022213207,2.1969430699065553
2014-12-11,3.2618921012466546,2.1642297931963226
2014-12-12,3.270605948198278,2.1700113355038835
2014-12-15,3.2683083911938193,2.168486931518014
2014-12-16,3.240686184024565,2.1501598986628516
2014-12-17,3.2339295922080353,2.145676973766528
2014-12-18,3.2294024139202917,2.1426732404040107
2014-12-19,3.284680899996637,2.179349912340367
2014-12-22,3.3070442175326646,2.194187729344701
2014-12-23,3.300066367174699,2.1895580018220144
2014-12-24,3.3129839186591203,2.198128656187635
2014-12-26,3.315621985287443,2.199878984590978
2014-12-29,3.2810728276124776,2.1769559957093345
2014-12-30,3.2601901763908345,2.1631005846374802
2015-01-02,3.278656019525592,2.175352469932355
2015-01-05,3.2604625425390257,2.1632812966028907
2015-01-06,3.203788361738388,2.1256785964562925
2015-01-07,3.2061370263496007,2.127236909781209
2015-01-08,3.241571218190313,2.1507471091683055
2015-01-09,3.275694686896824,2.1733876580673965
2015-01-12,3.2693124686874953,2.1691531259717363
2015-01-13,3.2628282430191566,2.1648509130408233
2015-01-14,3.2569055777616196,2.1609212893109055
2015-01-15,3.2577224684516937,2.1614632873642954
2015-01-16,3.21345538633143,2.1320925617213695
2015-01-19,3.2381162608719163,2.148454782711573
2015-01-20,3.2648195698920865,2.1661721366780924
2015-01-21,3.2697890575082043,2.169469337450494
2015-01-22,3.269091210146058,2.1690063233453727
2015-01-23,3.2950796359351644,2.1862493600937554
2015-01-26,3.294381996327517,2.1857864838314756
2015-01-27,3.322838130055764,2.2046668178530435
2015-01-28,3.338461683889681,2.2150328752312283
2015-01-29,3.320489465444551,2.203108504528127
2015-01-30,3.317494061077946,2.2011210864371367
2015-02-02,3.323314718876474,2.204983029331802
2015-02-03,3.3220891750868637,2.2041698944088757
2015-02-04,3.3405211542382838,2.2163993113205605
2015-02-05,3.323586877270166,2.2051636034543707
2015-02-06,3.3281481272957456,2.2081899430429193
2015-02-09,3.313647694283431,2.198569064066725
2015-02-10,3.2946882264590456,2.185989664180076
2015-02-11,3.311435108869064,2.197101037803092
2015-02-12,3.3045083661178523,2.1925052196194526
2015-02-13,3.331517905269551,2.2104257539345724
2015-02-16,3.3327602771735805,2.2112500541276727
2015-02-17,3.3382404253482445,2.2148860726048643
2015-02-23,3.350051891879982,2.2227228516815103
2015-02-24,3.3632077377747582,2.2314516117865097
2015-02-25,3.3876303179048897,2.2476557270373343
2015-02-26,3.3920723168480427,2.250602944834773
2015-02-27,3.3796824617910852,2.242382411286958
2015-03-02,3.398420671074034,2.254815008547243
2015-03-03,3.406198376253156,2.2599754310103037
2015-03-04,3.400939486619929,2.2564862151594753
2015-03-05,3.4010926016856935,2.256587805333776
2015-03-06,3.4258725195541073,2.2730290102722477
2015-03-09,3.3916297997651697,2.2503093395820466
2015-03-10,3.37792942932851,2.241219293389068
2015-03-11,3.371223737364236,2.23677013998895
2015-03-12,3.353796043460989,2.2252070553738283
2015-03-13,3.379665425922167,2.242371108173942
2015-03-16,3.382286248927072,2.2441099956214274
2015-03-17,3.454754342250808,2.2921917842763677
2015-03-18,3.45226939068825,2.290543046047325
2015-03-19,3.4683356693595395,2.3012028465210776
2015-03-20,3.467229376652356,2.3004688333892616
2015-03-23,3.4661230839451727,2.2997348202574455
2015-03-24,3.474258334617077,2.305132470250996
2015-03-25,3.4767092144417986,2.306758602254007
2015-03-26,3.442245236111424,2.2838921289374423
2015-03-27,3.437547906888998,2.280775502287609
2015-03-30,3.454975600792245,2.292338586902731
2015-03-31,3.473679738337358,2.304748577936985
2015-04-01,3.452269390688251,2.2905430460473255
2015-04-02,3.4533245757886797,2.2912431498400943
2015-04-03,3.481151213384952,2.309705820051446
2015-04-06,3.482870174109691,2.3108463317233046
2015-04-07,3.483891287472284,2.311523829290042
2015-04-08,3.5047057952182548,2.325334027909834
2015-04-09,3.5040422273484437,2.324893757873586
2015-04-10,3.5532106536091526,2.357516471836851
2015-04-13,3.5722039854168757,2.3701183401066896
2015-04-14,3.593988706673184,2.384572264797013
2015-04-15,3.608012550864789,2.3938769322944493
2015-04-16,3.6419488327677,2.416393284793209
2015-04-17,3.6480759284522546,2.420458545879316
2015-04-20,3.653539040758,2.4240832612434917
2015-04-21,3.650271477997703,2.4219152690299324
2015-04-22,3.648739496322065,2.420898815915564
2015-04-23,3.69898035130662,2.454233074627455
2015-04-24,3.6758173867039354,2.438864700525589
2015-04-27,3.67197101990942,2.436312678155177
2015-04-28,3.655172822138148,2.425167257350272
2015-04-29,3.6465950543833707,2.419476002103995
2015-04-30,3.620283362593818,2.4020184818939967
2015-05-04,3.628895202086432,2.407732343366305
2015-05-06,3.581837146026581,2.376509836988578
2015-05-07,3.558724873521653,2.3611750965400757
2015-05-08,3.549398358552474,2.3549870556924724
2015-05-11,3.569582954657472,2.368379314816364
2015-05-12,3.56854501318046,2.3676906519794527
2015-05-13,3.5981413035992276,2.3873274675160268
2015-05-14,3.6086424625057614,2.394294871790351
2015-05-15,3.585104708786878,2.3786778292021378
2015-05-18,3.597392556384826,2.3868306819147
2015-05-19,3.6095274966715083,2.3948820822958035
2015-05-20,3.6413363725046426,2.4159869240960092
2015-05-21,3.6128632029074774,2.3970952869614255
2015-05-22,3.652501099280988,2.4233945984065812
2015-05-26,3.648075928452254,2.420458545879317
2015-05-27,3.586806633642699,2.3798070377609797
2015-05-28,3.592575976079973,2.383634933473756
2015-05-29,3.599230768191992,2.388050315377668
2015-06-01,3.578075958576657,2.3740143301832446
2015-06-02,3.537688899479747,2.347217957451079
2015-06-03,3.511343135952358,2.3297378310150485
2015-06-04,3.52785213946102,2.3406913745843694
2015-06-05,3.5197509605269524,2.335316330816851
2015-06-08,3.5147980932707545,2.3320301574717814
2015-06-09,3.512824010021242,2.3307203747903698
2015-06-10,3.491192611585197,2.3163681781171883
2015-06-11,3.50019586055393,2.3223417355031755
2015-06-12,3.4926389984072466,2.317327839980795
2015-06-15,3.47587508012831,2.306205163244763
2015-06-16,3.452728943640045,2.2908479544130707
2015-06-17,3.4631787871853255,2.297781311505506
2015-06-18,3.4751263329139084,2.305708377643436
2015-06-19,3.483772036389859,2.311444707498934
2015-06-22,3.4977277371057918,2.3207041625443074
2015-06-23,3.542045926832809,2.35010879752628
2015-06-24,3.549415394421393,2.3549983588054877
2015-06-25,3.548615539600237,2.3544676638651136
2015-06-26,3.5574654657487064,2.360339493233959
2015-06-29,3.5067991295501963,2.3267229323823577
2015-06-30,3.5301324528420626,2.342204337614382
2015-07-01,3.570450952954302,2.3689552222088013
2015-07-02,3.5865174393800907,2.379615160525396
2015-07-03,3.581547536254975,2.3763176840673106
2015-07-06,3.4956344027738524,2.319315258071786
2015-07-07,3.4724203305644137,2.3039129746308724
2015-07-08,3.4314378470733655,2.2767215443145217
2015-07-09,3.451180341604488,2.2898204738713703
2015-07-10,3.456898784189507,2.2936145980879408
2015-07-13,3.5085521620127733,2.3278860502802483
2015-07-14,3.5046546876115037,2.325300118570789
2015-07-15,3.527936903296615,2.3407476144637656
2015-07-16,3.5534317043960932,2.3576631366203746
2015-07-17,3.5345405878018794,2.345129087028631
2015-07-20,3.5286179225443424,2.341199463298713
2015-07-21,3.5461648675300164,2.3528416697049455
2015-07-22,3.5140152743185196,2.3315107656444245
2015-07-23,3.514594078352738,2.331894795801277
2015-07-24,3.48207011153404,2.3103154989400925
2015-07-27,3.4699015150185195,2.3022417680186407
2015-07-28,3.4703949319536482,2.3025691447675727
2015-07-29,3.4678761164077527,2.30089793815534
2015-07-30,3.4362373915093007,2.27990598964245
2015-07-31,3.4551798234647677,2.2924740864160826
2015-08-03,3.418299037047508,2.2680040873225384
2015-08-04,3.4514865717360164,2.290023654219971
2015-08-05,3.454499011971539,2.292022375423977
2015-08-06,3.4264683594572474,2.27342434354212
2015-08-07,3.421260369676276,2.2699688991874973
2015-08-10,3.409244888226519,2.2619967584403455
2015-08-11,3.381129056367637,2.2433422109934096
2015-08-12,3.362101445067579,2.2307175986546977
2015-08-13,3.375699808045228,2.2397399640124234
2015-08-17,3.3502731504214225,2.2228696543078774
2015-08-18,3.329407535068697,2.2090255463490385
2015-08-19,3.3006790351922595,2.18996450036206
2015-08-20,3.258420315813844,2.161926301469419
2015-08-21,3.192930072848074,2.1184742403371652
2015-08-24,3.1141992201519346,2.0662371792205163
2015-08-25,3.142825504814864,2.0852304065294005
2015-08-26,3.223598791990687,2.1388226006223654
2015-08-27,3.2472726249064165,2.154529930271863
2015-08-28,3.2977688101702443,2.1880335978361485
2015-08-31,3.3042700717075006,2.192347113880077
2015-09-01,3.257875583517461,2.161564877538598
2015-09-02,3.2595604725043636,2.162682782984425
2015-09-03,3.2600881689318277,2.1630329038022302
2015-09-04,3.209898421554027,2.1297325544293866
2015-09-07,3.205098877118093,2.126548109101459
2015-09-08,3.197372279545725,2.121421595977446
2015-09-09,3.2918629730271265,2.1841151393764053
2015-09-10,3.3393637539243497,2.2156313888497006
2015-09-11,3.304065849034983,2.1922116143667303
2015-09-14,3.287199715542537,2.181021118952603
2015-09-15,3.2975816233666437,2.187909401435817
2015-09-16,3.3620673733297415,2.230694992428666
2015-09-17,3.3638374416612353,2.231869413439572
2015-09-18,3.396956832874072,2.2538437678849417
2015-09-21,3.3437378171463292,2.2185335320379176
2015-09-22,3.3733172794506774,2.238159182304317
2015-09-23,3.309631176554237,2.1959041484090003
2015-09-24,3.313817845218117,2.198681957354044
2015-09-25,3.306584664580878,2.1938828209789625
2015-09-30,3.3405552259761238,2.216421917546595
2015-10-01,3.3686538142115885,2.2350650240376737
2015-10-02,3.3522474414254333,2.2241795748321307
2015-10-05,3.36683284602784,2.2338568315305625
2015-10-06,3.38793675579092,2.2478590452287803
2015-10-07,3.413788894628681,2.265011657073037
2015-10-08,3.43708835393721,2.2804705939218715
2015-10-12,3.4406623545835338,2.282841904326873
2015-10-13,3.4362714632471354,2.2799285958684816
2015-10-14,3.420103177116836,2.269201114559476
2015-10-15,3.4604727848358294,2.2959859084929426
2015-10-16,3.4553499743994482,2.292586979703399
2015-10-19,3.4553670102683665,2.2925982828164146
2015-10-20,3.470837449036519,2.302862750020299
2015-10-21,3.4769984087044112,2.306950479489596
2015-10-22,3.442993983325828,2.2843889145387735
2015-10-23,3.472607517368013,2.304037171031205
2015-10-26,3.485678391672698,2.3127095534139674
2015-10-27,3.479840698005252,2.3088363074062865
2015-10-28,3.4761985538832554,2.306419784549222
2015-10-29,3.46198752288805,2.296990920651454
2015-10-30,3.45400538728191,2.291694860832204
2015-11-02,3.4638255269407168,2.298210416271581
2015-11-03,3.486222708460082,2.3130707016591048
2015-11-04,3.4936603195243383,2.318005475390375
2015-11-05,3.4879416691848206,2.314211213330963
2015-11-06,3.4737476740585334,2.3047936525462105
2015-11-09,3.447589097334745,2.2874377225105116
2015-11-10,3.398046089712336,2.2545664779037415
2015-11-11,3.3992034900262738,2.255334400374605
2015-11-12,3.3925489056687543,2.2509191563135347
2015-11-13,3.358391365224407,2.228256001188412
2015-11-16,3.3068740665979863,2.194074836057389
2015-11-17,3.3418655336013257,2.217291292348917
2015-11-18,3.3406742693040505,2.2165009014948636
2015-11-19,3.3849754231621505,2.245894233363821
2015-11-20,3.3865921686733813,2.246966926357585
2015-11-23,3.4101467505066836,2.262595134215972
2015-11-24,3.4315741340247086,2.276811969218647
2015-11-25,3.419881918575398,2.2690543119331115
2015-11-26,3.4560648576305115,2.2930612969215343
2015-11-27,3.4531884965918347,2.2911528627788122
2015-11-30,3.3901832051886225,2.2493495398756007
2015-12-01,3.44457686485372,2.2854391391493456
2015-12-02,3.4196606600339607,2.2689075093067474
2015-12-03,3.3937572058349463,2.251720850280602
2015-12-04,3.3602804768838275,2.229509406147585
2015-12-07,3.3420188564215882,2.2173930203660577
2015-12-08,3.3171196874707474,2.2008726936364753
2015-12-09,3.315758064484291,2.1999692716522645
2015-12-10,3.3222763618904656,2.204294090809209
2015-12-11,3.3164048042396828,2.200398376418338
2015-12-14,3.281004684136807,2.1769107832572736
2015-12-15,3.289769638695185,2.182726234903882
2015-12-16,3.3517708526047225,2.2238633633533715
2015-12-17,3.366339221338211,2.2335293169387875
2015-12-18,3.3618461147883036,2.2305481898023016
2015-12-21,3.3718364053817926,2.2371766385289944
2015-12-22,3.3911874904367965,2.250015872172164
2015-12-23,3.4025221603933247,2.2575363019272103
2015-12-24,3.3879367557909186,2.247859045228779
2015-12-28,3.3426826320458987,2.2178334282451475
2015-12-29,3.346511962971496,2.2203741475025436
2015-12-30,3.338002338692391,2.21472810470833
2016-01-04,3.265585352975409,2.1666802253924367
2016-01-05,3.285617041769142,2.17997103218487
2016-01-06,3.276937266555355,2.1742120961033407
2016-01-07,3.2410264858939333,2.1503856852374863
2016-01-08,3.263645133709234,2.1653929110942154
2016-01-11,3.2248752356325525,2.139669507041497
2016-01-12,3.218101607947105,2.1351752790321576
2016-01-13,3.261364612573694,2.163879810221362
2016-01-14,3.233674261928767,2.1455075649141366
2016-01-15,3.1976955455461717,2.121636079439061
2016-01-18,3.196980662315107,2.121161762220924
2016-01-19,3.2160253094840834,2.1337976776726517
2016-01-20,3.140817142073015,2.0838978797791152
2016-01-21,3.1324438047452547,2.078342261889028
2016-01-22,3.19864872318759,2.1222685023965773
2016-01-25,3.2224756711690836,2.138077422220375
2016-01-26,3.185475633669397,2.1135283013357204
2016-01-27,3.2300321178067692,2.143091042057072
2016-01-28,3.2454684848370854,2.153332903034925
2016-01-29,3.254182539543208,2.159114583185328
2016-02-01,3.275898909569345,2.1735231575807465
2016-02-02,3.2448898885573665,2.1529490107209144
2016-02-03,3.217778341946658,2.134960795570542
2016-02-04,3.2613305408358566,2.1638572039953305
2016-02-05,3.2639345357263423,2.1655849261726416
2016-02-11,3.1682012625864124,2.10206694473774
2016-02-12,3.1235086992521937,2.0724139169551035
2016-02-15,3.169324383408015,2.10281212313973
2016-02-16,3.2137447883485417,2.132284576799798
2016-02-17,3.206324213153203,2.127361106181543
2016-02-18,3.2487021836140455,2.1554784268652947
2016-02-19,3.2612964690980206,2.163834597769299
2016-02-22,3.261500691770539,2.1639700972826463
2016-02-23,3.257858547648542,2.161553574425582
2016-02-24,3.2549823943643643,2.159645278125702
2016-02-25,3.2652618792204637,2.1664656040879793
2016-02-26,3.2679680893244583,2.168261144943385
2016-02-29,3.262011352329085,2.1643089149874357
2016-03-02,3.3143625775144976,2.199043381284864
2016-03-03,3.332658269714573,2.211182373292423
2016-03-04,3.328335314099348,2.2083141394432535
2016-03-07,3.332147609156027,2.210843555587634
2016-03-08,3.3121499921001303,2.197575355021232
2016-03-09,3.323774064073768,2.205287799854705
2016-03-10,3.3516516015222955,2.223784241562262
2016-03-11,3.3551917381852827,2.2261330835840734
2016-03-14,3.356655368630749,2.2271041864035372
2016-03-15,3.352740858360561,2.2245069515810623
2016-03-16,3.361131439311738,2.230074010427007
2016-03-17,3.383409577503175,2.2448553118662624
2016-03-18,3.3904385354678954,2.2495189487279963
2016-03-21,3.3864220177386977,2.2468540330702687
2016-03-22,3.398420671074035,2.2548150085472463
2016-03-23,3.395544310035358,2.2529065744045242
2016-03-24,3.379971656053696,2.2425742885225453
2016-03-25,3.376295647948362,2.2401352972822908
2016-03-28,3.3741341701407492,2.238701180357706
2016-03-29,3.3951869722970747,2.2526694847168764
2016-03-30,3.40749185576394,2.260833640542454
2016-03-31,3.3967866819393864,2.253730874597624
2016-04-01,3.3588677462906156,2.228572074824327
2016-04-04,3.3680581820629483,2.2346698286106457
2016-04-05,3.3404359748936936,2.2163427957554833
2016-04-06,3.355038415365018,2.226031355566931
2016-04-07,3.3594124785869974,2.228933498755148
2016-04-08,3.3562809950235466,2.226855793602873
2016-04-11,3.353421669853788,2.2249586625731665
2016-04-12,3.3720576639232283,2.2373234411553575
2016-04-14,3.430961466007151,2.2764054706786037
2016-04-15,3.42888495978963,2.2750277314762557
2016-04-18,3.4193371862790145,2.268692888002289
2016-04-19,3.42318355307353,2.271244910372701
2016-04-20,3.4137718587597603,2.265000353960019
2016-04-21,3.4414622094046874,2.2833725992672447
2016-04-22,3.4302125110382504,2.2759085472344354
2016-04-25,3.4286128013959383,2.2748471573536873
2016-04-26,3.4372585048718887,2.280583487209185
2016-04-27,3.430059395972486,2.275806957060135
2016-04-28,3.405432593169836,2.259467342295963
2016-04-29,3.3938934927862903,2.2518112751847275
2016-05-02,3.366662695093155,2.2337439382432445
2016-05-03,3.3807206110225962,2.2430712119667127
2016-05-04,3.3642118152684333,2.2321178062402334
2016-05-09,3.3490648502552256,2.2220679603408064
2016-05-10,3.374066026665076,2.2386559679056415
2016-05-11,3.3699813654602058,2.2359458397958507
2016-05-12,3.365539366517053,2.2329986219984126
2016-05-13,3.3476691555309332,2.2211419321305645
2016-05-16,3.3492350011899084,2.222180853628123
2016-05-17,3.349490331469181,2.222350262480518
2016-05-18,3.33020738988985,2.2095562412894116
2016-05-19,3.3132733206762306,2.1983206712660635
2016-05-20,3.3147880587284506,2.1993256834245742
2016-05-23,3.327688574343954,2.207885034677179
2016-05-24,3.297785846039159,2.1880449009491634
2016-05-25,3.336640715705932,2.2138246827241193
2016-05-26,3.330769158055149,2.209928968333249
2016-05-27,3.351379443128601,2.2236036674396926
2016-05-30,3.3479074499412866,2.2213000378699443
2016-05-31,3.3755978005862137,2.23967228317717
2016-06-01,3.374440400272276,2.2389043607063064
2016-06-02,3.3785080256082276,2.2416031857030814
2016-06-03,3.3797503975122574,2.242427485896182
2016-06-07,3.4236431060253203,2.271549818738445
2016-06-08,3.449937761945955,2.288996035835428
2016-06-09,3.4449853101987555,2.285710138176042
2016-06-10,3.4338546551602467,2.2783250700915016
2016-06-13,3.3682115048832113,2.234771556627789
2016-06-14,3.35624692328571,2.226833187376843
2016-06-15,3.3508006390943836,2.2232196372828414
2016-06-16,3.3221402826936184,2.204203803747926
2016-06-17,3.3245400549115858,2.20579602641189
2016-06-20,3.371717362053863,2.2370976545807273
2016-06-21,3.3744063285344406,2.2388817544802757
2016-06-22,3.3912213544201317,2.2500383405553555
2016-06-23,3.3812310638266423,2.2434098918286622
2016-06-24,3.276613792800407,2.1739974747988837
2016-06-27,3.2793538668877384,2.1758154840374795
2016-06-28,3.2953008944766005,2.1863961627201216
2016-06-29,3.329577686003375,2.2091384396363547
2016-06-30,3.35338759811595,2.2249360563471363
2016-07-01,3.3822692130581524,2.2440986925084148
2016-07-04,3.3958507479213833,2.2531098925959667
2016-07-05,3.38657513280446,2.246955623244569
2016-07-06,3.324063466090876,2.2054798149331316
2016-07-07,3.359735744587444,2.229147982216765
2016-07-08,3.3410486429112494,2.2167492942955267
2016-07-11,3.3843457192756743,2.2454764317107623
2016-07-12,3.3889237974156736,2.2485139365694855
2016-07-13,3.41329547769355,2.2646842803241043
2016-07-14,3.418775625868214,2.268320298801296
2016-07-15,3.433224951273774,2.277907268438443
2016-07-18,3.4397773204177846,2.282254693821419
2016-07-19,3.4325952473873,2.277489466785385
2016-07-20,3.4301614034314967,2.27587463789539
2016-07-21,3.4246471835189967,2.2722160131921667
2016-07-22,3.4214475564798734,2.270093095587829
2016-07-25,3.4248173344536794,2.272328906479483
2016-07-26,3.45038027902883,2.2892896410881547
2016-07-27,3.446483012382059,2.2867038472215375
2016-07-28,3.439760284548867,2.2822433907084037
2016-07-29,3.4314037753355264,2.2766989380884906
2016-08-01,3.4542436816922635,2.2918529665715828
2016-08-02,3.436237391509297,2.27990598964245
2016-08-03,3.394982749624557,2.2525339852035304
2016-08-04,3.4039008192486984,2.2584510270244387
2016-08-05,3.434382143833213,2.2786750530664657
2016-08-08,3.456813604844913,2.2935580825228628
2016-08-09,3.4783600316908667,2.3078539014738073
2016-08-10,3.479823662136333,2.308825004293271
2016-08-11,3.4869037277078077,2.3135225504940524
2016-08-12,3.489745809254149,2.315408240567901
2016-08-16,3.485133659376314,2.3123481294831465
2016-08-17,3.4783089240841116,2.30781999213476
2016-08-18,3.4982554335332536,2.3210542833621144
2016-08-19,3.499565948912956,2.3219237960072783
2016-08-22,3.475602921734616,2.306024589122196
2016-08-23,3.488826703350566,2.314798423836417
2016-08-24,3.47832595995303,2.307831295247776
2016-08-25,3.4768964012454,2.306882798654344
2016-08-26,3.467671893735231,2.3007624386419936
2016-08-29,3.4589069391768534,2.2949469869953854
2016-08-30,3.4714841887919103,2.303291854786374
2016-08-31,3.4628214494470413,2.2975442218178603
2016-09-01,3.4595366430633274,2.2953647886484436
2016-09-02,3.469050552590606,2.30167716373922
2016-09-05,3.506101489942549,2.3262600561200806
2016-09-06,3.5170788221607943,2.333543396187479
2016-09-07,3.509164622275828,2.3282924109774505
2016-09-08,3.512313349462696,2.330381557085583
2016-09-09,3.4683015976217053,2.301180240295052
2016-09-12,3.3893492786296306,2.248796238709198
2016-09-13,3.40276045480368,2.2576944076665924
2016-09-19,3.4307061357278794,2.276236061826212
2016-09-20,3.4476061332036623,2.2874490256235287
2016-09-21,3.465101970582581,2.2990573226907136
2016-09-22,3.488435293874447,2.3145387279227374
2016-09-23,3.4958729049387034,2.319473501654008
2016-09-26,3.4840273666691304,2.3116141163513304
2016-09-27,3.5107647474271375,2.329354076543882
2016-09-28,3.494153944213965,2.31833298998215
2016-09-29,3.520805937872882,2.3360162967667804
2016-09-30,3.478104701411594,2.3076844926214126
2016-10-04,3.497217492056242,2.320365620525203
2016-10-05,3.494051729000456,2.318265171304055
2016-10-06,3.514985487828853,2.332154491714957
2016-10-07,3.495413351986912,2.319168593288266
2016-10-10,3.500553198292211,2.3225788251908255
2016-10-11,3.4581922637002873,2.2944728076200898
2016-10-12,3.4612556037880653,2.2965053003203013
2016-10-13,3.43012733169366,2.275852031669359
2016-10-14,3.4424153870461063,2.284005022224763
2016-10-17,3.4508398319806206,2.2895945494538976
2016-10-18,3.472658624974765,2.304071080370252
2016-10-19,3.4735264155170946,2.304646849919848
2016-10-20,3.4729478192373753,2.304262957605837
2016-10-21,3.460013231884036,2.295681000127201
2016-10-24,3.485099587638477,2.312325523257115
2016-10-25,3.467110333324429,2.300389849440998
2016-10-26,3.427489472819837,2.274101841108858
2016-10-27,3.444900130854166,2.285653622610964
2016-10-28,3.4369011671336067,2.28034639752154
2016-10-31,3.417788376488958,2.2676652696177495
2016-11-01,3.416426961257001,2.2667619854763803
2016-11-02,3.368007074456195,2.2346359192716005
2016-11-03,3.376278612079444,2.2401239941692768
2016-11-04,3.3732491359750028,2.2381139698522547
2016-11-07,3.3997309786992376,2.2556843833495694
2016-11-08,3.4096022259647984,2.2622338481279933
2016-11-09,3.3330156074528547,2.211419462980072
2016-11-10,3.408274674716178,2.2613530323698137
2016-11-11,3.3773508330487902,2.2408354010750604
2016-11-14,3.360280476883826,2.229509406147586
2016-11-15,3.348588261434516,2.2217517488620504
2016-11-16,3.3692155823768863,2.2354377510815104
2016-11-17,3.3707473562980255,2.2364540663530375
2016-11-18,3.360586707015355,2.229712586496187
2016-11-21,3.346069445888621,2.2200805422498187
2016-11-22,3.3757168439141436,2.23975126712544
2016-11-23,3.3833414340275016,2.2448100994142006
2016-11-24,3.3549364079060093,2.22596367473168
2016-11-25,3.3603824843428365,2.22957708698284
2016-11-28,3.366628623355319,2.2337213320172156
2016-11-29,3.3670711404381923,2.2340149372699423
2016-11-30,3.375733879783061,2.239762570238456
2016-12-01,3.3761934327348526,2.2400674786041983
2016-12-02,3.3538301151988255,2.2252296615998644
2016-12-05,3.3414911599941233,2.2170428995482547
2016-12-06,3.386592168673379,2.246966926357586
2016-12-07,3.3900471259917753,2.2492592528143187
2016-12-08,3.4567284255003212,2.2935015669577843
2016-12-09,3.4458701366100035,2.2862972108386543
2016-12-12,3.450210128094147,2.2891767478008402
2016-12-13,3.4650849347136625,2.299046019577698
2016-12-14,3.466599672765883,2.3000510317362086
2016-12-15,3.466225299158682,2.299802638935545
2016-12-16,3.475739000931462,2.3061148761834804
2016-12-19,3.469186631787451,2.3017674508005044
2016-12-20,3.4752283403729156,2.3057760584786906
2016-12-21,3.468454712687468,2.3012818304693514
2016-12-22,3.464659453499707,2.298763717437987
2016-12-23,3.464948855516816,2.2989557325164136
2016-12-26,3.4680973749491852,2.3010447407817045
2016-12-27,3.475619957603534,2.3060358922352124
2016-12-28,3.4455298347406393,2.286071424264023
2016-12-29,3.448882576845527,2.2882959320426615
2017-01-02,3.44837212404148,2.2879572521807137
2017-01-03,3.4786832976913127,2.3080683849354244
2017-01-04,3.4815255869921535,2.309954212852115
2017-01-05,3.4752453762418347,2.3057873615917077
2017-01-06,3.48744846000419,2.3138839744248747
2017-01-09,3.4868696559699717,2.313499944268022
2017-01-10,3.4806405528264075,2.3093670023466624
2017-01-11,3.5317832700911285,2.3432996368341805
2017-01-12,3.5521552607542257,2.3568162302012454
2017-01-13,3.5345405878018776,2.3451290870286337
2017-01-16,3.513062096677098,2.330878342686911
2017-01-17,3.526167250474118,2.3395734691385464
2017-01-18,3.523903557452997,2.338071533535867
2017-01-19,3.527732888378594,2.340612252793263
2017-01-20,3.515513184256319,2.3325046125327638
2017-01-23,3.516159716257212,2.332933579455996
2017-01-24,3.515768306781093,2.3326738835423173
2017-01-25,3.517776461768442,2.3340062724497606
2017-01-26,3.5461137599232604,2.3528077603659017
2017-01-31,3.5188488904922886,2.3347178171983867
2017-02-01,3.540820590797698,2.3492958004461997
2017-02-02,3.524703412274153,2.3386022284762413
2017-02-03,3.528362384510569,2.3410299166034796
2017-02-06,3.536021046361764,2.346111355118272
2017-02-07,3.531851413566802,2.343344849286244
2017-02-08,3.5146111142216547,2.3319060989142955
2017-02-09,3.5159723216991132,2.332809245212823
2017-02-10,3.5316303627798646,2.3431981845027225
2017-02-13,3.537705935348667,2.3472292605640988
2017-02-14,3.530762364483036,2.3426222771102854
2017-02-15,3.5465733128750525,2.3531126687316437
2017-02-16,3.543135391425574,2.3508316453879265
2017-02-17,3.5409909494868796,2.3494088315763575
2017-02-20,3.5474749674007193,2.353710906664429
2017-02-21,3.57902872070908,2.374646477455082
2017-02-22,3.5852921033449796,2.378802163445315
2017-02-23,3.587027684429639,2.379953702544506
2017-02-24,3.564035078516136,2.3646983595727975
2017-02-27,3.549398358552476,2.3549870556924772
2017-02-28,3.559813922605422,2.3618976687160393
2017-03-02,3.578552131888371,2.374330265976325
2017-03-03,3.537876294037849,2.347342291694258
2017-03-06,3.542318500735501,2.350289647334538
2017-03-07,3.5639158274337097,2.364619237781688
2017-03-08,3.566230212552587,2.366154807037731
2017-03-09,3.558827088735165,2.3612429152181758
2017-03-10,3.569532262559718,2.3683456811630053
2017-03-13,3.6039792050211745,2.391200851366554
2017-03-14,3.6315332687147563,2.4094826717696534
2017-03-15,3.6302057174661364,2.408601856011474
2017-03-16,3.659274726966438,2.427888826415926
2017-03-17,3.683952637375842,2.444262350519145
2017-03-20,3.671068949874758,2.4357141645367144
2017-03-21,3.707438867978973,2.459845208082627
2017-03-22,3.6902837479784165,2.4484629732757575
2017-03-23,3.697806122878266,2.453453986886424
2017-03-24,3.691389832931101,2.449196848564732
2017-03-27,3.6687711851158005,2.434189622708003
2017-03-28,3.68179115956823,2.4428282335945597
2017-03-29,3.688037090826214,2.446972340786094
2017-03-30,3.684054437080354,2.444329893511556
2017-03-31,3.676549098049423,2.439350183013906
2017-04-03,3.6889391608608793,2.447570854404563
2017-04-04,3.6780299721183063,2.440332726789227
2017-04-05,3.677604490904351,2.4400504246495167
2017-04-06,3.663818733368602,2.4309037250486174
2017-04-07,3.662082736774945,2.429751910263743
2017-04-10,3.63075044976252,2.408963279942295
2017-04-11,3.6146332712389753,2.3982697079723367
2017-04-12,3.6232446952225907,2.4039832937589614
2017-04-13,3.6567729472894626,2.4262289229167093
2017-04-14,3.6334051367507625,2.4107246357729704
2017-04-17,3.651922295246774,2.4230105682497345
2017-04-18,3.656517409255691,2.426059376221473
2017-04-19,3.6393959454839724,2.4146994719549513
2017-04-20,3.6576916376840476,2.4268384639625102
2017-04-21,3.6847354563280823,2.4447817423465037
2017-04-24,3.6995421194719253,2.4546058016712986
2017-04-25,3.7388737857139067,2.480701932767854
2017-04-26,3.757577923259019,2.4931119238021076
2017-04-27,3.7603348254607702,2.4949410983108775
2017-04-28,3.75349305429965,2.490401657849475
2017-05-02,3.7777114117572625,2.5064702735869524
2017-05-04,3.8144220472398405,2.530827379393181
2017-05-08,3.902105249052457,2.589004226399611
2017-05-10,3.8635738531406294,2.563439065929113
2017-05-11,3.9082493806059304,2.593080790598734
2017-05-12,3.890634292144584,2.5813933717404387
2017-05-15,3.8985140047827156,2.586621475038752
2017-05-16,3.906479312274436,2.5919063695878277
2017-05-17,3.902649981348839,2.5893656503304316
2017-05-18,3.8919959151310395,2.582296793724649
2017-05-19,3.8948209608084627,2.5841711806854817
2017-05-22,3.9212859754182787,2.601730428912622
2017-05-23,3.9344077495752185,2.61043658279159
2017-05-24,3.9439386949714152,2.6167602609953824
2017-05-25,3.9874906861061157,2.64565653157733
2017-05-26,4.00854369601694,2.659624973779342
2017-05-29,4.004578078139997,2.6569938296178197
2017-05-30,3.9887671297479805,2.646503437996462
2017-05-31,3.9950641686127186,2.650681454527043
2017-06-01,3.990350219030373,2.6475538004498773
2017-06-02,4.036489169186641,2.67816649009612
2017-06-05,4.031213451438995,2.674666108975118
2017-06-07,4.016780746393355,2.6650901667653035
2017-06-08,4.0226186478153,2.668963550615826
2017-06-09,4.053457310138096,2.6894246663455004
2017-06-12,4.01291775923892,2.662527116967559
2017-06-13,4.041560872016268,2.681531509546617
2017-06-14,4.038054807091116,2.679205273750837
2017-06-15,4.019350669546004,2.6667952827165835
2017-06-16,4.01965731518653,2.666998738750867
2017-06-19,4.0350934744623475,2.6772404618858783
2017-06-20,4.032251392916006,2.6753547718120294
2017-06-21,4.0123389552047,2.6621430868107065
2017-06-22,4.03419181993668,2.6766422239530927
2017-06-23,4.048198628259367,2.6859355883375136
2017-06-26,4.065319676522088,2.6972952169183517
2017-06-27,4.070919075779178,2.7010103571866533
2017-06-28,4.0549381842069785,2.690407210120821
2017-06-29,4.077233150512835,2.7051996768302504
2017-06-30,4.070646917385487,2.7008297830640844
2017-07-03,4.075224995525486,2.703867287922807
2017-07-04,4.0514661910196645,2.6881035805510725
2017-07-05,4.0647923956036225,2.6969453717862297
2017-07-06,4.063873289700039,2.696335555054745
2017-07-07,4.0503601060669805,2.6873697052620984
2017-07-10,4.054155365254741,2.6898878182934625
2017-07-11,4.0778119545470535,2.705583706987103
2017-07-12,4.07061284564765,2.700807176838053
2017-07-13,4.100770904231718,2.720816719418463
2017-07-14,4.109518615166679,2.726620730109214
2017-07-17,4.127338134055043,2.7384437863236983
2017-07-18,4.128937843697355,2.7395051762044464
2017-07-19,4.135575184431458,2.74390897930966
2017-07-20,4.155828339521126,2.757346726571298
2017-07-21,4.1698181119748945,2.766628787842703
2017-07-24,4.172319891651872,2.76828869134192
2017-07-25,4.152526289513995,2.755155852446024
2017-07-26,4.143353097365079,2.7490695396155624
2017-07-27,4.158210868115677,2.7589275082794047
2017-07-28,4.08630454295724,2.7112184466683007
2017-07-31,4.089231803848173,2.713160652307228
2017-08-01,4.123695782178547,2.7360271256237922
2017-08-02,4.131643638292352,2.741300441374169
2017-08-03,4.06223950831989,2.695251558947965
2017-08-04,4.076875812774552,2.7049625871426026
2017-08-07,4.082492247900561,2.7086890305239204
2017-08-08,4.07565047673944,2.704149590062518
2017-08-09,4.030821626453877,2.6744061373757555
2017-08-10,4.015640589702833,2.664333685250297
2017-08-11,3.947972040815031,2.6194363419232842
2017-08-14,3.9726669870933526,2.635821169139519
2017-08-16,3.996562078550519,2.6516753014153798
2017-08-17,4.019384741283839,2.666817888942614
2017-08-18,4.013768721666828,2.66309172124698
2017-08-21,4.008033035458393,2.659286156074552
2017-08-22,4.025614052181903,2.670950968706816
2017-08-23,4.027434812611153,2.6721590233710857
2017-08-24,4.043501299036942,2.68281896168768
2017-08-25,4.048045305439104,2.685833860320371
2017-08-28,4.034072568854254,2.676563102161982
2017-08-29,4.02460976693373,2.6702846364102526
2017-08-30,4.037459382696978,2.6788102161666516
2017-08-31,4.021971700305408,2.66853430800691
2017-09-01,4.012611113598393,2.662323660933275
2017-09-04,3.964889074159733,2.630660608833616
2017-09-05,3.9597326074945136,2.627239349503724
2017-09-06,3.9481594353731317,2.6195606761664574
2017-09-07,3.9930389777564517,2.649337762506584
2017-09-08,3.988835273223654,2.6465486504485245
2017-09-11,4.014977021833023,2.663893415214049
2017-09-12,4.02585213883776,2.6711089366033534
2017-09-13,4.016848889869028,2.665135379217366
2017-09-14,4.046598503108059,2.684873922771082
2017-09-15,4.060911957071272,2.6943707431897863
2017-09-18,4.115611639113399,2.73066338496929
2017-09-19,4.111935631008064,2.7282243937290356
2017-09-20,4.105383054109554,2.723876830503218
2017-09-21,4.095682165533174,2.717440396854951
2017-09-25,4.051261760592648,2.6879679431948835
2017-09-26,4.040914340015375,2.6811025426233845
2017-09-27,4.037935971517689,2.67912642764541
2017-09-28,4.038905769519028,2.6797698780302586
2017-09-29,4.075207959656568,2.703855984809792
2017-10-10,4.142161833067805,2.7482791487615095
2017-10-11,4.183603454001647,2.7757752117579195
2017-10-12,4.211855572811873,2.7945201841089813
2017-10-13,4.209915561300196,2.793233007653601
2017-10-16,4.220858821780606,2.8004937414949684
2017-10-17,4.228211253500272,2.80537199966116
2017-10-18,4.225726094183215,2.803723123589276
2017-10-19,4.208962383658777,2.7926005846960855
2017-10-20,4.237010072041987,2.8112099196909583
2017-10-23,4.237878070338816,2.811785827083396
2017-10-24,4.238626817553217,2.8122826126847227
2017-10-25,4.242047703133777,2.8145523329154236
2017-10-26,4.2218456556508634,2.8011484949928325
2017-10-27,4.249076453343999,2.819215831934316
2017-10-30,4.25809673818165,2.8252006924333193
2017-10-31,4.294688122581801,2.849478676448437
2017-11-01,4.350919786299566,2.886787771342309
2017-11-02,4.333713558692255,2.875371627196392
2017-11-03,4.353472673583297,2.888481584180573
2017-11-06,4.33890409709531,2.8788154927523153
2017-11-07,4.332147505278781,2.874332567855992
2017-11-08,4.343992835793855,2.882191815315828
2017-11-09,4.3408785958538205,2.88012555111941
2017-11-10,4.327909729008145,2.8715208495719007
2017-11-13,4.3064657251302,2.857292987141893
2017-11-14,4.3001512348875455,2.8531033918126125
2017-11-15,4.2858722681711665,2.8436294533056232
2017-11-16,4.314022171767886,2.8623066069785907
2017-11-17,4.312660548781429,2.86140318499438
2017-11-20,4.301904267350121,2.8542665097105027
2017-11-21,4.307061149524339,2.857688044726078
2017-11-22,4.323757132082102,2.868765646852889
2017-11-23,4.318038481742584,2.864971384793477
2017-11-24,4.330258601373857,2.8730793007396596
2017-11-27,4.268104272398555,2.8318405821158694
2017-11-28,4.278962353534374,2.839044800392158
2017-11-29,4.2767668039889255,2.8375880772415414
2017-11-30,4.2145958546537035,2.796338331190419
2017-12-01,4.2129616577645566,2.7952540593979562
2017-12-04,4.257654221098775,2.8249070871805926
2017-12-05,4.272035818537661,2.8344491200513597
2017-12-06,4.211192004942061,2.794079914072733
2017-12-07,4.1901049232934,2.7800888656446894
2017-12-08,4.193542844742878,2.7823698889884065
2017-12-11,4.206290245292617,2.7908276500667113
2017-12-12,4.188437070175415,2.7789822633118786
2017-12-13,4.221709784208515,2.80105834577439
2017-12-14,4.202869359712057,2.78855792983601
2017-12-15,4.224296743230083,2.8027747648386856
2017-12-18,4.223973061720638,2.802560005691386
2017-12-19,4.218271862759037,2.798777322430673
2017-12-21,4.135388205382355,2.7437849207521707
2017-12-22,4.153615754106759,2.7558787003076666
2017-12-26,4.131150429111721,2.7409732024680795
2017-12-27,4.147029105470413,2.7515085308558174
2017-12-28,4.199482545869334,2.786310815831341
2018-01-02,4.220177802532878,2.800041892660022
2018-01-03,4.231581031474077,2.8076078105528146
2018-01-04,4.197729513406759,2.785147697933451
2018-01-05,4.250591399150717,2.8202209819356687
2018-01-08,4.277413751498815,2.838017319850457
2018-01-09,4.272222797586761,2.83457317860885
2018-01-10,4.254386658338477,2.8227390949670337
2018-01-11,4.234235718462318,2.8093691663834903
2018-01-12,4.248719115605714,2.818978742246669
2018-01-15,4.261160286023925,2.8272333229763733
2018-01-16,4.291811969297621,2.8475703801485577
2018-01-17,4.281072723735231,2.840445007977696
2018-01-18,4.2817196712451215,2.8408742505866114
2018-01-19,4.289293153751726,2.845899173536325
2018-01-22,4.258403383822174,2.8254041484676033
2018-01-23,4.31710275547908,2.864350540634661
2018-01-24,4.319485284073631,2.8659313223427674
2018-01-25,4.360722890089453,2.893292023668671
2018-01-26,4.38204805839397,2.9074410399932527
2018-01-29,4.4219240414233365,2.933898319334946
2018-01-30,4.370100512665387,2.8995139738553224
2018-01-31,4.367921998988857,2.8980685538177218
2018-02-01,4.371462135651844,2.900417395839533
2018-02-02,4.29802382881777,2.8516918811140606
2018-02-05,4.240771259491911,2.813705426496293
2018-02-06,4.175349367756312,2.7702987156589436
2018-02-07,4.0787651321884715,2.7062161299446204
2018-02-08,4.097588520816011,2.7187052427699845
2018-02-09,4.022958949684662,2.669189337190459
2018-02-12,4.059737313133914,2.693591379763067
2018-02-13,4.076433295691676,2.7046689818898773
2018-02-14,4.121772806535786,2.7347512522814297
2018-02-19,4.157496192639108,2.758453328904111
2018-02-20,4.110352957234667,2.727174306961305
2018-02-21,4.135081559741828,2.743581464717888
2018-02-22,4.108923190772538,2.726225672525031
2018-02-23,4.172302855782951,2.7682773882289062
2018-02-26,4.182735455704815,2.775199304365484
2018-02-27,4.180165532552166,2.773494188414204
2018-02-28,4.131184500849556,2.7409958086941124
2018-03-02,4.0882956620756685,2.7125395324627295
2018-03-05,4.042173747788319,2.6819381459295024
2018-03-06,4.104038466992013,2.7229847116320247
2018-03-07,4.087717273550449,2.7121557779915606
2018-03-08,4.140919461163772,2.747454848568411
2018-03-09,4.185799003547093,2.7772319349085377
2018-03-12,4.227785772286315,2.8050896975214514
2018-03-13,4.245434516976498,2.8167994469200948
2018-03-14,4.231121478522283,2.8073029021870735
2018-03-15,4.241843272706757,2.814416695559236
2018-03-16,4.244549482810752,2.8162122364146422
2018-03-19,4.212315125763663,2.7948250924747255
2018-03-20,4.230168300880865,2.8066704792295583
2018-03-21,4.229232159108364,2.8060493593850584
2018-03-22,4.2480385118669854,2.8185271690974067
2018-03-23,4.113143931174255,2.7290260876961074
2018-03-26,4.147727160587056,2.751971682803782
2018-03-27,4.173221961686535,2.768887204960391
2018-03-28,4.117449850920561,2.7318830184322613
2018-03-29,4.146518860420863,2.7511699888367134
2018-03-30,4.162653074813326,2.7618748639196875
2018-04-02,4.15977650602015,2.759966291934124
2018-04-03,4.156832209260299,2.758012783182181
2018-04-04,4.098337268030412,2.7192020283713125
2018-04-05,4.148475907801458,2.7524684684051093
2018-04-06,4.134962724168399,2.743502618612462
2018-04-09,4.159640634577802,2.759876142715681
2018-04-10,4.1709753045343305,2.7673965724707275
2018-04-11,4.159878721233658,2.7600341106122186
2018-04-12,4.157308798081008,2.7583289946609386
2018-04-13,4.178344772122914,2.772286133749935
2018-04-16,4.182463297311122,2.7750187302429157
2018-04-17,4.176132186708547,2.7708181074863028
2018-04-18,4.220739570698175,2.8004146197038606
2018-04-19,4.231155550260119,2.807325508413106
2018-04-20,4.214527711178028,2.796293118738358
2018-04-23,4.210749487859186,2.7937863088200094
2018-04-24,4.193780931398733,2.7825278568849465
2018-04-25,4.167690705905116,2.7652172771441523
2018-04-26,4.213353067240675,2.7955137553116374
2018-04-27,4.241877344444594,2.814439301785268
2018-04-30,4.28098754439064,2.8403884924126186
2018-05-02,4.264360120817547,2.829356378423554
2018-05-03,4.233112597640715,2.8086239879815014
2018-05-04,4.189083602176307,2.779411230235113
2018-05-08,4.169392630760937,2.7663464857029947
2018-05-09,4.159470275888622,2.759763111585523
2018-05-10,4.19381500313657,2.7825504631109776
2018-05-11,4.2168761680347435,2.797851294220433
2018-05-14,4.214153337570829,2.7960447259376946
2018-05-15,4.184250401511535,2.7762044543668374
2018-05-16,4.186428915188065,2.777649874404438
2018-05-17,4.167077830133062,2.7648106407612687
2018-05-18,4.187841230272278,2.778586930042013
2018-05-21,4.196214983109036,2.784142823617784
2018-05-23,4.207004920769183,2.7913018294420096
2018-05-24,4.196963730323438,2.784639609219111
2018-05-25,4.188096768306051,2.77875647673725
2018-05-28,4.21900357410452,2.7992628049189876
2018-05-29,4.182054851966086,2.774747731216222
2018-05-30,4.099988085279478,2.720297327591109
2018-05-31,4.123780961523136,2.736083641188875
2018-06-01,4.150926579871681,2.7540944625652792
2018-06-04,4.165903601704704,2.7640315530202315
2018-06-05,4.17611515083963,2.7708068043732874
2018-06-07,4.204741643257058,2.7898001695250128
2018-06-08,4.172405070996459,2.7683452069070014
2018-06-11,4.204009516402576,2.789314411351018
2018-06-12,4.2017632747593705,2.7878240545470376
2018-06-14,4.12458081634429,2.736614336129248
2018-06-15,4.09149549686929,2.7146625879099098
2018-06-18,4.044181902775667,2.683270534836946
2018-06-19,3.982691557179174,2.6424723619350874
2018-06-20,4.023197036340515,2.669347305086997
2018-06-21,3.9788111186468225,2.639897733338644
2018-06-22,4.011811258777232,2.661792965992903
2018-06-25,4.012934379598835,2.662538144394893
2018-06-26,4.0010890490837605,2.654678896935057
2018-06-27,3.9859591199394715,2.6446403541486463
2018-06-28,3.938662561714767,2.6132596041886984
2018-06-29,3.9588982654265195,2.6266857726516375
2018-07-02,3.865990453473011,2.565042453863252
2018-07-03,3.8680667519360328,2.566420055222758
2018-07-04,3.85564261738674,2.5581767776060693
2018-07-05,3.842180541360435,2.5492448371524694
2018-07-06,3.868254146494132,2.566544389465931
2018-07-09,3.8902599185373776,2.581144978939776
2018-07-10,3.9044877776470024,2.5905850081077184
2018-07-11,3.881444064126745,2.5752957557969625
2018-07-12,3.889000510764431,2.5803093756336604
2018-07-13,3.932977983113086,2.6094879483553184
2018-07-16,3.917813982230961,2.5994267993428757
2018-07-17,3.9108870317252498,2.5948308433163945
2018-07-18,3.897595314388126,2.5860119339929524
2018-07-19,3.884286145673087,2.5771814458708113
2018-07-20,3.8960292609746525,2.5849728746525527
2018-07-23,3.862195194285251,2.562524340831888
2018-07-24,3.880728973141182,2.574821300735984
2018-07-25,3.8685263048878245,2.5667249635885008
2018-07-26,3.895808210187714,2.584826209869031
2018-07-27,3.9059005082402134,2.591522339430977
2018-07-30,3.9033816926943183,2.5898511328187444
2018-07-31,3.9063600611920055,2.5918272477967195
2018-08-01,3.92645989346141,2.6051632670412155
2018-08-02,3.8637097245829715,2.563529215147557
2018-08-03,3.893459337822002,2.5832677587012727
2018-08-06,3.8914511828346527,2.5819353697938294
2018-08-07,3.9146993267819283,2.5973602594607748
2018-08-08,3.9168948763273774,2.598816982611391
2018-08-09,3.920741243121893,2.601369004981803
2018-08-10,3.8851371081009973,2.5777460501502323
2018-08-13,3.826692858968866,2.5389689289927277
2018-08-14,3.8444949264793133,2.550780406408513
2018-08-16,3.8136733000254344,2.5303305937918545
2018-08-17,3.8243103303743156,2.5373881472846214
2018-08-20,3.8257226454585282,2.5383252029221963
2018-08-21,3.8634716379271157,2.5633712472510193
2018-08-22,3.86903696544637,2.5670637812932893
2018-08-23,3.8848138421005505,2.577531566688616
2018-08-24,3.902871032135772,2.5895123151139545
2018-08-27,3.913235904090961,2.5963892944841525
2018-08-28,3.9197373733827168,2.600702948370923
2018-08-29,3.9297955996973792,2.6073764717068375
2018-08-30,3.9269364822821196,2.605479478519973
2018-08-31,3.9533670096451012,2.6230158448353986
2018-09-03,3.9263917499857377,2.605118054589152
2018-09-04,3.941181377260662,2.6149308108009306
2018-09-05,3.9004203600655494,2.5878863209537846
2018-09-06,3.8933405022485736,2.583188912595845
2018-09-07,3.883077845506893,2.5763797519037412
2018-09-10,3.8951271909399874,2.584374361034083
2018-09-11,3.885834747708645,2.578208926412511
2018-09-12,3.8853581588879353,2.5778927149337534
2018-09-13,3.890991629882862,2.5816304614280865
2018-09-14,3.9454872970069697,2.6177877415370845
2018-09-17,3.9195499788246178,2.600578614127749
2018-09-18,3.929710420352789,2.607319956141758
2018-09-19,3.928825386187042,2.606732745636305
2018-09-20,3.9543372231554383,2.6236595709059296
2018-09-21,3.9810914320278643,2.6414106963686548
2018-09-27,4.008764746803874,2.6597716385628645
2018-09-28,3.987729188270966,2.6458147751595513
2018-10-01,3.9805978073382375,2.641083181776881
2018-10-02,3.930714705600963,2.607986288438321
2018-10-04,3.871011048695884,2.5683735639747005
2018-10-05,3.8591486823118917,2.560503013401849
2018-10-08,3.8358494307578623,2.545044214395857
2018-10-10,3.792926935755137,2.516565607624126
2018-10-11,3.6245381747333716,2.4048415032911103
2018-10-12,3.6793064157601694,2.4411796332083604
2018-10-15,3.650833246163004,2.4222879960737767
2018-10-16,3.650833246163004,2.4222879960737767
2018-10-17,3.6889391608608766,2.447570854404564
2018-10-18,3.6562622867309136,2.425890105211921
2018-10-19,3.669792506232891,2.434867258117584
2018-10-22,3.6790679135953157,2.44102138962614
2018-10-23,3.58442410504815,2.37822625605288
2018-10-24,3.569923672035835,2.3686053770766855
2018-10-25,3.5115816381172125,2.3298960745972757
2018-10-26,3.4500570130283843,2.289075157626544
2018-10-29,3.3971271915632517,2.2539567990151044
2018-10-30,3.428850888051796,2.2750051252502317
2018-10-31,3.4543797608891103,2.291943253632872
2018-11-01,3.445478727133886,2.286037514924979
2018-11-02,3.567234497800758,2.286037514924979
2018-11-05,3.5347616385888143,2.286037514924979
2018-11-06,3.5563764166649388,2.286037514924979
2018-11-07,3.537774078824337,2.286037514924979
2018-11-08,3.561498811592322,2.286037514924979
2018-11-09,3.550368572062811,2.286037514924979
2018-11-12,3.5407524473220238,2.286037514924979
2018-11-13,3.5250777858813525,2.286037514924979
2018-11-14,3.5196657811823613,2.286037514924979
2018-11-15,3.553721314167699,2.286037514924979
2018-11-16,3.5611074021162032,2.286037514924979
2018-11-19,3.5749953748654613,2.286037514924979
2018-11-20,3.54439479919852,2.286037514924979
2018-11-21,3.5341321424568397,2.286037514924979
2018-11-22,3.522899272204822,2.286037514924979
2018-11-23,3.5016763191138143,2.286037514924979
2018-11-26,3.5451435464129215,2.286037514924979
2018-11-27,3.573054947844786,2.286037514924979
2018-11-28,3.5880319696778105,2.286037514924979
2018-11-29,3.598039503894716,2.286037514924979
2018-11-30,3.5686983360007227,2.286037514924979
2018-12-03,3.6283845415278857,2.286037514924979
2018-12-04,3.598464985108672,2.2671869141627354
2018-12-05,3.5762718185073266,2.2532042695877226
2018-12-06,3.5207548302661276,2.2182261914974695
2018-12-07,3.5327875553393016,2.2258073231579165
2018-12-10,3.495396316117995,2.202249242526957
2018-12-11,3.494000621393702,2.201369895130726
2018-12-12,3.544377763329602,2.2331096501214343
2018-12-13,3.5664687147174385,2.247027894738283
2018-12-14,3.521929058694485,2.2189660056510117
2018-12-17,3.524839699225497,2.2207998337279973
2018-12-18,3.5095564472609446,2.211170731040247
2018-12-19,3.5380296168581093,2.2291100462156255
2018-12-20,3.5061696334182204,2.2090368934020583
2018-12-21,3.5085010544060165,2.210505788382782
2018-12-24,3.4974726145810164,2.2035573994007183
2018-12-26,3.45152064347385,2.1746056913793033
2018-12-27,3.4522523548193336,2.175066700835916
2018-12-28,3.4736967742062768,2.1885776026279555
2019-01-02,3.420868960200154,2.1552938193719995
2019-01-03,3.3931275019484723,2.1378155136532335
2019-01-04,3.4212944414141093,2.155561890742568
2019-01-07,3.4669910822420027,2.1843527297627974
2019-01-08,3.44685738598926,2.1716676396294092
2019-01-09,3.5139812025806796,2.213958516221093
2019-01-10,3.511547566379375,2.2124252212822055
2019-01-11,3.5324642893388543,2.2256036517455122
2019-01-14,3.5136579365802327,2.213754844808688
2019-01-15,3.5692426527881063,2.248775594415936
2019-01-16,3.5844241050481482,2.2583405589339707
2019-01-17,3.586057886428297,2.2593699111108028
2019-01-18,3.6153649825844547,2.2778346357009585
2019-01-21,3.6159267507497552,2.2781885736824123
2019-01-22,3.6042854351527005,2.270854046739813
2019-01-23,3.6213217195798286,2.2815876348889197
2019-01-24,3.6506799233427407,2.300084559458157
2019-01-25,3.7063327830262867,2.3351482423708476
2019-01-28,3.705601071680803,2.3346872329142347
2019-01-29,3.7159148360292376,2.3411853457660463
2019-01-30,3.75478653381043,2.3656761786365923
2019-01-31,3.75248918456047,2.36422875030859
2019-02-01,3.7501232763258403,2.362738126886698
2019-02-07,3.7500551328501674,2.362695193581255
2019-02-08,3.7051755904668475,2.334419161543666
2019-02-11,3.711438557593749,2.338365098817671
2019-02-12,3.7280152890690856,2.348809148943488
2019-02-13,3.7467534983520343,2.360615022574869
2019-02-14,3.7882296065327106,2.386746745436357
2019-02-15,3.7375803062031183,2.354835519012326
2019-02-18,3.76276846166207,2.370705134719232
2019-02-19,3.753816320300092,2.3650649026109294
2019-02-20,3.7948839831357306,2.390939287428209
2019-02-21,3.793011699590728,2.389759668682328
2019-02-22,3.7961433909086777,2.3917327682135543
2019-02-25,3.7996494558338285,2.3939417391362676
2019-02-26,3.789506050174575,2.3875509595480624
2019-02-27,3.8034447150215893,2.396332914818664
2019-02-28,3.736473805741435,2.3541383763757784
2019-03-04,3.728338555069531,2.3490128203558918
2019-03-05,3.7088856703100173,2.336756670594258
2019-03-06,3.702707882527706,2.332864399952056
2019-03-07,3.6860118999699427,2.3223452165417147
2019-03-08,3.637762164103819,2.2919458184038497
2019-03-11,3.6388857004344195,2.2926536943667575
2019-03-12,3.671358144137365,2.313112723352413
2019-03-13,3.656432229911095,2.3037087587297886
2019-03-14,3.6688052568536333,2.311504295129001
2019-03-15,3.7035758808245345,2.3334112760195542
2019-03-18,3.7093281873928903,2.3370354752911875
2019-03-19,3.7061458039771837,2.3350304375693267
2019-03-20,3.7052607698114373,2.334472828175468
2019-03-21,3.718501379541806,2.3428149788537302
2019-03-22,3.722024480335875,2.345034683102804
2019-03-25,3.650390729080129,2.299902354698472
2019-03-26,3.6570962132899036,2.304127096669406
2019-03-27,3.6516842085909125,2.300717302136538
2019-03-28,3.621866451876209,2.2819308395440108
2019-03-29,3.6432593481474,2.29540927956852
2019-04-01,3.6902496762405756,2.3250151969210395
2019-04-02,3.705396641253783,2.3345584329979046
2019-04-03,3.749800010325391,2.3625344554742904
2019-04-04,3.7553483019757268,2.3660301166180435
2019-04-05,3.760590363494535,2.369332839675753
2019-04-08,3.7622752524814382,2.3703943918316672
2019-04-09,3.767312883573229,2.3735683149730487
2019-04-10,3.7857444472156514,2.3851809887299384
2019-04-11,3.7858296265602425,2.385234655361742
2019-04-12,3.8011639861315496,2.3948959580285742
2019-04-15,3.817213021179422,2.4050075368256585
2019-04-16,3.8269990891003927,2.411173178348738
2019-04-17,3.822335831615803,2.4082351265988433
2019-04-18,3.7676702213115125,2.373793453038175
2019-04-19,3.7717206030240478,2.376345366827534
2019-04-22,3.7725715654519583,2.3768815095686713
2019-04-23,3.779141178219386,2.381020646717168
2019-04-24,3.7459877152687135,2.3601325464655343
2019-04-25,3.728066396675839,2.348841348922569
2019-04-26,3.7090219572613616,2.3368425372051433
2019-04-29,3.7721971918447568,2.3766456381771843
2019-04-30,3.7503447426217744,2.3628776601293846
2019-05-02,3.7659342247178555,2.3726997009031794
2019-05-03,3.7379717156792367,2.3550821237301727
2019-05-07,3.705073375253338,2.3343547615855007
2019-05-08,3.6897901232887853,2.32472565889775
2019-05-09,3.5774630828046012,2.253954817067625
2019-05-10,3.587725739546281,2.2604207299403543
2019-05-13,3.5383188111207184,2.229292250975308
2019-05-14,3.5431353914255714,2.232326902662449
2019-05-15,3.5617543496260935,2.2440576430093055
2019-05-16,3.519052905410306,2.2171539060151937
2019-05-17,3.498817201698554,2.2044045468178655
2019-05-20,3.4986638788782907,2.2043079468806193
2019-05-21,3.508092609060978,2.210248450338572
2019-05-22,3.514236740614451,2.214119516116501
2019-05-23,3.505267563383555,2.208468550681838
2019-05-24,3.4809640265813515,2.1931562825803423
2019-05-27,3.4790917430363493,2.191976663834461
2019-05-28,3.4869548353145614,2.196930748421025
2019-05-29,3.4435385078677094,2.1695766044024376
2019-05-30,3.469884479149597,2.1861756936191967
2019-05-31,3.474888038503551,2.1893281501078565
2019-06-03,3.5193254793129958,2.217325639236964
2019-06-04,3.517827569375194,2.2163818918825693
2019-06-05,3.52146992125169,2.218676729416168
2019-06-07,3.526950069426354,2.2221294572544785
2019-06-10,3.5731741989272123,2.251252636709216
2019-06-11,3.594142029493446,2.2644632671516045
2019-06-12,3.5889340397124743,2.2611820107466167
2019-06-13,3.5794030943162776,2.2551771073305
2019-06-14,3.566230212552583,2.246877628169232
2019-06-17,3.5582653205698604,2.2418594054129524
2019-06-18,3.571846647678592,2.250416222618428
2019-06-19,3.6162159450123643,2.2783707784420932
2019-06-20,3.6272954924441185,2.285351367403239
2019-06-21,3.6176457114744927,2.2792715924910447
2019-06-24,3.6188540116406855,2.2800328732973076
2019-06-25,3.610871668280047,2.2750036554262194
2019-06-26,3.6112294215273275,2.275229055279793
2019-06-27,3.632452374618335,2.2886004238291435
2019-06-28,3.6261553357535967,2.284633019902417
2019-07-01,3.624657425815795,2.2836892725480222
2019-07-02,3.6115186157899366,2.275411260039476
2019-07-03,3.5672685695385913,2.2475318375003357
2019-07-04,3.588899967974636,2.2611605440938947
2019-07-05,3.592065731030422,2.263155110277842
2019-07-08,3.5130620966770936,2.2133794401745095
2019-07-09,3.492400911751386,2.2003620096066125
2019-07-10,3.5038889045281776,2.2075999366119663
2019-07-11,3.5409909494868743,2.2309758124832424
2019-07-12,3.5513383700641477,2.2374951301993278
2019-07-15,3.5442244405093355,2.233013050184185
2019-07-16,3.5602057475905333,2.2430819574642746
2019-07-17,3.5279539391655272,2.222761938144412
2019-07-18,3.5171128938986267,2.2159316157523157
2019-07-19,3.5644435238611676,2.2457519378436004
2019-07-22,3.56270752726751,2.2446581857086043
2019-07-23,3.5765099051631792,2.253354274368321
2019-07-24,3.543918210377807,2.232820112098141
2019-07-25,3.530609041662767,2.2244347663259876
2019-07-26,3.5166192692089986,2.2156206110763037
2019-07-29,3.4540224231508234,2.1761819196236294
2019-07-30,3.469680256477076,2.1860470245970904
2019-07-31,3.4456320499541455,2.170895625496781
2019-08-01,3.4333610304706172,2.1631643581615085
2019-08-02,3.4006671204717365,2.1425657959331645
2019-08-05,3.313613622545594,2.0877183673359725
2019-08-06,3.2634409110367115,2.0561074122615923
2019-08-07,3.2501828499284264,2.0477542664685213
2019-08-08,3.2687338724077746,2.0594422044041596
2019-08-09,3.297904889367086,2.0778211932776536
2019-08-12,3.3056316946939535,2.082689411253332
2019-08-13,3.277617870294081,2.0650395032070192
2019-08-14,3.2989600744675154,2.0784860050408946
2019-08-16,3.27989859918412,2.066476459997108
2019-08-19,3.301564069358001,2.0801266332433883
2019-08-20,3.336198198623058,2.101947616628832
2019-08-21,3.34368670953957,2.1066656989296852
2019-08-22,3.3204724295756325,2.0920397092441525
2019-08-23,3.3158602796977976,2.0891338574733402
2019-08-26,3.261415720180445,2.054831455366913
2019-08-27,3.2755245359621417,2.0637206130068977
2019-08-28,3.30358926021427,2.0814025901380684
2019-08-29,3.290518593664084,2.0731675109349648
2019-08-30,3.349030778517389,2.110032691051335
2019-09-02,3.3514133071119394,2.1115337860111407
2019-09-03,3.345456570116566,2.1077807868231795
2019-09-04,3.3843286834067565,2.1322718814821733
2019-09-05,3.411933854707093,2.149664320590054
2019-09-06,3.4193882938857687,2.154360936238186
2019-09-09,3.437122425675043,2.165534198085408
2019-09-10,3.45844738622506,2.1789698356986986
2019-09-11,3.487584331446535,2.1973273579194714
2019-09-16,3.509743426310044,2.2112885358417627
2019-09-17,3.509930820868143,2.2114066024317296
2019-09-18,3.52422682345344,2.2204136957674576
2019-09-19,3.540599540010757,2.2307292077653944
2019-09-20,3.559609907687398,2.2427065528300987
2019-09-23,3.5599161378189264,2.2428994909161424
2019-09-24,3.575812265555533,2.2529147315644282
2019-09-25,3.5287537939866844,2.2232658809064665
2019-09-26,3.5306771851384413,2.22447769963143
2019-09-27,3.4888267033505644,2.198110105378456
2019-09-30,3.5111561569032546,2.212178616564354
2019-10-01,3.527102976737618,2.2222257954032743
2019-10-02,3.4581581919624496,2.178787630939015
2019-10-04,3.439062437186719,2.1667564883482835
2019-10-07,3.4408325055182125,2.1678717071360007
2019-10-08,3.4825637362236628,2.1941641681044506
2019-10-10,3.451758937884203,2.1747558270541245
2019-10-11,3.479772554529577,2.1924056042062134
2019-10-14,3.5185592807206776,2.21684290133918
2019-10-15,3.5198697961003798,2.2176685821036073
2019-10-16,3.5448202804124738,2.2333884548183596
2019-10-17,3.5364976351824704,2.228144832208506
2019-10-18,3.5071394314195583,2.2096479076392685
2019-10-21,3.514202668876614,2.214098049463777
2019-10-22,3.5550829371541535,2.2398543676910894
2019-10-23,3.5410590929625485,2.2310187457886843
2019-10-24,3.549636445208328,2.2364228447170524
2019-10-25,3.5534317043960884,2.238814020399449
2019-10-28,3.563150044350384,2.2449369904055327
2019-10-29,3.5616010268058282,2.2439610430720562
2019-10-30,3.540463253059411,2.230643341154509
2019-10-31,3.545926365365157,2.234085335666459
2019-11-01,3.5743824990934034,2.2520139175154767
2019-11-04,3.625508388243705,2.2842254152891583
2019-11-05,3.6466120902522854,2.297521650553984
2019-11-06,3.6491820134049346,2.2991408121037566
2019-11-07,3.6494205155697883,2.299291078672806
2019-11-08,3.6374048263655325,2.2917206803387193
2019-11-11,3.6150417165840043,2.277630964288548
2019-11-12,3.6436848293613524,2.2956773509390853
2019-11-13,3.6122503271354187,2.275872269496087
2019-11-14,3.6408086760771745,2.293865251303269
2019-11-15,3.6798677684164662,2.318474150763782
2019-11-18,3.677331917001653,2.3168764558667307
2019-11-19,3.664652659927586,2.308887981381474
2019-11-20,3.617135050915944,2.27894985448867
2019-11-21,3.5682558189178457,2.2481538468523565
2019-11-22,3.5773779034600075,2.253901150435818
2019-11-25,3.614037431335831,2.276998221610165
2019-11-26,3.6103784590994157,2.274692912538654
2019-11-27,3.621440970662252,2.281662768173439
2019-11-28,3.6056981657459084,2.271744127462399
2019-11-29,3.553550955478515,2.2388891536839735
2019-12-02,3.560290511426126,2.2431353623076293
2019-12-03,3.54693065061333,2.234718078344842
2019-12-04,3.521095132135489,2.2184405962362312
2019-12-05,3.5072246107641476,2.2097015742710724
2019-12-06,3.5431524272944874,2.2323376359888067
2019-12-09,3.554725183906872,2.239628967837516
2019-12-10,3.570638347512397,2.249654941812163
2019-12-11,3.5836072143580715,2.2578258828455504
2019-12-12,3.6376092567925515,2.2918494802550486
2019-12-13,3.6936024183454625,2.327127567906505
2019-12-16,3.6900282099446393,2.3248756636783487
2019-12-17,3.7368822510864708,2.354395714419983
2019-12-18,3.7353166131819946,2.3534092955485937
2019-12-19,3.738380161024272,2.3553394617743773
2019-12-20,3.7513486123609483,2.363510141019317
2019-12-23,3.750548757539792,2.3630061982572617
2019-12-24,3.727351721199271,2.3483910727923134
2019-12-26,3.740711582012067,2.3568083567551006
2019-12-27,3.751399719967703,2.363542340998399
2019-12-30,3.740269064929194,2.3565295520581713
2020-01-02,3.7019757556732222,2.3324031287069924
2020-01-03,3.7041713052186713,2.3337864188652784
2020-01-06,3.66776731537662,2.3108503475863413
2020-01-07,3.702605667314195,2.332799999993889
2020-01-08,3.661368061298373,2.306818543701451
2020-01-09,3.721173517907963,2.344498540361664
2020-01-10,3.7551097998108736,2.3658798500489926
2020-01-13,3.7940330207078183,2.390403144687068
2020-01-14,3.8104053217561367,2.400718394896557
2020-01-15,3.79696028159875,2.3922474443019666
2020-01-16,3.8260122552301334,2.41055143078516
2020-01-17,3.8303011391075223,2.413253611143568
2020-01-20,3.8508430729508025,2.42619590842694
2020-01-21,3.811783980611511,2.4015870089664273
2020-01-22,3.858689129360097,2.4311392596871437
2020-01-23,3.8227442769608393,2.408492464643049
2020-01-28,3.704613822301545,2.334065223562208
2020-01-29,3.719182398789532,2.3432440501197065
2020-01-30,3.6557345903034464,2.3032692159258947
2020-01-31,3.6063958053535563,2.2721836702662914
2020-02-03,3.6061743390576204,2.272044137023603
2020-02-04,3.672583480172475,2.3138847374850346
2020-02-05,3.6857393260672513,2.3221734833199417
2020-02-06,3.7917863635556155,2.388987654549701
2020-02-07,3.7645726017313983,2.3718418201596676
2020-02-10,3.746055858744385,2.360175479770975
2020-02-11,3.7835833849170366,2.3838194270128197
2020-02-12,3.809554359328227,2.4001822521554206
2020-02-13,3.800330059572557,2.3943705486137956
2020-02-14,3.8184217368546123,2.4057690794203674
2020-02-17,3.8160047210132277,2.404246256019393
2020-02-18,3.7593475760815083,2.3685498304283192
2020-02-19,3.761832735398565,2.370115587134736
2020-02-20,3.7365760209549426,2.3542027763339393
2020-02-21,3.680991304747069,2.319182026726691
2020-02-24,3.538369918727472,2.229324450954388
2020-02-25,3.580186328777513,2.2556705785546414
2020-02-26,3.534506516064039,2.2268903419665493
2020-02-27,3.497268184153997,2.2034285994843876
2020-02-28,3.3817417243851886,2.130641986606041
2020-03-02,3.408121559650414,2.147262411581298
2020-03-03,3.42793198990271,2.159743830302282
2020-03-04,3.5048250463006814,2.208189745984908
2020-03-05,3.5489558414696,2.235994035239524
2020-03-06,3.472301079481984,2.187698255231723
2020-03-09,3.3268716836538816,2.0960715131290457
2020-03-10,3.3407594486486407,2.1048213993147895
2020-03-11,3.247732177858207,2.046210238203276
2020-03-12,3.121891745986465,2.046210238203276
2020-03-13,3.014857666873344,2.046210238203276
2020-03-16,2.9185628333226132,2.046210238203276
2020-03-17,2.846367106147068,2.046210238203276
2020-03-18,2.708102747480532,2.046210238203276
2020-03-19,2.4807937717694224,2.046210238203276
2020-03-20,2.665469654494916,2.046210238203276
2020-03-23,2.523035455278919,2.046210238203276
2020-03-24,2.7400479102650115,2.046210238203276
2020-03-25,2.9013734338297215,2.046210238203276
2020-03-26,2.869853752259197,2.046210238203276
2020-03-27,2.9234473493486397,2.046210238203276
2020-03-30,2.922409200117129,2.046210238203276
2020-03-31,2.9862654539482523,2.046210238203276
2020-04-01,2.8685262010105776,2.046210238203276
2020-04-02,2.9355820818808236,2.046210238203276
2020-04-03,2.9365691235055804,2.046210238203276
2020-04-06,3.049645118958665,2.046210238203276
2020-04-07,3.1036301255242265,2.046210238203276
2020-04-08,3.075616508878853,2.046210238203276
2020-04-09,3.1250913730255894,2.046210238203276
2020-04-10,3.166771496124285,2.046210238203276
2020-04-13,3.1073063413840596,2.046210238203276
2020-04-14,3.160610536456393,2.046210238203276
2020-04-16,3.160593500587475,2.046210238203276
2020-04-17,3.258386244076007,2.046210238203276
2020-04-20,3.2308660443657624,2.046210238203276
2020-04-21,3.198563543843,2.046210238203276
2020-04-22,3.227104856915837,2.046210238203276
2020-04-23,3.2587265459453714,2.046210238203276
2020-04-24,3.214953088514736,2.046210238203276
2020-04-27,3.2724100882676117,2.046210238203276
2020-04-28,3.291675786223526,2.046210238203276
2020-04-29,3.3146008719248536,2.046210238203276
2020-05-04,3.225777305667217,2.046210238203276
2020-05-06,3.282604601533619,2.046210238203276
2020-05-07,3.282349271254346,2.046210238203276
2020-05-08,3.3116393315415853,2.046210238203276
2020-05-11,3.29390540750681,2.046210238203276
2020-05-12,3.2713889749050185,2.046210238203276
2020-05-13,3.302449103523751,2.046210238203276
2020-05-14,3.2761372039796997,2.046210238203276
2020-05-15,3.280085785987724,2.046210238203276
2020-05-18,3.296815632528824,2.046210238203276
2020-05-19,3.3708493637570363,2.046210238203276
2020-05-20,3.3862177950661794,2.046210238203276
2020-05-21,3.400973558357767,2.046210238203276
2020-05-22,3.3530132245087523,2.046210238203276
2020-05-25,3.394659275869612,2.046210238203276
2020-05-26,3.4545330837093737,2.046210238203276
2020-05-27,3.45694968404176,2.046210238203276
2020-05-28,3.4524227135085153,2.046210238203276
2020-05-29,3.454226645823346,2.046210238203276
2020-06-01,3.514611114221653,2.046210238203276
2020-06-02,3.552240440098816,2.068118070781103
2020-06-03,3.654032665447628,2.127381610020312
2020-06-04,3.6611465950024407,2.1315233471900408
2020-06-05,3.7133789846144247,2.1619330986295067
2020-06-08,3.7174975098026324,2.1643309082683335
2020-06-09,3.7253772224407644,2.1689184851439096
2020-06-10,3.736899286955392,2.1756266430620554
2020-06-11,3.7047160375150567,2.1568895218377495
2020-06-12,3.62901445316886,2.1128159808674276
2020-06-15,3.4563029442863686,2.012263161154071
2020-06-16,3.6388005210898307,2.1185134397671095
2020-06-17,3.643906295657293,2.121486027019117
2020-06-18,3.6310226081562087,2.1139851307851485
2020-06-19,3.6443658486090844,2.1217535792245794
2020-06-22,3.6195346153794175,2.1072968094681306
2020-06-23,3.6272103130995297,2.1117656086467065
2020-06-24,3.67872761172595,2.1417590333722476
2020-06-25,3.5950952071348667,2.0930681606246573
2020-06-26,3.63301372727464,2.1151443624023054
2020-06-29,3.5629456139233704,2.07435063409171
2020-06-30,3.588219364235911,2.0890650377530573
2020-07-01,3.585445010656244,2.0874498062197193
2020-07-02,3.63423947881875,2.115857996223385
2020-07-03,3.6632399293343814,2.1327420886105837
2020-07-06,3.723692333453862,2.167937541027139
2020-07-07,3.6832545822591958,2.1443946403148457
2020-07-08,3.674251333290463,2.1391529394215754
2020-07-09,3.6896027287306885,2.1480905377787276
2020-07-10,3.6595639212290476,2.1306019128766556
2020-07-13,3.7205099500381564,2.1660847540998014
2020-07-14,3.7163403172431946,2.163657189559282
2020-07-15,3.7474341020907658,2.1817600233670222
2020-07-16,3.7165954397679686,2.1638057221579747
2020-07-17,3.7462598736624084,2.1810763863574048
2020-07-20,3.7411711349638637,2.178113717405961
2020-07-21,3.7933013093623393,2.208463959042042
2020-07-22,3.793011699590731,2.2082953479324514
2020-07-23,3.7717887464997233,2.1959393226174444
2020-07-24,3.7449834300205427,2.180333239544403
2020-07-27,3.774631243555063,2.197594227353039
2020-07-28,3.841227363719019,2.236366557626706
2020-07-29,3.8517281071165548,2.2424801013305427
2020-07-30,3.8582806840150647,2.246295018401194
2020-07-31,3.8282589123823416,2.228816311799686
2020-08-03,3.831100993928683,2.230470974625511
2020-08-04,3.8803375636650643,2.2591365566243047
2020-08-05,3.934612180002234,2.2907352945826194
2020-08-06,3.986946369318729,2.3212043139157004
2020-08-07,4.0023654927256285,2.330181343565339
2020-08-10,4.061439237989735,2.364574139365507
2020-08-11,4.116394458065634,2.3965691255268484
2020-08-12,4.139677089259743,2.4101242975710386
2020-08-13,4.148492943670377,2.415256897158103
2020-08-14,4.097367054520075,2.3854913514357676
2020-08-18,3.9965280068126825,2.326782753208612
2020-08-19,4.017461765641079,2.338970409323798
2020-08-20,3.8705514957440936,2.2534390977246224
2020-08-21,3.922239153059696,2.2835317054558053
2020-08-24,3.9651957198002576,2.3085410631929744
2020-08-25,4.027996580776453,2.3451037896287636
2020-08-26,4.032404715736269,2.3476702103771814
2020-08-27,3.9900776451276823,2.3230273459413464
2020-08-28,4.005990808733207,2.3322920063073456
2020-08-31,3.958966408902195,2.3049143519232724
2020-09-01,3.9987576280959685,2.328080841033668
2020-09-02,4.023980270801755,2.3427654897933223
2020-09-03,4.077641595857872,2.374007168931328
2020-09-04,4.030583539798021,2.3466099198558963
2020-09-07,4.057763229884403,2.362433963631579
2020-09-08,4.087870180861716,2.379962261735908
2020-09-09,4.043450191430187,2.354100897789301
2020-09-10,4.0786288452371275,2.374581946544509
2020-09-11,4.07898618297541,2.3747899889465867
2020-09-14,4.132120227113061,2.405724684586643
2020-09-15,4.1587896721498945,2.421251663164941
2020-09-16,4.145752661828547,2.413661502225895
2020-09-17,4.095120397367873,2.38418334531015
2020-09-18,4.105723355978918,2.3903563988173713
2020-09-21,4.066562048426117,2.36755664491808
2020-09-22,3.969893049022684,2.311275853141213
2020-09-23,3.9709991339753685,2.3119198169485733
2020-09-24,3.867964536722527,2.251932967497491
2020-09-25,3.8783294086777156,2.257967406706584
2020-09-28,3.9281788541861515,2.2869898056159172
2020-09-29,3.9618936697931266,2.3066186062519174
2020-10-05,4.013138810025856,2.336453580078202
2020-10-06,4.0265838501832425,2.344281296411248
2020-10-07,4.062392415631155,2.3651290803775598
2020-10-08,4.070936111648096,2.370103229065368
2020-10-12,4.090967800441828,2.381765699070194
2020-10-13,4.089980551062573,2.3811909214570126
2020-10-14,4.051398047543991,2.3587281478671325
2020-10-15,4.018601922331601,2.339634209732287
2020-10-16,3.985108157511563,2.3201341050938504
2020-10-19,3.9939751195289506,2.3252964595826073
2020-10-20,4.013836449633502,2.336859746581792
2020-10-21,4.0350257464956725,2.3491961772054406
2020-10-22,4.008118214802983,2.333530584329014
2020-10-23,4.0179213185928715,2.33923796152926
2020-10-26,3.9891585392240985,2.3224922415304206
2020-10-27,3.966914680524997,2.309541843910874
2020-10-28,3.9914563039830555,2.323830002557732
2020-10-29,3.959817371330104,2.305409783131939
2020-10-30,3.85851877067092,2.246433632699321
2020-11-02,3.9146993267819306,2.2791420107719724
2020-11-03,3.9881376336160046,2.3218978692258814
2020-11-04,4.011981617466416,2.335779861369149
2020-11-05,4.108089264213547,2.3917338330469384
2020-11-06,4.112701414091382,2.394419031492356
2020-11-09,4.164950424063287,2.424838459322616
2020-11-10,4.174532477066237,2.430417140525298
2020-11-11,4.230764140784002,2.463155273499641
2020-11-12,4.213319411011837,2.4529989337219473
2020-11-13,4.24437953963057,2.4710821728383285
2020-11-16,4.328046015959489,2.5197928821870472
2020-11-17,4.321442331454225,2.5159482102147033
2020-11-18,4.332487807148143,2.522378897626823
2020-11-19,4.335517283252584,2.5241426617588534
2020-11-20,4.345865119338856,2.5301671826673826
2020-11-23,4.429412760094347,2.5788087058219222
2020-11-24,4.4552308271942715,2.5938400112817823
2020-11-25,4.4276256558939355,2.5777682519017655
2020-11-26,4.469101348565613,2.6019154432191622
2020-11-27,4.481933928459942,2.6093865845514386
2020-11-30,4.41026610546636,2.5676615036268924
2020-12-01,4.483295551446399,2.6101793228672614
2020-12-02,4.554180555487743,2.651448645785396
2020-12-03,4.588763784900544,2.671583037840398
2020-12-04,4.648722564330397,2.7064911014503625
2020-12-07,4.6725324764429725,2.720353256992502
2020-12-08,4.596779784490021,2.6762499611204875
2020-12-09,4.689602832607936,2.730291636067554
2020-12-10,4.674268473036629,2.721363956010966
2020-12-11,4.714434065837604,2.744748405824003
2020-12-14,4.701056753646892,2.7369601207834435
2020-12-15,4.691900597366894,2.7316293970948653
2020-12-16,4.717378362597454,2.7464625784532126
2020-12-17,4.715063561969579,2.745114899125337
2020-12-18,4.718041930467266,2.746848908355675
2020-12-21,4.729053334423348,2.7532597591666663
2020-12-22,4.652517823518159,2.7087007052882406
2020-12-23,4.697006371934358,2.734601984346874
2020-12-24,4.777064983633616,2.7812121911639207
2020-12-28,4.780026316262384,2.7829362820936945
2020-12-29,4.800296091711973,2.794737366396649
2020-12-30,4.890429965594811,2.8472134013131987
2021-01-04,5.011232558620264,2.917544796342924
2021-01-05,5.089725532415047,2.9632434871471482
2021-01-06,5.051670309814931,2.9410876970552176
2021-01-07,5.159691430552809,3.0039777056543593
2021-01-08,5.364773375679237,3.123376626943343
2021-01-11,5.358425229207744,3.119680729479461
2021-01-12,5.320131919951772,3.097386325089402
2021-01-13,5.358153070814052,3.1195222785802046
2021-01-14,5.360944044753639,3.121147186504337
2021-01-15,5.251969746374342,3.057702236893143
2021-01-18,5.129482264361986,2.986389897746646
2021-01-19,5.263474775020051,3.0644004765107247
2021-01-20,5.300730142799011,3.08609059029568
2021-01-21,5.379512310856403,3.1319576502997246
2021-01-22,5.345116060492702,3.111932117641158
2021-01-25,5.461459826460583,3.1796675789305433
2021-01-26,5.344571743705318,3.111615215842645
2021-01-27,5.314362577514496,3.0940274079349317
2021-01-28,5.2232925618591555,3.0410063503068936
2021-01-29,5.065285708661497,2.949014596393906
2021-02-01,5.2019844294235575,3.0286007334890663
2021-02-02,5.270538012477106,3.068512700688531
2021-02-03,5.326480066423262,3.1010822225532833
2021-02-04,5.254778171691843,3.0593373050276087
2021-02-05,5.311077563376282,3.0921148692944387
2021-02-08,5.261058174687663,3.0629935292892334
2021-02-09,5.2498764120424,3.056483495472601
2021-02-10,5.2769543024242695,3.072248271354668
2021-02-15,5.3559575212686,3.118244027356277
2021-02-16,5.3836138001756915,3.1343455416379866
2021-02-17,5.333372945191137,3.1050952637254476
2021-02-18,5.2532632258851235,3.058455302006708
2021-02-19,5.288935919890689,3.0792239814782763
2021-02-22,5.24150307471464,3.0516085297904336
2021-02-23,5.225062630190648,3.0420368859264855
2021-02-24,5.0972308714459755,2.9676131033200823
2021-02-25,5.27543935661755,3.071366268333768
2021-02-26,5.127814411243999,2.9854188719304373
2021-03-02,5.180438210332102,3.0160565023731087
2021-03-03,5.247017294627139,3.0548189143462117
2021-03-04,5.179791262822211,3.015679848861441
2021-03-05,5.150467130797136,2.998607308763524
2021-03-08,5.099154262597732,2.9687329036447525
2021-03-09,5.065132801350232,2.9489255735985975
2021-03-10,5.034498153945454,2.93109005008655
2021-03-11,5.129090854885865,2.9861620187434395
2021-03-12,5.198342077547061,3.026480152446495
2021-03-15,5.183569486141054,3.0178795343987543
2021-03-16,5.220092727065532,3.039143403169221
2021-03-17,5.186615998114413,3.019653216831349
2021-03-18,5.21811864381602,3.0379940898526283
2021-03-19,5.1730517068746,3.0117560723943537
2021-03-22,5.166124756368889,3.007723194621061
2021-03-23,5.113841674659149,2.9772839301896727
2021-03-24,5.09956270794277,2.968970700948523
2021-03-25,5.1199517344747845,2.9808412133554256
2021-03-26,5.175570522420495,3.0132225294192296
2021-03-29,5.1671120057481446,3.0082979722342422
2021-03-30,5.224909307370385,3.0419476212214085
2021-03-31,5.210306659144562,3.0334459442695394
2021-04-01,5.2545226336580715,3.0591885305191466
2021-04-02,5.297751774301323,3.084356581065342
2021-04-05,5.311418280754646,3.0923132353057228
2021-04-06,5.322055311103527,3.0985061254140724
2021-04-07,5.339635912318039,3.1087415696865097
2021-04-08,5.349592338928191,3.114538211591833
2021-04-09,5.330224218004269,3.1032620714894694
2021-04-12,5.336538708246923,3.106938374261993
2021-04-13,5.393536155048008,3.1401223469421837
2021-04-14,5.416171423223229,3.1533006235649363
2021-04-15,5.436509757657488,3.165141622979917
2021-04-16,5.4438110817704,3.169392461455852
2021-04-19,5.444185455377601,3.169610422158493
2021-04-20,5.481389300040807,3.191270539131986
2021-04-21,5.397926838629907,3.142678607480267
2021-04-22,5.407900301108977,3.1484851676861543
2021-04-23,5.413959253317858,3.1520126959502153
2021-04-26,5.4759943312107335,3.1881295826801574
2021-04-27,5.472403086940992,3.18603875653928
2021-04-28,5.4146228211876695,3.1523990258526777
2021-04-29,5.402028743458193,3.1450667407282995
2021-04-30,5.357421359468566,3.119096275475487
2021-05-03,5.322259326021546,3.0986249031110735
2021-05-04,5.356587432909573,3.1186107625673833
2021-05-06,5.378814255739757,3.131551241886366
2021-05-07,5.441394065929014,3.167985272324591
2021-05-10,5.530064517120887,3.2196093010317033
2021-05-11,5.462208573674986,3.180103500335829
2021-05-12,5.380907590071698,3.1327699833069085
2021-05-13,5.313596794431176,3.093581568229087
2021-05-14,5.366713802699909,3.124506345568579
2021-05-17,5.334717532308675,3.1058780837407087
2021-05-18,5.400292746864537,3.144056041709836
2021-05-20,5.381962982926625,3.133384434122346
2021-05-21,5.371989520447555,3.1275778739164584
2021-05-24,5.351362407259684,3.1155687472114266
2021-05-25,5.397348450104687,3.142341869080626
2021-05-26,5.3924296545863255,3.139478141225054
2021-05-27,5.387460166970207,3.136584900377559
2021-05-28,5.42697881226129,3.1595926966789274
2021-05-31,5.452830951099052,3.174643838739916
2021-06-01,5.483380834668236,3.192430012658912
2021-06-02,5.4873971446429355,3.194768312494354
2021-06-03,5.526881718196182,3.217756272194594
2021-06-04,5.514372819811297,3.210473578573037
2021-06-07,5.534864061556822,3.222403600783325
2021-06-08,5.52756273744391,3.2181527623073904
2021-06-09,5.473696566451777,3.1867918216528452
2021-06-10,5.488094784250584,3.1951744789979446
2021-06-11,5.530098588858724,3.2196291376328308
2021-06-14,5.534880681916743,3.22241327717412
2021-06-15,5.545943193479579,3.228853882886804
2021-06-16,5.580066869940588,3.2487207227363437
2021-06-17,5.556716510779805,3.2351261193996668
2021-06-18,5.561771177740513,3.238068951749982
2021-06-21,5.515581119977491,3.211177052183783
2021-06-22,5.554878298972638,3.2340559105778173
2021-06-23,5.575829093669954,3.246253484993568
2021-06-24,5.592695434916898,3.2560730863716194
2021-06-25,5.621185640382981,3.272660113561433
2021-06-28,5.619568479362752,3.2717186007371475
2021-06-29,5.5936822687871555,3.2566476220750307
2021-06-30,5.610701517345365,3.2665562462483906
2021-07-01,5.585819592017941,3.252069963500019
2021-07-02,5.585343003197232,3.2517924929939928
2021-07-05,5.6047958879567465,3.2631179826894074
2021-07-06,5.6252189862265976,3.2750083316974385
2021-07-07,5.591401955406114,3.2553200212580533
2021-07-08,5.535816823689242,3.222958299885608
2021-07-09,5.476709006687299,3.1885456674843113
2021-07-12,5.525247936816033,3.2168050829795143
2021-07-13,5.567642735391295,3.2414873787078364
2021-07-14,5.5564613882550296,3.234977586800974
2021-07-15,5.592899449834917,3.2561918640686196
2021-07-16,5.577054429705064,3.246966876904877
2021-07-19,5.521112375758907,3.2143973550401244
2021-07-20,5.5018123983106575,3.203160888140017
2021-07-21,5.4732370134999835,3.186524269447383
2021-07-22,5.531613119156442,3.2205108987439606
2021-07-23,5.538778156318008,3.2246823908153814
2021-07-26,5.4886224806780435,3.195481704405663
2021-07-27,5.501523204048045,3.2029925189401958
2021-07-28,5.508892671636629,3.207283030618387
2021-07-29,5.518746467524275,3.2130199208105554
2021-07-30,5.450108120635133,3.1730586040180393
2021-08-02,5.4853719537866645,3.1935892442760685
2021-08-03,5.509368844948342,3.207560259214644
2021-08-04,5.582960059093681,3.2504051404638603
2021-08-05,5.575726878456442,3.2461939751901823
2021-08-06,5.565907154306633,3.240476921599142
2021-08-09,5.548989705452934,3.230627565319397
2021-08-10,5.519665573427859,3.2135550252214804
2021-08-11,5.481253428598458,3.191191434637242
2021-08-12,5.4604214694745705,3.1790630464156706
2021-08-13,5.39729734249793,3.1423121141789325
2021-08-17,5.349303144665578,3.1143698423920125
2021-08-18,5.376261368456024,3.1300649482603617
2021-08-19,5.272274009070761,3.069523399706996
2021-08-20,5.208758057109003,3.032544346557282
2021-08-23,5.259305142225086,3.0619729119702064
2021-08-24,5.341150858124757,3.1096235727074104
2021-08-25,5.355634255268153,3.11805582155533
2021-08-26,5.324523019042665,3.0999428275372565
2021-08-27,5.333662139453745,3.10526363292527
2021-08-30,5.3511750127015825,3.11545964590522
2021-08-31,5.444917166723082,3.1700364252632114
2021-09-01,5.458107084355694,3.177715608997565
2021-09-02,5.405058219562633,3.146830504860329
2021-09-03,5.44796367869644,3.1718101076958054
2021-09-06,5.451827081359873,3.1740593847359393
2021-09-07,5.424749190978003,3.1582946088538715
2021-09-08,5.383171283092816,3.1340879077330897
2021-09-09,5.3009852653237814,3.086239122894373
2021-09-10,5.319808653951321,3.097198119288453
2021-09-13,5.323382862352144,3.0992790271287665
2021-09-14,5.359072176717629,3.120057382991129
2021-09-15,5.3668496741422524,3.12458545006332
2021-09-16,5.327178121539903,3.1014886309666436
2021-09-17,5.344912045574679,3.111813339944158
2021-09-23,5.322906273531434,3.0990015566227394
2021-09-24,5.318923619785573,3.096682851478656
2021-09-27,5.33321962237087,3.10500599902037
2021-09-28,5.272426916382025,3.069612422502302
2021-09-29,5.208349611763964,3.032306549253511
2021-09-30,5.222901152383033,3.040778471303687
2021-10-01,5.138417369855041,2.991591925437659
2021-10-05,5.0413906172043275,2.935102849348945
2021-10-06,4.949725177154849,2.881735135020701
2021-10-07,5.036778467326493,2.932417650903528
2021-10-08,5.031400534365338,2.9292866127522634
2021-10-12,4.9634594115748465,2.889731220553568
2021-10-13,5.011164415144588,2.9175051231406672
2021-10-14,5.08644051827683,2.9613309485066557
2021-10-15,5.131405655513739,2.9875096980713156
2021-10-18,5.117143309157281,2.9792061452209597
2021-10-19,5.155198531757397,3.0013619353128904
2021-10-20,5.128120641375526,2.9855971594308226
2021-10-21,5.1182498096189635,2.97985035093809
2021-10-22,5.116258274991535,2.9786908774111636
2021-10-25,5.140732170482918,2.9929396047655348
2021-10-26,5.1893051723494885,3.0212188568618665
2021-10-27,5.149156615417432,2.997844325349394
2021-10-28,5.122028032937806,2.9820500364754032
2021-10-29,5.055874014347725,2.9435350981968647
2021-11-01,5.069931930277166,2.951719631440451
2021-11-02,5.12873351714758,2.9859539763413627
2021-11-03,5.064434746233585,2.9485191651852376
2021-11-04,5.07721621852116,2.9559605516158216
2021-11-05,5.053474449884257,2.9421380692759387
2021-11-08,5.038037875099442,2.933150879415966
2021-11-09,5.041884241893957,2.935390238155536
2021-11-10,4.9869290218180575,2.9033952519941946
2021-11-11,4.977993916324998,2.8981932243031805
2021-11-12,5.052674595063102,2.941672392968963
2021-11-15,5.104957676772842,2.9721116574003514
2021-11-16,5.101026130633736,2.9698227071579604
2021-11-17,5.041816098418285,2.935350564953279
2021-11-18,5.016219082105298,2.920447955490983
2021-11-19,5.056452818381945,2.943872078506276
2021-11-22,5.128325071802545,2.9857161790375923
2021-11-23,5.1012305610607545,2.96994172676473
2021-11-24,5.096056643017619,2.9669294663104657
2021-11-25,5.072195623298288,2.9530375558666337
2021-11-26,4.997600123904776,2.909607978703672
2021-11-29,4.95144413787959,2.882735915738601
2021-11-30,4.831781701544657,2.8130683211173646
2021-12-01,4.935105493060109,2.873223539768268
2021-12-02,5.0126282533445545,2.9183573712598756
2021-12-03,5.051874740241946,2.9412067166619877
2021-12-06,5.060248077569705,2.946081682344154
2021-12-07,5.091682579795639,2.964382882163177
2021-12-08,5.108838115305194,2.9743708527410497
2021-12-09,5.156100601792062,3.001887121423251
2021-12-10,5.123185225497245,2.9827237551844563
2021-12-13,5.10859961314034,2.9742319965331516
2021-12-14,5.085266289848475,2.9606473114970386
2021-12-15,5.087716961918698,2.962074095319658
2021-12-16,5.11668375620549,2.9789385930154975
2021-12-17,5.135949661915903,2.990155223314476
2021-12-20,5.042803347797541,2.93592534256646
2021-12-21,5.063277553674147,2.947845446476184
2021-12-22,5.079360660459855,2.957209047938055
2021-12-23,5.102659912013884,2.9707738963730392
2021-12-24,5.126929377078251,2.9849036041206407
2021-12-27,5.105008784379596,2.9721414123020433
2021-12-28,5.1402215099243715,2.9926422976583793
2021-12-29,5.094354718161796,2.965938603893129
2021-12-30,5.067736380731717,2.9504413802165232
2022-01-04,5.087461839393921,2.961925562720964
2022-01-05,5.027434916488396,2.926977825908743
2022-01-06,4.970522649031902,2.893843444731373
2022-01-07,5.029000554392871,2.9278893419215652
2022-01-10,4.981057464167273,2.8999768250363376
2022-01-11,4.982180584988876,2.900630707144262
2022-01-12,5.058937562190001,2.9453186989300213
2022-01-13,5.04125474576198,2.9350237448541994
2022-01-14,4.972888141757533,2.89522063705117
2022-01-17,4.918733192011788,2.863691569106574
2022-01-18,4.874721232416299,2.8380677605539675
2022-01-19,4.83734702906391,2.8163084605748328
2022-01-20,4.872066129919059,2.8365219571245786
2022-01-21,4.823748666086261,2.8083914795367093
2022-01-24,4.751774197452153,2.7664878692020083
2022-01-25,4.629899175702854,2.6955321050562815
2022-01-26,4.61092287976405,2.6844840858668935
2022-01-27,4.449665499675013,2.590599871824311
2022-01-28,4.532804695085466,2.6390035976750807
2022-02-03,4.608506279431664,2.683077138645403
2022-02-04,4.680735870590547,2.683077138645403
2022-02-07,4.671885944442077,2.683077138645403
2022-02-08,4.6742855089055455,2.683077138645403
2022-02-09,4.712374803243498,2.683077138645403
2022-02-10,4.717616449253308,2.683077138645403
2022-02-11,4.676395879106404,2.683077138645403
2022-02-14,4.602821700829983,2.683077138645403
2022-02-15,4.5552700200805045,2.683077138645403
2022-02-16,4.6457101240948715,2.683077138645403
2022-02-17,4.670235127193011,2.683077138645403
2022-02-18,4.670966838538495,2.683077138645403
2022-02-21,4.669741502503383,2.683077138645403
2022-02-22,4.606753246969089,2.683077138645403
2022-02-23,4.628435753011888,2.683077138645403
2022-02-24,4.508058641200391,2.683077138645403
2022-02-25,4.555644393687705,2.683077138645403
2022-02-28,4.593801415992331,2.683077138645403
2022-03-02,4.601187919449834,2.683077138645403
2022-03-03,4.6753238658915555,2.7263078144038944
2022-03-04,4.618053845187781,2.6929121161689875
2022-03-07,4.512330489208861,2.631261967465253
2022-03-08,4.463127575701319,2.6025704176529123
2022-03-10,4.561703345896587,2.6600526157429467
2022-03-11,4.529298630160317,2.6411565494447706
2022-03-14,4.502697328599155,2.6256446109353133
2022-03-15,4.461647117141433,2.6017071222200197
2022-03-16,4.525809601104084,2.6391220022233286
2022-03-17,4.585853559878527,2.674135258782678
2022-03-18,4.6071446564452065,2.6865506731180226
2022-03-21,4.57145534207972,2.665739268510272
2022-03-22,4.612216359274833,2.6895081202282904
2022-03-23,4.654849660014948,2.7143687511269463
2022-03-24,4.645676052357034,2.7090193723541716
2022-03-25,4.6462207846534165,2.7093370204912812
2022-03-28,4.645506109176851,2.7089202738888183
2022-03-29,4.66509528088771,2.720343249803414
2022-03-30,4.674745061857336,2.725970298114806
2022-03-31,4.693312912451103,2.736797714059138
2022-04-01,4.6630189824246875,2.719132504005445
2022-04-04,4.693738393665058,2.737045823664326
2022-04-05,4.6959509790794245,2.738336042070206
2022-04-06,4.654815588277111,2.7143488829749676
2022-04-07,4.588151324637483,2.675475147568503
2022-04-08,4.595860678586434,2.6799706803953014
2022-04-11,4.5834539954150575,2.672736007835456
2022-04-12,4.538625145129494,2.646595092606909
2022-04-13,4.623261834968751,2.6959490358871663
2022-04-14,4.623636208575952,2.6961673432643867
2022-04-15,4.5884916265068485,2.675673586793746
2022-04-18,4.583640974464159,2.672845040376798
2022-04-19,4.627346288419122,2.698330791179148
2022-04-20,4.627005986549757,2.6981323519539053
2022-04-21,4.643208344417893,2.7075803851029936
2022-04-22,4.6032131103061,2.684258082215405
2022-04-25,4.522235392703259,2.637037784621942
2022-04-26,4.5412632117578156,2.648133420617976
2022-04-27,4.491481909725052,2.619104596811084
2022-04-28,4.539867517033523,2.6473195532704925
2022-04-29,4.586772665782108,2.6746712142970086
2022-05-02,4.57383787067427,2.667128585381506
2022-05-03,4.561941432552441,2.6601914505122557
2022-05-04,4.5570230525430775,2.6573234100858887
2022-05-06,4.500757317087476,2.6245133377452565
2022-05-10,4.419150103352661,2.5769259639292756
2022-05-11,4.411848779239749,2.5726683643371393
2022-05-12,4.340044669294822,2.530797445516451
2022-05-13,4.432220769902847,2.5845478231581542
2022-05-16,4.419184175090498,2.5769458320812544
2022-05-17,4.459791869465348,2.600625277115372
2022-05-18,4.469220599648035,2.606123424733444
2022-05-19,4.411968030322177,2.5727379028690622
2022-05-20,4.491873319201171,2.6193328382642944
2022-05-23,4.505641625359004,2.6273615100196466
2022-05-24,4.434995123482514,2.5861656237771333
2022-05-25,4.454311721290683,2.5974296544759063
2022-05-26,4.446193506487697,2.592695703825373
2022-05-27,4.489762949000313,2.618102224314348
2022-05-30,4.543560561007776,2.649473067109266
2022-05-31,4.571199804045948,2.665590257370439
2022-06-02,4.525401155759045,2.6388838266941317
2022-06-03,4.545245449994678,2.6504555714540254
2022-06-07,4.4698334754200895,2.6064808091745095
2022-06-08,4.469509793910645,2.60629206173072
2022-06-09,4.468301493744452,2.605587469219114
2022-06-10,4.417975874924304,2.5762412395696486
2022-06-13,4.26248783727254,2.4855719588404743
2022-06-14,4.242847557954927,2.4741191806979113
2022-06-15,4.16525665419481,2.4288738258699563
2022-06-16,4.172115461224848,2.432873381780917
2022-06-17,4.154279321976564,2.422472646515036
2022-06-20,4.069353437874697,2.3729500662375034
2022-06-21,4.099817726590293,2.390714617051086
2022-06-22,3.9872866711880888,2.3250947146643575
2022-06-23,3.938798848666109,2.2968201537490156
2022-06-24,4.027775529989509,2.348704863461089
2022-06-27,4.0878872167306275,2.3837576140298578
2022-06-28,4.122215323618655,2.4037752617366386
2022-06-29,4.047160271273351,2.3600086304638177
2022-06-30,3.9699778128582706,2.315001451165061
2022-07-01,3.923651468143903,2.2879873064276324
2022-07-04,3.9150059724224513,2.2879873064276324
2022-07-05,3.9855336387255127,2.2879873064276324
2022-07-06,3.9008288054105833,2.2879873064276324
2022-07-07,3.9727521664379375,2.2879873064276324
2022-07-08,4.000561768165291,2.2879873064276324
2022-07-11,3.9829637155728626,2.2879873064276324
2022-07-12,3.9446533704479725,2.2879873064276324
2022-07-13,3.9631194213372294,2.2879873064276324
2022-07-14,3.952414247512676,2.2879873064276324
2022-07-15,3.9671527671808464,2.2879873064276324
2022-07-18,4.04249701378876,2.2879873064276324
2022-07-19,4.035212725544767,2.2879873064276324
2022-07-20,4.062239508319883,2.2879873064276324
2022-07-21,4.10020913606641,2.2879873064276324
2022-07-22,4.072944266635439,2.2879873064276324
2022-07-25,4.090899656966149,2.2879873064276324
2022-07-26,4.1066765336203295,2.2879873064276324
2022-07-27,4.1110505968423094,2.2879873064276324
2022-07-28,4.144646576875856,2.2879873064276324
2022-07-29,4.1722687840451105,2.2879873064276324
2022-08-01,4.173545227686977,2.2879873064276324
2022-08-02,4.152050116202277,2.276203429760625
2022-08-03,4.18920285325873,2.296571003644883
2022-08-04,4.209047563003361,2.307450110379907
2022-08-05,4.239154513980674,2.3239551002418497
2022-08-08,4.243069024250862,2.32610108149291
2022-08-09,4.260700733072128,2.335766994708865
2022-08-10,4.222271136864811,2.314699431398377
2022-08-11,4.2952839624849295,2.3547259338349704
2022-08-12,4.302363820301906,2.358607196390625
2022-08-16,4.311860693960266,2.363813495878391
2022-08-17,4.282842792066719,2.347905535722322
2022-08-18,4.268512717743586,2.340049617944317
2022-08-19,4.242370969134217,2.325718399346452
2022-08-22,4.1909899574591405,2.297550715497214
2022-08-23,4.144765827958282,2.2722100960049354
2022-08-24,4.1653759052772354,2.283508786379112
2022-08-25,4.216110384951419,2.3113220336688927
2022-08-26,4.2225266748985835,2.31483952039842
2022-08-29,4.130384230519398,2.26432593263993
2022-08-30,4.171298570534774,2.2867556621622156
2022-08-31,4.207243422934032,2.306461059260906
2022-09-01,4.111186883793656,2.253801718038347
2022-09-02,4.100634617280368,2.248016839591055
2022-09-05,4.090882621097233,2.242670678890238
2022-09-06,4.101672974266378,2.2485860792839114
2022-09-07,4.044556276382866,2.2172740237979425
2022-09-08,4.057865445097906,2.2245702689367524
2022-09-13,4.168933077809142,2.285458870817104
2022-09-14,4.104055502860928,2.2498922098956915
2022-09-15,4.087734309419363,2.240944736852313
2022-09-16,4.055312557814174,2.2231707456582765
2022-09-19,4.009156156279991,2.197867255445684
2022-09-20,4.029902936059287,2.2092408877402088
2022-09-21,3.994774974350103,2.189983319867671
2022-09-22,3.9694164602019697,2.1760814797496115
2022-09-23,3.897407919830025,2.1366055384725358
2022-09-26,3.779872889564869,2.0721714320626474
2022-09-27,3.784842792689985,2.0748959922732344
2022-09-28,3.6919686369653153,2.0239812716219396
2022-09-29,3.6947596109049026,2.025511316846796
2022-09-30,3.6684819908531865,2.011105611902567
2022-10-04,3.7601985385094197,2.0613857179943187
2022-10-05,3.7701379292506534,2.0668346106285003
2022-10-06,3.808669740671479,2.0879582095390052
2022-10-07,3.800126044654538,2.083274453410748
2022-10-11,3.730738535041997,2.0452353924788254
2022-10-12,3.7484383873389358,2.054938662761458
2022-10-13,3.681042412353824,2.0179913848819013
2022-10-14,3.765593922848491,2.064343532084651
2022-10-17,3.77777955523293,2.071023841197257
2022-10-18,3.829245746252596,2.0992382213798426
2022-10-19,3.807954649685916,2.087566188125878
2022-10-20,3.775022653031179,2.0695124745057396
2022-10-21,3.7665641363588285,2.06487541471083
2022-10-24,3.8057761360093854,2.0863719009271398
2022-10-25,3.803921303842299,2.0853550597951225
2022-10-26,3.8285821783827854,2.098874445553716
2022-10-27,3.8953316213670037,2.135467286873815
2022-10-28,3.860646176740693,2.116452312147693
2022-10-31,3.9035520513834987,2.1399738247223437
2022-11-01,3.974368911949171,2.1787964729065377
2022-11-02,3.977177337266674,2.1803360851850555
2022-11-03,3.964072183469654,2.1731516834592877
2022-11-04,3.9968512728131254,2.191121571466392
2022-11-07,4.036608420269062,2.2129169142161262
2022-11-08,4.082985872590184,2.2383415871084305
2022-11-09,4.126163490117683,2.2620120723758097
2022-11-10,4.088414913158093,2.2413178519451105
2022-11-11,4.226151575397165,2.3168267341160984
2022-11-14,4.211668178253769,2.308886762938068
2022-11-15,4.22133541060131,2.3141864550925293
2022-11-16,4.216433650951867,2.3114992519486206
2022-11-17,4.157632064081453,2.2792635202103373
2022-11-18,4.160321238316529,2.280737757622169
2022-11-21,4.1178071886588405,2.257431048180917
2022-11-22,4.093588831201228,2.244154255568739
2022-11-23,4.115271337244027,2.256040864169111
2022-11-24,4.154960341224292,2.2777988498521675
2022-11-25,4.1490547118356735,2.2745613133357336
2022-11-28,4.098694605768691,2.2469533021256907
2022-11-29,4.141446742082235,2.270390533513324
2022-11-30,4.208060313624107,2.3069088884870594
2022-12-01,4.220501484042318,2.313729286599708
2022-12-02,4.143046867233545,2.2712677412192828
2022-12-05,4.117500958527313,2.257263169167859
2022-12-06,4.072978338373278,2.232855337407572
2022-12-07,4.05536366542093,2.2231987634582864
2022-12-08,4.035400120102869,2.2122545096435675
2022-12-09,4.065966624031974,2.229011431918595
2022-12-12,4.038701754601002,2.2140645050815175
2022-12-13,4.037646361746074,2.2134859261219915
2022-12-14,4.083343210328466,2.2385374839214993
2022-12-15,4.01819347698656,2.2028216225203665
2022-12-16,4.01657673147533,2.2019353033347304
2022-12-19,4.003216455153535,2.194611040395912
2022-12-20,3.9710843133199543,2.176995816735257
2022-12-21,3.9636978098624516,2.172946447379551
2022-12-22,4.010977332218238,2.198865645831355
2022-12-23,3.9377264199422637,2.1587086214483806
2022-12-26,3.9435979775930465,2.161927479431476
2022-12-27,3.9702333508920433,2.176529308975765
2022-12-28,3.8811544543551344,2.1276951947088443
2022-12-29,3.8061845813544206,2.0865958155402162
2023-01-02,3.7879229608921814,2.076584577244481
2023-01-03,3.7760265227703527,2.0700628078782652
2023-01-04,3.839508402994274,2.104864332293753
2023-01-05,3.8542639585313627,2.1129535039515037
2023-01-06,3.897356812223269,2.1365775206725273
2023-01-09,3.999846677179728,2.1927636878912833
2023-01-10,4.001753032462567,2.193808774610301
2023-01-11,4.015742804916336,2.2014781348419077
2023-01-12,4.025222642705778,2.2066750950630043
2023-01-13,4.0609460288091,2.2262590816949914
2023-01-16,4.084381567314475,2.2391067236143556
2023-01-17,4.049542799867901,2.2200076954882078
2023-01-18,4.030702790880442,2.209679377699693
2023-01-19,4.05115996088813,2.2208942424608358
2023-01-20,4.076552546774099,2.234814761112234
2023-01-25,4.133243763443655,2.2658935627184573
2023-01-26,4.201456629118841,2.303288669824167
2023-01-27,4.227615413597128,2.317629227688702
2023-01-30,4.170515751582535,2.2863265114694022
2023-01-31,4.1273040623172,2.2626373476686843
2023-02-01,4.169375594892014,2.285701463963521
2023-02-02,4.20184803859496,2.3035032451705746
2023-02-03,4.221454246174737,2.3142516021722255
2023-02-06,4.1496160644919735,2.274869053561845
2023-02-07,4.172626121783392,2.287483441601463
2023-02-08,4.226968466087236,2.3172745633422527
2023-02-09,4.223360601457574,2.315296688891243
2023-02-10,4.203294840926005,2.3042963994765073
2023-02-13,4.174311010770294,2.288407117853777
2023-02-14,4.196333818682459,2.3004802840005474
2023-02-15,4.132103191244135,2.2652682874255845
2023-02-16,4.213080908846977,2.309661238710664
2023-02-17,4.171775159355482,2.2870169338419717
2023-02-20,4.178429951467501,2.2906651703048726
2023-02-21,4.184965076988094,2.294247804114095
2023-02-22,4.114709569078725,2.255732896156011
2023-02-23,4.151148046167611,2.275708904201126
2023-02-24,4.124802282640222,2.2612658421902183
2023-02-27,4.089112552765738,2.2417003063045784
2023-02-28,4.106489554571229,2.2512265860944747
2023-03-02,4.132018427408543,2.2652218188792292
2023-03-03,4.139200500439028,2.269159117034901
2023-03-06,4.191194387886158,2.29766278669725
2023-03-07,4.192436759790188,2.2983438698031486
2023-03-08,4.138927926536338,2.269009688768189
2023-03-09,4.117109549051192,2.257048593821453
2023-03-10,4.075412390083579,2.2341897136063538
2023-03-13,4.102660223645632,2.2491273011767614
2023-03-14,3.997770378716707,2.191625436292564
2023-03-15,4.050104568033202,2.220315663501311
2023-03-16,4.047023984322006,2.2186268507430724
2023-03-17,4.077284258119583,2.235215894005041
2023-03-20,4.049219533867455,2.2198304772084803
2023-03-21,4.064792395603616,2.228367705879376
2023-03-22,4.113484233043615,2.2550611523167823
2023-03-23,4.126282741200108,2.2620774472424983
2023-03-24,4.110080383331972,2.2531951212788144
2023-03-27,4.10031135127992,2.247839621311328
2023-03-28,4.144084808710557,2.2718367531251484
2023-03-29,4.159368060675109,2.2802152142626624
2023-03-30,4.175093829722535,2.2888362685465915
2023-03-31,4.21542978121269,2.3109489185760976
2023-04-03,4.2077370476236595,2.306731670207332
2023-04-04,4.221641640732838,2.314354334105591
2023-04-05,4.246659853011607,2.328069616677252
2023-04-06,4.185424629939889,2.29449973652718
2023-04-07,4.238490530601867,2.323591096628732
2023-04-10,4.275371524773626,2.3438096978202623
2023-04-11,4.336266445975981,2.3771930204239364
2023-04-12,4.340997431427245,2.379786603114158
2023-04-13,4.359752676579112,2.390068452356317
2023-04-14,4.376482730874712,2.399240067799764
2023-04-17,4.384005105774561,2.403363923501834
2023-04-18,4.375802127135983,2.398866952706967
2023-04-19,4.382592790690349,2.402589675516232
2023-04-20,4.362220800027251,2.391421507088437
2023-04-21,4.330377436947282,2.3739645953871795
2023-04-24,4.294807373664224,2.3544646621552183
2023-04-25,4.236125037876236,2.322294305283622
2023-04-26,4.2289940724525055,2.3183850249279585
2023-04-27,4.2476811741287,2.3286295171034395
2023-04-28,4.257416134442916,2.3339663385375866
2023-05-02,4.296321903961943,2.355294945740837
2023-05-03,4.257194668146979,2.333844928070883
2023-05-04,4.256411849194741,2.333415777378069
2023-05-08,4.277294500416384,2.344863896018958
2023-05-09,4.271933603324148,2.341924988248956
2023-05-10,4.248872438425974,2.3292825824093293
2023-05-11,4.2394948158500405,2.3241416577882497
2023-05-12,4.21297869363347,2.3096052031106473
2023-05-15,4.219667557483326,2.3132721181068874
2023-05-16,4.221182087781047,2.3141024016925065
2023-05-17,4.245723711239107,2.3275564125844133
2023-05-18,4.2810216161284735,2.3469071453366546
2023-05-19,4.319127946335344,2.3677974903674137
2023-05-22,4.35195814328557,2.385795396174527
2023-05-23,4.369777246664936,2.3955640413238464
2023-05-24,4.369606887975754,2.395470648657151
2023-05-25,4.347890310195119,2.3835653615234405
2023-05-26,4.354902440045421,2.3874094947994093
2023-05-30,4.400360786462959,2.4123303028655436
2023-05-31,4.386064783877662,2.404493063620878
2023-06-01,4.372534148866687,2.3970754080153642
2023-06-02,4.427319425762403,2.4271093506895616
2023-06-05,4.451231137579489,2.440218036501688
2023-06-07,4.451554819088934,2.440395482568409
2023-06-08,4.443470676023785,2.4359636588532365
2023-06-09,4.495055702616881,2.464243186115517
2023-06-12,4.474956285856474,2.4532244459544343
2023-06-13,4.489592590311135,2.4612482427454982
2023-06-14,4.457477484346472,2.4436423583515126
2023-06-15,4.43953912988468,2.4338083383355062
2023-06-16,4.468897333647592,2.4499028560379745
2023-06-19,4.441172911264829,2.4347039967878126
2023-06-20,4.433360926593371,2.4304213735523605
2023-06-21,4.3954419909446,2.409633760454966
2023-06-22,4.414282415441058,2.419962306030473
2023-06-23,4.374117238149081,2.397943276454654
2023-06-26,4.394710279599116,2.4092326275621607
2023-06-27,4.393331620743742,2.408476830322906
2023-06-28,4.36405859632542,2.3924290089537856
2023-06-29,4.339942454081316,2.379208251941625
2023-06-30,4.364211919145684,2.3925130623538116
2023-07-03,4.429208329667328,2.428144870354919
2023-07-04,4.4136188475712474,2.419598530204346
2023-07-05,4.38926420316229,2.406247023458812
2023-07-06,4.350613556168036,2.385058277468612
2023-07-07,4.300270485969972,2.3574596055252384
2023-07-10,4.290041900966128,2.351852173144667
2023-07-11,4.361165407172326,2.390842928128912
2023-07-12,4.381979914918296,2.4022536897031226
2023-07-13,4.41007871090826,2.417657785033022
2023-07-14,4.473169181656063,2.4522447341021034
2023-07-17,4.457341197395128,2.443567644218157
2023-07-18,4.4379734919802045,2.432950036949879
2023-07-19,4.439028469326135,2.4335283881224132
2023-07-20,4.425396034610649,2.4260549247038745
2023-07-21,4.441615428347703,2.4349465899342277
2023-07-24,4.473560591132182,2.45245930944851
2023-07-25,4.487056738896323,2.4598580587336927
2023-07-26,4.412002102060017,2.4187122110187094
2023-07-27,4.431489058557367,2.4293951931536735
2023-07-28,4.43916475627748,2.4336031022557694
2023-07-31,4.480453469900056,2.456238067857792
2023-08-01,4.5391528415569615,2.488417763996058
2023-08-02,4.453035277648821,2.4412070876206893
2023-08-03,4.434177817283445,2.430869202778513
2023-08-04,4.429770097832628,2.42845283836802
2023-08-07,4.392174428184303,2.4078424435503543
2023-08-08,4.380720507145348,2.401563267330554
2023-08-09,4.433718679840652,2.43061749815242
2023-08-10,4.42765972763177,2.42729590823596
2023-08-11,4.410129818515014,2.4176858028330304
2023-08-14,4.375427753528784,2.3986617166272306
2023-08-16,4.298449310031724,2.356461215139568
2023-08-17,4.288595514144078,2.351059246625726
2023-08-18,4.262470801403627,2.33673736729453
2023-08-21,4.269789161385457,2.340749379583558
2023-08-22,4.281600420162695,2.3472244526164263
2023-08-23,4.2641727262594475,2.3376703828135135
2023-08-24,4.318940551777247,2.367694758434049
2023-08-25,4.287386798468886,2.3503966142661734
2023-08-28,4.328692547960381,2.373040919134866
2023-08-29,4.3435843904488145,2.381204804925973
2023-08-30,4.359003929364713,2.389657980196843
2023-08-31,4.350579484430199,2.3850395989352724
2023-09-01,4.363241705635348,2.3919811797276327
2023-09-04,4.398709969213896,2.411425305146569
2023-09-05,4.394676207861281,2.4092139490288216
2023-09-06,4.362612209503372,2.391636082434845
2023-09-07,4.336947049714713,2.377566135516734
2023-09-08,4.335959800335457,2.3770249136238863
2023-09-11,4.351617425907211,2.3856086108411376
2023-09-12,4.317068683741243,2.3666685780353633
2023-09-13,4.313868848947621,2.3649143904104384
2023-09-14,4.378865259469265,2.4005461984115457
2023-09-15,4.427183138811062,2.4270346365562068
2023-09-18,4.381979914918297,2.402253689703123
2023-09-19,4.355583043784153,2.387782609892207
2023-09-20,4.3564851138188185,2.3882771354517076
2023-09-21,4.280289904782994,2.3465060124438506
2023-09-22,4.268648589185939,2.3401241042906853
2023-09-25,4.247595994784112,2.328582820770093
2023-09-26,4.1917898122803035,2.297989205456701
2023-09-27,4.195364020681127,2.299948629161363
2023-10-04,4.094303506677798,2.2445460491948785
2023-10-05,4.090746749654891,2.2425961925438775
2023-10-06,4.099477424720933,2.247382452818507
2023-10-10,4.089010753061234,2.2416444984915547
2023-10-11,4.16985218371273,2.2859627356432775
2023-10-12,4.220467412304486,2.3137106080663714
2023-10-13,4.180182568421085,2.291625975836874
2023-10-16,4.146297394124928,2.273049718857227
2023-10-17,4.187024339582204,2.295376716446148
2023-10-18,4.191160316148328,2.2976441081639125
2023-10-19,4.111510149794107,2.2539789363180796
2023-10-20,4.042071532574812,2.2159118575861485
2023-10-23,4.01147095690787,2.199136256777782
2023-10-24,4.0565549297182075,2.223851828764179
2023-10-25,4.02193762856757,2.2048742111047344
2023-10-26,3.9128615304837626,2.1450773922767477
2023-10-27,3.9192096769552545,2.148557521939597
2023-10-30,3.932382558718949,2.155779052945051
2023-10-31,3.8769677856912588,2.1254000129780657
2023-11-01,3.9170822708854787,2.147391252540868
2023-11-02,3.987814367615558,2.1861674321787063
2023-11-03,4.030736862618284,2.209698056233035
2023-11-06,4.258845900905048,2.3347501535768513
2023-11-07,4.159436204150786,2.280252571329342
2023-11-08,4.121415468797505,2.2594091504189224
2023-11-09,4.130707912028848,2.2645033787066544
2023-11-10,4.101060098494328,2.248250093470805
2023-11-13,4.091018908048583,2.2427453930235983
2023-11-14,4.141208655426384,2.2702600115669465
2023-11-15,4.232125348261461,2.3201016276992155
2023-11-16,4.23469527141411,2.32151049024436
2023-11-17,4.203499271353031,2.3044084706765444
2023-11-20,4.23983511771941,2.3243282153346496
2023-11-21,4.272546063587209,2.342260746275076
2023-11-22,4.274724577263739,2.343455033473814
2023-11-23,4.280272868914076,2.3464966731771804
2023-11-24,4.249076453343998,2.3293944258223727
2023-11-27,4.247425636094932,2.328489428103398
2023-11-28,4.291846041035459,2.352841224263668
2023-11-29,4.288527370668407,2.351021889559048
2023-11-30,4.314873134195796,2.3654649515699555
2023-12-01,4.263338799700457,2.3372132143206916
2023-12-04,4.2802558330451586,2.346487333910511
2023-12-05,4.245077179238218,2.3272019760249565
2023-12-06,4.246949047274223,2.3282281564236436
2023-12-07,4.241315991788293,2.3251400481739215
2023-12-08,4.285191664432437,2.349193215587759
2023-12-11,4.297973136720012,2.3562001712468055
2023-12-12,4.314839062457958,2.365446273036616
2023-12-13,4.272954508932244,2.342484660888152
2023-12-14,4.330003063340084,2.373759359307443
2023-12-15,4.3629865831105725,2.3918413185145817
2023-12-18,4.368603018236581,2.394920315284626
2023-12-19,4.371479171520759,2.39649705684283
2023-12-20,4.449342233674568,2.4391825168363312
2023-12-21,4.425038696872365,2.4258590278908057
2023-12-22,4.424170698575536,2.425383180864644
2023-12-26,4.429412760094344,2.428256941554951
2023-12-27,4.447980610688111,2.4384360588637453
2023-12-28,4.519087081025391,2.477417474581321
2024-01-02,4.543816099041549,2.490974217406592
2024-01-03,4.437445795552738,2.432660747470114
2024-01-04,4.402913673746691,2.413729826144017
2024-01-05,4.3876985652578115,2.4053887220731816
2024-01-08,4.370236799616729,2.3958159737369296
2024-01-09,4.359038001102547,2.38967665873018
2024-01-10,4.3262589117590755,2.3717067707230752
2024-01-11,4.323348686737061,2.370111350631532
2024-01-12,4.297445440292546,2.35591088176704
2024-01-15,4.299045149934858,2.3567878616860063
2024-01-16,4.250710650233141,2.3302903120616674
2024-01-17,4.1457185900907065,2.272732411577453
2024-01-18,4.152764791678845,2.276595223386761
2024-01-19,4.208417651362391,2.307104785300128
2024-01-22,4.1941386846460125,2.2992768853221315
2024-01-23,4.218408149710379,2.312581695734318
2024-01-24,4.203226697450337,2.3042590424098295
2024-01-25,4.20433319791202,2.304865639169364
2024-01-26,4.218322970365789,2.3125349994009703
2024-01-29,4.255918224505116,2.333145166431644
2024-01-30,4.252786948696165,2.331428563660389
2024-01-31,4.249859687805232,2.329823804302176
2024-02-01,4.3270758024491505,2.372154599949228
2024-02-02,4.4510611943993075,2.440124871621983
2024-02-05,4.410214997859605,2.417732499166376
2024-02-06,4.38449873046419,2.4036345344482566
2024-02-07,4.441309198216174,2.4347787109211665
2024-02-08,4.459587854547331,2.444799288483571
2024-02-13,4.509487992153523,2.472155139493537
2024-02-14,4.459757797727514,2.4448924533632743
2024-02-15,4.448491271246659,2.4387160090768383
2024-02-16,4.5079904977247205,2.4713341951745877
2024-02-19,4.561601130683081,2.5007241840225722
2024-02-20,4.523358929033863,2.479759352645449
2024-02-21,4.515734338920505,2.4755794613433615
2024-02-22,4.534387368858863,2.4858052749855033
2024-02-23,4.540224854771809,2.4890054544352593
2024-02-26,4.505131380309459,2.4697667928830525
2024-02-27,4.4676379258746435,2.4492124336654038
2024-02-28,4.513998342326847,2.474627767291038
2024-02-29,4.497098344851064,2.4653629869678886
2024-03-04,4.551406617417072,2.4951354301753392
2024-03-05,4.509079546808485,2.47193122488046
2024-03-06,4.4956174707821805,2.4645511541286167
2024-03-07,4.506050486213042,2.4702706577092224
2024-03-08,4.561754453503343,2.5008082374225977
2024-03-11,4.526847958090095,2.4816720800167635
2024-03-12,4.5642391973114025,2.5021704036343952
2024-03-13,4.584253850236217,2.5131426752491226
2024-03-14,4.627125237632187,2.5366452815034424
2024-03-15,4.538761432080841,2.488203188649649
2024-03-18,4.57109800434144,2.5059304835103386
2024-03-19,4.520601611323113,2.4782477581669395
2024-03-20,4.578415948814271,2.5099422680123746
2024-03-21,4.688564891130922,2.5703272328535487
2024-03-22,4.6778426814374505,2.5644491895265533
2024-03-25,4.659138543892338,2.554195358084403
2024-03-26,4.692360150318683,2.5724078392379233
2024-03-27,4.688990372344877,2.570560486733295
2024-03-28,4.673179423952861,2.561892736116018
2024-03-29,4.674557667299237,2.562648305568281
2024-04-01,4.676651417140175,2.5637961242206635
2024-04-02,4.6856712864688275,2.568740924241683
2024-04-03,4.607059477100616,2.525644992088707
2024-04-04,4.666677954661105,2.5583285530531428
2024-04-05,4.619381396436401,2.5324000153346686
2024-04-08,4.625235918218265,2.535609534051094
2024-04-09,4.603978893389421,2.523956179330468
2024-04-11,4.607042441231698,2.5256356528220367
2024-04-12,4.564256233180318,2.5021797429010646
2024-04-15,4.544871076387478,2.4915525685791255
2024-04-16,4.441393962051763,2.4348251794675217
2024-04-17,4.398080057572919,2.4110799800667864
2024-04-18,4.484061334529715,2.458215942308799
2024-04-19,4.4111511396321035,2.4182457032592146
2024-04-22,4.475109193167738,2.4533082715674657
2024-04-23,4.464182968556247,2.4473183848274283
2024-04-24,4.553925432962967,2.4965162749204763
2024-04-25,4.473713913952444,2.452543362848534
2024-04-26,4.5208741852258045,2.478397186433652
2024-04-29,4.573820834805356,2.5074231716685174
2024-04-30,4.581683927083568,2.5117338127039783
2024-05-02,4.567370473120355,2.5038870064056513
2024-05-03,4.555422927391772,2.497337219239427
2024-05-07,4.653675431586595,2.551200414714385
2024-05-08,4.6718689085731615,2.5611742959434425
2024-05-09,4.615858295642335,2.530468609430016
2024-05-10,4.642221095038642,2.544921010707593
2024-05-13,4.641506419562076,2.5445292170814575
2024-05-14,4.646833660425475,2.547449674105112
2024-05-16,4.685399128075139,2.568591723761964
2024-05-17,4.637098700111259,2.5421128526709644
2024-05-20,4.666916041316964,2.5584590749995253
2024-05-21,4.636349537387859,2.541702152724498
2024-05-22,4.635124201352747,2.5410304088852684
2024-05-23,4.632316191544242,2.539491024393742
2024-05-24,4.5740934087080465,2.5075725999352305
2024-05-27,4.634324346531591,2.540591918925785
2024-05-28,4.634086259875735,2.5404613969794037
2024-05-29,4.55656349959129,2.4979624945323002
2024-05-30,4.485320742302665,2.4589063646813685
2024-05-31,4.487158954109831,2.459914094333708
2024-06-03,4.565447497477596,2.5028328082069553
2024-06-04,4.530694324884611,2.483780704201147
2024-06-05,4.577326899730506,2.509345238306502
2024-06-07,4.633779614235208,2.5402932901793513
2024-06-10,4.597188229835058,2.5202334565212032
2024-06-11,4.604251467292113,2.5241056075971806
2024-06-12,4.643140200942224,2.5454248755337616
2024-06-13,4.688615583228681,2.5703550228665657
2024-06-14,4.694623427830809,2.573648594983017
2024-06-17,4.670252163061932,2.5602879767578055
2024-06-18,4.703984014537824,2.578780180337427
2024-06-19,4.760845589896562,2.6099523746103452
2024-06-20,4.7783750835043195,2.6195622522262836
2024-06-21,4.738601315688462,2.597757797996872
2024-06-24,4.705362673393199,2.579535977576682
2024-06-25,4.72180311791719,2.588548825486747
2024-06-26,4.751859376796747,2.6050260253356727
2024-06-27,4.7382610138190975,2.597571240450473
2024-06-28,4.761679516455554,2.6104095431031675
2024-07-01,4.772724992149472,2.6164648047098917
2024-07-02,4.73281493738227,2.594585636347124
2024-07-03,4.755195083032717,2.606854699306962
2024-07-04,4.80783550248074,2.6357128055287684
2024-07-05,4.871300346835745,2.6705049906775873
2024-07-08,4.863692792591305,2.6663344386421692
2024-07-09,4.880065093639623,2.675309929485556
2024-07-10,4.881103450625633,2.6758791691784127
2024-07-11,4.920860598081571,2.697674511928147
2024-07-12,4.862399313080521,2.6656253377362624
2024-07-15,4.869070725552461,2.6692826856788407
2024-07-16,4.877869959603174,2.674106530807141
2024-07-17,4.839065989788656,2.6528337314169157
2024-07-18,4.8068316327415666,2.6351624721562437
2024-07-19,4.757662790971859,2.608207526252091
2024-07-22,4.703286374930179,2.578397725977962
2024-07-23,4.721633174737009,2.588455660607045
2024-07-24,4.695117052520438,2.573919205929442
2024-07-25,4.613322444227523,2.52907842541821
2024-07-26,4.649488347413719,2.5489050051966124
2024-07-29,4.706724296379657,2.580282435549268
2024-07-30,4.660193521238273,2.5547737092569385
2024-07-31,4.715506079052454,2.5850967136239067
2024-08-01,4.727402517174282,2.5916184829901225
2024-08-02,4.554674180177371,2.4969267470799523
2024-08-05,4.155334714831497,2.278004085931907
2024-08-06,4.292509608905268,2.353205000089793
2024-08-07,4.371240669355906,2.3963663071094556
2024-08-08,4.3513623033824365,2.3854687496280844
2024-08-09,4.405313238210162,2.4150452960224675
2024-08-12,4.456149933097854,2.442914578912265
2024-08-13,4.461596009534682,2.445900183015614
2024-08-14,4.500740281218564,2.467359539952238
2024-08-16,4.590482745625285,2.516557430045286
2024-08-19,4.551559940237338,2.495219483575366
2024-08-20,4.589461424508193,2.5159975296190993
2024-08-21,4.5971200863593875,2.520196099454526
2024-08-22,4.608250741397897,2.5262980573945977
2024-08-23,4.598073264000807,2.520718642814035
2024-08-26,4.591810296873906,2.517285209484533
2024-08-27,4.576901418516554,2.5091119844267564
2024-08-28,4.57788866789581,2.5096532063196046
2024-08-29,4.531000555016143,2.483948583214207
2024-08-30,4.5514747608927495,2.4951727872420193
2024-09-02,4.562860538456032,2.501414606395142
2024-09-03,4.534999829121924,2.4861410330116236
2024-09-04,4.39232775100457,2.4079264969503797
2024-09-05,4.38330746616692,2.402981469142368
2024-09-06,4.330173422029269,2.373852751974138
2024-09-09,4.315962183279565,2.366061981275828
2024-09-10,4.294688122581802,2.3543992872885324
2024-09-11,4.277567074319082,2.3450133242856706
2024-09-12,4.377504051991809,2.3997999682259508
2024-09-13,4.3831541433466565,2.402897415742342
2024-09-19,4.39232775100457,2.4079264969503797
2024-09-20,4.413721062784759,2.419654565804362
2024-09-23,4.428425510715093,2.4277157196621038
2024-09-24,4.4789214882244215,2.455398217218511
2024-09-25,4.41874165800763,2.4224069160279647
2024-09-26,4.546811503408159,2.4926163338314833
2024-09-27,4.50972649431838,2.472285889226911
2024-09-30,4.413550704095576,2.419561173137666
2024-10-02,4.359803784185871,2.390096470156325
2024-10-04,4.373453254770275,2.3975792728415333
2024-10-07,4.442670405693635,2.4355249411067605
2024-10-08,4.415405951771661,2.420578242056675
2024-10-10,4.423574858672404,2.425056534318203
2024-10-11,4.419745527746806,2.42295724940049
2024-10-14,4.4646425215080425,2.447570317240514
2024-10-15,4.481933928459944,2.457049672910071
2024-10-16,4.442636749464796,2.4355064903604133
2024-10-17,4.440832609395466,2.4345174392414126
2024-10-18,4.414486845868077,2.420074377230505
2024-10-21,4.43337796246229,2.430430712819028
2024-10-22,4.375138143757177,2.398502949093847
2024-10-23,4.424358093133638,2.425485912798009
2024-10-24,4.392719160480687,2.408141072296786
2024-10-25,4.3965314555373665,2.4102310179478295
2024-10-28,4.446159434749867,2.437437668478075
2024-10-29,4.455298970669944,2.4424480711527736
2024-10-30,4.414435738261322,2.4200463594304966
2024-10-31,4.350375054003182,2.3849275277352366
2024-11-01,4.32690585926897,2.3720614350695257
2024-11-04,4.4062323441137465,2.415549160848638
2024-11-05,4.385655923023632,2.4042689212208086
2024-11-06,4.362901403765984,2.391794622181233
2024-11-07,4.364807343539825,2.3928394811132594
2024-11-08,4.358884678282288,2.3895926053301557
2024-11-11,4.308694930904488,2.362077986786808
2024-11-12,4.225147705657995,2.316276400743576
2024-11-13,4.113688663470639,2.255173223516817
2024-11-14,4.11671813957508,2.2568340184750473
2024-11-15,4.113314289863438,2.25496798743708
2024-11-18,4.202171720104411,2.3036806912372967
2024-11-19,4.207073064244856,2.3063676665942134
2024-11-20,4.224671116837284,2.316015129063821
2024-11-21,4.221845655650863,2.3144661775186335
2024-11-22,4.2569225097532915,2.3336957275911625
2024-11-25,4.3132563886845645,2.3645786323843176
2024-11-26,4.289463512440907,2.351535093651886
2024-11-27,4.260020129333404,2.3353938796160705
2024-11-28,4.262759995666237,2.3368959070409185
2024-11-29,4.179774123076047,2.2914020612237964
2024-12-02,4.177340486874742,2.2900679128120074
2024-12-03,4.254982498241613,2.332632190125797
2024-12-04,4.193542844742876,2.298950238775691
2024-12-05,4.155845375390041,2.278284036145
2024-12-06,4.132545708327013,2.265510880572
2024-12-09,4.0175299091167505,2.20245784669424
2024-12-10,4.114982142981419,2.2558823244227226
2024-12-11,4.156968496211643,2.2788997443842116
2024-12-12,4.224381922574671,2.31585658931743
2024-12-13,4.245383409369743,2.3273698550380133
2024-12-16,4.236039858531646,2.322247608950273
2024-12-17,4.181306104751682,2.292241911863076
2024-12-18,4.228313053204778,2.3180116820481684
2024-12-19,4.145769697697461,2.272760429377462
2024-12-20,4.0916824759183905,2.2431091688497227
2024-12-23,4.156117533783731,2.2784332366247195
2024-12-24,4.153581682368918,2.2770430526129135
2024-12-26,4.135115631479661,2.2669197431171444
2024-12-27,4.092737868773319,2.2436877478092483
2024-12-30,4.083751655673504,2.238761398534576
2025-01-02,4.082815513901003,2.2382481944417365
2025-01-03,4.155964210963468,2.278349183224694
2025-01-06,4.235478090366343,2.3219396409371704
2025-01-07,4.241367099395043,2.3251680659739273
2025-01-08,4.2906377408692595,2.352178819691105
2025-01-09,4.292084127691309,2.3529717462100463
2025-01-10,4.281668563638363,2.3472618096831024
2025-01-13,4.237044143779817,2.3227981701097904
2025-01-14,4.250386968723695,2.330112865994947
2025-01-15,4.249383098984519,2.3295625326224214
2025-01-16,4.301598037218587,2.3581873849644817
2025-01-17,4.294892553008811,2.354511358488564
2025-01-20,4.288935816013438,2.3512458041721214
2025-01-21,4.285497894563959,2.3493610946008148
2025-01-22,4.334904822989522,2.376446562451349
2025-01-23,4.281174938948734,2.346991198736678
2025-01-24,4.317443057348438,2.366873814115097
2025-01-31,4.284374773742356,2.348745386361603
2025-02-03,4.176438416840071,2.289573387252506
2025-02-04,4.223649795720185,2.3154552286376324
2025-02-05,4.270589016206606,2.3411878695430386
2025-02-06,4.317357878003847,2.36682711778175
2025-02-07,4.292118199429143,2.352990424743385
2025-02-10,4.291012114476458,2.3523840557708424
2025-02-11,4.321272388274035,2.368973099032811
2025-02-12,4.337168100501644,2.377687318196443
2025-02-13,4.396361096848177,2.4101376252811333
2025-02-14,4.409772480776725,2.41748990601996
2025-02-17,4.442738549169299,2.4355622981734375
2025-02-18,4.4706333302412435,2.4508545500902947
2025-02-19,4.54672632406356,2.4925696374981343
2025-02-20,4.517010782562365,2.476279222982599
2025-02-21,4.517895816728112,2.47676440927543
2025-02-24,4.502050796598259,2.4680779801248143
2025-02-25,4.476555995498781,2.454101425873399
2025-02-26,4.494936867043446,2.4641780390358203
2025-02-27,4.462021490748629,2.4461334368953596
2025-02-28,4.3106012861873175,2.363123073505824
2025-03-04,4.304031673419889,2.3595215333762707
2025-03-05,4.35374483197698,2.386774880239864
2025-03-06,4.384430586988511,2.4035971773815783
2025-03-07,4.362850296159221,2.391766604381224
2025-03-10,4.374610447329704,2.3982136596140835
2025-03-11,4.3188046803348925,2.367620272087683
2025-03-12,4.382150273607469,2.402347082369815
2025-03-13,4.380141703111122,2.40124596005078
2025-03-14,4.367752055808664,2.394453807525132
2025-03-17,4.443198102121089,2.4358142305865225
2025-03-18,4.446006527438592,2.4373538428650403
2025-03-19,4.473713913952437,2.4525433628485334
2025-03-20,4.488146203489079,2.4604553162265552
2025-03-21,4.498408444721762,2.4660811993534737
2025-03-24,4.479585471603221,2.4557622208316285
2025-03-25,4.451912156827212,2.440591379381475
2025-03-26,4.499787103577137,2.466836996592729
2025-03-27,4.437173221650044,2.4325113192034022
2025-03-28,4.353489709452206,2.386635019026814
2025-03-31,4.222679997718845,2.314923573798447
2025-04-01,4.291216129394477,2.3524958991838854
2025-04-02,4.264785602031496,2.3380063686266226
2025-04-03,4.232176455868207,2.3201296454992213
2025-04-04,4.195959445075257,2.3002750479208105
2025-04-07,3.962421366220583,2.172246685740314
2025-04-08,3.972684022962263,2.172246685740314
2025-04-09,3.903704958694759,2.172246685740314
2025-04-10,4.16130848769578,2.172246685740314
2025-04-11,4.14030658539171,2.172246685740314
2025-04-14,4.179740051338202,2.172246685740314
2025-04-15,4.21636550747619,2.172246685740314
2025-04-16,4.165341833539397,2.172246685740314
2025-04-17,4.204452033485443,2.172246685740314
2025-04-18,4.226594092480033,2.172246685740314
2025-04-21,4.235103716759138,2.172246685740314
2025-04-22,4.232074240654697,2.172246685740314
2025-04-23,4.298313438589368,2.172246685740314
2025-04-24,4.2928162545457855,2.172246685740314
2025-04-25,4.333611343478734,2.172246685740314
2025-04-28,4.337968370831795,2.172246685740314
2025-04-29,4.366151930657351,2.172246685740314
2025-04-30,4.351158288464407,2.172246685740314
2025-05-02,4.356570293163398,2.172246685740314
2025-05-07,4.380414277013809,2.184135628511462
2025-05-08,4.390081093852353,2.1889556381580726
2025-05-09,4.386319906402428,2.187080257658562
2025-05-12,4.437479867290566,2.2125893274091997
2025-05-13,4.439334699457653,2.213514172587041
2025-05-14,4.494051832877696,2.2407968981547706
2025-05-15,4.461357922878816,2.2244952588238482
2025-05-16,4.470735545454749,2.22917107217929
2025-05-19,4.430825075178549,2.2092711552836852
2025-05-20,4.428068172976798,2.207896525410259
2025-05-21,4.4685399959093,2.2280763405664517
2025-05-22,4.414231307834294,2.2009972715421404
2025-05-23,4.411542549108216,2.199656618955714
2025-05-26,4.5005699225293725,2.2440469085277086
2025-05-27,4.488350218407097,2.2379539936900907
2025-05-28,4.544394487566763,2.265898447639994
2025-05-29,4.630324656916803,2.3087444280821434
2025-05-30,4.5912314928396745,2.2892520314519533
2025-06-02,4.593444078254042,2.290355257386542
2025-06-04,4.715761617086215,2.3513444875507057
2025-06-05,4.785897873913157,2.3863154030163964
2025-06-09,4.8603059787485705,2.4234163214555156
2025-06-10,4.887673063393051,2.437061931400255
2025-06-11,4.947563699347231,2.4669242374584184
2025-06-12,4.969671686603986,2.477947588125395
2025-06-13,4.926425925600814,2.456384648774026
2025-06-16,5.014993746070179,2.500545798837353
2025-06-17,5.021188985230406,2.503634831454201
2025-06-18,5.058443937500368,2.5222106700497204
2025-06-19,5.067889703551974,2.5269204606921623
2025-06-20,5.142944755897278,2.5643439561791976
2025-06-23,5.130401370265559,2.5580896492283323
2025-06-24,5.282161876696235,2.633759553519245
2025-06-25,5.290007933105528,2.6376717066315143
2025-06-26,5.241179808714184,2.613325323067714
2025-06-27,5.200980144175374,2.5932812098809404
2025-06-30,5.227802496523473,2.6066552087082626
2025-07-01,5.258351964583659,2.6218875993915964
2025-07-02,5.233521146862991,2.6095066074946933
2025-07-03,5.303657403689933,2.6444775229603845
2025-07-04,5.198155098497951,2.591872602720515
2025-07-07,5.206987988777502,2.59627680495854
2025-07-08,5.30141074653773,2.6433573083822965
2025-07-09,5.333389981060046,2.6593026005568827
2025-07-10,5.417618225554266,2.7012999775383615
2025-07-11,5.404921932611281,2.6949694288703268
2025-07-14,5.4496144959455,2.717253764034698
2025-07-15,5.472165000285128,2.7284977598885924
2025-07-16,5.422979122646503,2.7039729955680447
2025-07-17,5.433037764470163,2.7089883746149024
2025-07-18,5.425855691439678,2.705407292872299
2025-07-21,5.464557446040687,2.724704527280821
2025-07-22,5.394999577738965,2.6900220043974676
2025-07-23,5.418537331457848,2.7017582565556966
2025-07-24,5.429906073152212,2.7074268696629784
2025-07-25,5.43943701854841,2.7121791319141697
2025-07-28,5.4623618964952385,2.7236097956679823
2025-07-29,5.4981874978120695,2.7414729399508286
2025-07-30,5.538863335662591,2.7617544797894404
2025-07-31,5.523494904353448,2.754091565678149
2025-08-01,5.309001264913251,2.6471420466683178
2025-08-04,5.3572339649104554,2.6711915433280304
2025-08-05,5.44275568891546,2.7138338672267626
2025-08-06,5.442993775571316,2.713952580552682
2025-08-07,5.493268702293707,2.7390203599294844
2025-08-08,5.46319582305423,2.7240256030765684
2025-08-11,5.4576816031417295,2.7212761361511366
2025-08-12,5.428986967248629,2.7069685906456438
2025-08-13,5.487635646807778,2.736211639930383
2025-08-14,5.489830780844229,2.7373061643646426
2025-08-18,5.407491855763929,2.696250828383084
2025-08-19,5.363718398333294,2.6744247722360477
2025-08-20,5.327178121539897,2.656205280796865
2025-08-21,5.347005379906612,2.6660914282422534
2025-08-22,5.39294031514486,2.688995227358628
2025-08-25,5.4629407005294555,2.723898395428899
2025-08-26,5.411031992426915,2.698015989878425
2025-08-27,5.424306673895121,2.7046349311287976
2025-08-28,5.439896571500199,2.712408271422837
2025-08-29,5.422349626514525,2.703659120020457
2025-09-01,5.349030570762879,2.667101216637593
2025-09-02,5.39910148256725,2.692067271331976
2025-09-03,5.419643416410531,2.702309765933702
2025-09-04,5.447572269220311,2.716235481317608
2025-09-05,5.454873593333223,2.7198760233124606
2025-09-08,5.479500396135872,2.7321552905269444
2025-09-09,5.548360209320949,2.7664897533971318
2025-09-10,5.6410810422253554,2.812721653360217
2025-09-11,5.691577019734685,2.8378996517411887
2025-09-12,5.778953991415772,2.881467027996341
2025-09-15,5.798985680209506,2.8914551073027286
2025-09-16,5.8709942205814505,2.9273595694465895
2025-09-17,5.809350136655697,2.896622969783926
2025-09-18,5.89087258655492,2.937271199857228
2025-09-19,5.863539573648276,2.923642578555988
2025-09-22,5.903381484939806,2.9435083109860147
2025-09-23,5.933233313392345,2.9583928488347615
2025-09-24,5.909321186066261,2.9464699287766143
2025-09-25,5.907568569112684,2.945596049529273
2025-09-26,5.762802741154393,2.8734137894417144
2025-09-29,5.839661518060028,2.911736647141341
2025-09-30,5.828412027448091,2.906127494286308
2025-10-01,5.88156310745466,2.9326293637887857
2025-10-02,6.040488651046903,3.011871855500552
2025-10-10,6.144970050630792,3.0639677379711663
2025-10-13,6.100634825034856,3.0418615763849637
2025-10-14,6.061933070433847,3.022564341976442
2025-10-15,6.224415786557995,3.1035804895053
2025-10-16,6.3794442712579675,3.180879853322136
2025-10-17,6.380328889914716,3.181320936517392
2025-10-20,6.492315628529536,3.2371590856652785
2025-10-21,6.507888490265696,3.244923931637568
2025-10-22,6.609731407712264,3.295704230129847
2025-10-23,6.544854248273047,3.2633555739419187
2025-10-24,6.7082901420386145,3.3448469891316113
2025-10-27,6.880592997821569,3.430759595202829
2025-10-28,6.825416311449735,3.403247730126432
2025-10-29,6.9458104591301515,3.463277930647176
2025-10-30,6.955579491182204,3.468148906224286
2025-10-31,6.990656345284634,3.4856387147072962
2025-11-03,7.185305690489199,3.5826935919499894
2025-11-04,7.014892154120164,3.497723026878692
2025-11-05,6.815221798183731,3.3981646036841555
2025-11-06,6.852715252618546,3.4168593627841735
2025-11-07,6.72900243457108,3.3551744269508372
2025-11-10,6.93234838310385,3.456565551857556
2025-11-11,6.988767441379713,3.484696880885956
2025-11-12,7.063652135035835,3.522035433155492
2025-11-13,7.098098661988295,3.539210951733757
2025-11-14,6.82739081020825,3.404232242735103
2025-11-17,6.959596216665903,3.470151701550046
2025-11-18,6.728764347915224,3.355055713624918
2025-11-19,6.687730756817421,3.3345957930295587
2025-11-20,6.8159539250382135,3.398529652340822
2025-11-21,6.557958986561074,3.269889779153374
2025-11-24,6.545705210700962,3.2637798756722565
2025-11-25,6.565651720150105,3.2737254833698946
2025-11-26,6.741103303119928,3.3612080887147857
2025-11-27,6.785421077337948,3.383305548800659
2025-11-28,6.682761269201306,3.332117937221544
2025-12-01,6.67217534645918,3.3268396485575984
2025-12-02,6.799070547922352,3.390111365129529
2025-12-03,6.869479378651985,3.425218189743218
2025-12-04,6.8562213175437,3.418607535636016
2025-12-05,6.977976672701574,3.479316453182433
2025-12-08,7.07124265341136,3.5258201714415143
2025-12-09,7.052010403929786,3.5162307037216336
2025-12-10,7.037459278819714,3.5089753098757575
2025-12-11,6.9959665502791175,3.4882864569503096
2025-12-12,7.0921934481086755,3.536266529765237
2025-12-15,6.961876945555945,3.4712889047716344
2025-12-16,6.806218549215,3.3936754582286324
2025-12-17,6.903704854817506,3.4422834893173135
2025-12-18,6.7983558724457875,3.389755017973193
2025-12-19,6.842674062172806,3.411852685237646
2025-12-22,6.98798462242748,3.4843065564426214
2025-12-23,7.007368948202323,3.4939718515225127
2025-12-24,6.992562700567479,3.4865892500289677
2025-12-26,7.028405337753228,3.504460888633564
2025-12-29,7.183076069205919,3.581581871693652
2025-12-30,7.172200536692184,3.5761591795599577
2026-01-02,7.334666216947415,3.6571668327670657
2026-01-05,7.5863641165598175,3.782666914585746
2026-01-06,7.702026863279972,3.8403379726243942
2026-01-07,7.745562234054753,3.8620453154455117
2026-01-08,7.747791855338038,3.86315703570185
2026-01-09,7.805571705582363,3.8919668745773452
2026-01-12,7.871045120433714,3.9246128320265194
2026-01-13,7.986520888104767,3.9821906597044983
2026-01-14,8.038361452731634,4.008039087967973
2026-01-15,8.165069259636708,4.071217367000655
2026-01-16,8.238576125455452,4.107868915101347
2026-01-19,8.34736302927665,4.1621115820103105
2026-01-20,8.315179364327317,4.146064357974725
2026-01-21,8.356332206507547,4.166583738822334
2026-01-22,8.428833540551125,4.202733914761204
2026-01-23,8.492723866120084,4.234590521823376
2026-01-26,8.423829981197171,4.200239070309689
2026-01-27,8.654032769324873,4.315021389865809
2026-01-28,8.800330163449804,4.387967310196539
2026-01-29,8.886175153455254,4.43077081902994
2026-01-30,8.891467907071819,4.433409859772623
2026-02-02,8.423966268148515,4.200307024883687
2026-02-03,8.99991492453265,4.4874830546037465
2026-02-04,9.141208759303627,4.557934130482963
2026-02-05,8.788007828605023,4.381823222249842
2026-02-06,8.661334093437786,4.31866193186066
2026-02-09,9.016866029615187,4.495935111923459
2026-02-10,9.023077889135333,4.499032431683477
2026-02-11,9.112940020133477,4.543838943021216
2026-02-12,9.398488606795201,4.686217449335493
2026-02-13,9.372516801366016,4.673267545059927
2026-02-19,9.662252887709617,4.817733997096043
2026-02-20,9.885681217133877,4.92913847709582
2026-02-23,9.949605614440673,4.961012072801492
2026-02-24,10.159878928988153,5.065857278981725
2026-02-25,10.354272320649947,5.162784534219591
2026-02-26,10.73449961861467,5.352371165962452
2026-02-27,10.627039850533095,5.2987902274356635
2026-03-03,9.857395857603812,4.915035002490905
2026-03-04,8.6688223965998,4.3223957042161825
2026-03-05,9.503378036215134,4.3223957042161825
2026-03-06,9.505029268973198,4.3223957042161825
2026-03-09,8.938288291984815,4.3223957042161825
2026-03-10,9.416052172140802,4.3223957042161825
2026-03-11,9.547713677320068,4.3223957042161825
2026-03-12,9.50227195126245,4.3223957042161825
2026-03-13,9.338870544743717,4.3223957042161825
2026-03-16,9.445427827281629,4.3223957042161825
2026-03-17,9.599673077520364,4.3223957042161825
2026-03-18,10.083955462837023,4.3223957042161825
2026-03-19,9.808567733212469,4.3223957042161825
2026-03-20,9.839168308879408,4.3223957042161825
2026-03-23,9.200180289354225,4.3223957042161825
2026-03-24,9.45235436227834,4.3223957042161825
2026-03-25,9.602617374280214,4.3223957042161825
2026-03-26,9.293292531734751,4.3223957042161825
2026-03-27,9.256548240023335,4.3223957042161825
2026-03-30,8.981567709216822,4.3223957042161825
2026-03-31,8.598907190559794,4.3223957042161825
2026-04-01,9.324336039993565,4.3223957042161825
2026-04-02,8.907959459202566,4.3223957042161825
2026-04-03,9.15176019479892,4.3223957042161825
2026-04-06,9.276052232389603,4.3223957042161825
2026-04-07,9.351702293620049,4.3223957042161825
2026-04-08,9.994281141905976,4.3223957042161825
2026-04-09,9.833738437293505,4.3223957042161825
2026-04-10,9.971356679468146,4.3223957042161825
2026-04-13,9.885834955463142,4.3223957042161825
2026-04-14,10.156662058325614,4.3223957042161825
2026-04-15,10.367088280184358,4.3223957042161825
2026-04-16,10.596268916176973,4.3223957042161825
2026-04-17,10.538182420292122,4.3223957042161825
2026-04-20,10.584423585661899,4.3223957042161825
2026-04-21,10.872696249314533,4.3223957042161825
2026-04-22,10.922834889085578,4.3223957042161825
2026-04-23,11.021342100296177,4.3223957042161825
2026-04-24,11.021035454655651,4.3223957042161825
2026-04-27,11.258283613353496,4.3223957042161825
2026-04-28,11.30251703924492,4.3223957042161825
2026-04-29,11.387408851608951,4.3223957042161825
2026-04-30,11.230781072775665,4.3223957042161825
2026-05-04,11.806236104470171,4.3223957042161825
2026-05-06,12.567966313023486,4.3223957042161825
2026-05-07,12.747501933934682,4.3223957042161825
2026-05-08,12.761032568945659,4.3223957042161825
2026-05-11,13.31286508308569,4.3223957042161825
2026-05-12,13.008066795564474,4.3223957042161825
2026-05-13,13.349915189419637,4.3223957042161825
2026-05-14,13.583760329423836,4.3223957042161825
2026-05-15,12.752829590307082,4.3223957042161825
2026-05-18,12.791735359826111,4.3223957042161825
2026-05-19,12.3758191630049,4.3223957042161825
2026-05-20,12.269091521777806,4.3223957042161825
2026-05-21,13.301546617980083,4.3223957042161825
2026-05-22,13.356212643793373,4.3223957042161825
2026-05-26,13.696256897579204,4.3223957042161825
2026-05-27,14.004629393501244,4.3223957042161825
2026-05-28,13.930748569584297,4.3223957042161825
2026-05-29,14.425771031481341,4.3223957042161825
2026-06-01,14.957162164955607,4.3223957042161825
2026-06-02,14.979474998148378,4.3223957042161825
2026-06-04,14.703626884554035,4.3223957042161825
2026-06-05,13.88871069323832,4.3223957042161825
2026-06-08,12.737903676080812,4.3223957042161825
2026-06-09,13.780366722008994,4.3223957042161825
2026-06-10,13.15727441471142,4.3223957042161825
2026-06-11,13.213659816758446,4.3223957042161825
2026-06-12,13.825790996688696,4.3223957042161825
2026-06-15,14.5446165771262,4.3223957042161825
2026-06-16,14.852016781992912,4.3223957042161825
2026-06-17,15.086270782851148,4.3223957042161825
2026-06-18,15.42597431925862,4.3223957042161825
2026-06-19,15.406538470368025,4.3223957042161825
2026-06-22,15.512278862215862,4.3223957042161825
2026-06-23,13.962318943252582,4.3223957042161825
