pred_month,cutoff,kospi_mom_1m,kospi_mom_3m,kospi_mom_6m,kospi_vol_1m,kospi_vol_3m,kospi_dd_cur,kospi_ma200_gap,spx_mom_1m,spx_mom_3m,spx_mom_6m,spx_vol_1m,spx_vol_3m,spx_dd_cur,spx_ma200_gap,sox_mom_1m,sox_mom_3m,sox_mom_6m,sox_vol_1m,sox_vol_3m,sox_dd_cur,sox_ma200_gap,bear_1m_ret_3,bear_3m_dd_10,bear_6m_dd_15
1998-01,1997-12-26T00:00:00,-0.14659114852075583,-0.42017002488951405,-0.5018259080038363,0.2481052044323611,0.3440290687560859,-0.5264991299895793,-0.42216360403135056,-0.0151027378903964,-0.009267629760247753,0.05540407399527414,0.040905948986730216,0.11809271215709222,-0.04810981724940078,0.047225303061070534,-0.12156385963157057,-0.31630524091588363,-0.15712006439607562,0.14703153174417105,0.2750986225700453,-0.3587355392320676,-0.19865799945569584,0,1,1
1998-02,1998-01-30T00:00:00,0.406302031484407,-0.015030358759893891,-0.24521435245403056,0.22809520443692033,0.39915631205214824,-0.29529587326097095,-0.11938898044620205,0.009723540624898108,0.06649555892131209,0.027213412627678846,0.05086112829949734,0.08866486974771892,-0.005286670579232267,0.06952994963585857,0.10532158316682128,-0.07407290129841904,-0.21054496343290097,0.13389063366285647,0.25315115178693365,-0.2836934040480624,-0.10388214809273977,0,1,1
1998-03,1998-02-27T00:00:00,0.05741934177968355,0.10868066722606717,-0.2743656068547248,0.1620731720096205,0.37373737986341754,-0.30780396304441326,-0.1116508669295545,0.07353747696257917,0.1036157818905672,0.14845129889584285,0.030829882285279085,0.07560024971628447,0.0,0.11858656919356969,0.096773012946197,0.07388172382783176,-0.18148427100215891,0.10918099392978128,0.22679649057965975,-0.21605891092986518,-0.025896587085516898,1,1,1
1998-04,1998-03-31T00:00:00,-0.16246186298836895,0.21162667335713592,-0.3019907898161728,0.09954658080367892,0.2983266333667674,-0.3928485505488496,-0.19380875081215188,0.05158924438974055,0.15566164390244475,0.155673703992113,0.03255934740960332,0.06874486786573669,-0.003527358863967156,0.1440374550195782,-0.01946621337600163,0.15256987184053994,-0.22668667567145628,0.10276478638746653,0.2029758753479269,-0.2599841409004182,-0.07618557554184335,1,1,1
1998-05,1998-04-30T00:00:00,-0.10038016290945628,-0.2252427771939477,-0.299507756119629,0.13704132235412533,0.2253474807510739,-0.4683512187425828,-0.2495700624295739,0.009076469253460395,0.12811901796749559,0.20599883868669644,0.04111544852452994,0.06042480984422569,-0.016620410081257808,0.1284267918604347,0.05754938647103813,0.09786953945324606,0.007334476027317516,0.10273042088477288,0.18394643872115254,-0.2173966822303991,-0.019177824780018615,1,1,1
1998-06,1998-05-29T00:00:00,-0.16342356264252378,-0.38618209515906676,-0.31947195570564757,0.15067347915060958,0.22599850230070145,-0.5751176788567245,-0.3570520911834262,-0.0034715689874805777,0.03952959176230686,0.1472412632111404,0.035548663247979374,0.06117274384835513,-0.03513373379183937,0.08851892398306593,-0.17208899896865182,-0.18051384647255442,-0.11996879679690753,0.07895091164167498,0.1705941052982757,-0.3575711323257986,-0.17577764270134533,1,1,1
1998-07,1998-06-30T00:00:00,-0.11511154513243593,-0.38241450215498407,-0.288202796162496,0.17398073674376024,0.2604891795932434,-0.6240265393429829,-0.3778164786853906,0.03928576703410025,0.02912635881126624,0.18932185960716486,0.04608922347706385,0.06878303021176395,-0.004084378829808832,0.108632001462863,-0.018556984281644873,-0.1766656088874703,-0.05104958635352275,0.13026737906028518,0.1873031505629716,-0.3907194932346303,-0.17868929546091927,0,1,1
1998-08,1998-07-31T00:00:00,0.08800224752351737,-0.1767653839551221,-0.38507696870430197,0.15521011432610218,0.28064948580487736,-0.5512436988962104,-0.2216146278235166,-0.024282591441134427,-0.00029434081595669515,0.14321419436559868,0.04621275966885289,0.07280387832583819,-0.055681446011954905,0.07259653500282326,0.009495524812994649,-0.19513584418004837,-0.11752502477250881,0.11716422678887656,0.19653984694154333,-0.3678773544820253,-0.10643730007371499,1,1,1
1998-09,1998-08-31T00:00:00,-0.09661254247354967,-0.07882390134456796,-0.4599808185841884,0.10871657587023299,0.26274076306732613,-0.5843640542728128,-0.25136780360726485,-0.14579671825011387,-0.12434820534683211,-0.09005531118750798,0.09290583952365375,0.11670120607954224,-0.1933599921661049,-0.09648763033947083,-0.2417401299284574,-0.23238372332019974,-0.3575840122589138,0.15558077531820017,0.23738047872565743,-0.5128540747979204,-0.3034206601638141,0,1,1
1998-10,1998-09-30T00:00:00,0.001969635743021003,-0.004650805852225659,-0.33723461937726074,0.12097497840074033,0.22283172828710432,-0.5267708618769062,-0.21717550220659165,0.06239551504341101,-0.11453475840801008,-0.0822451948206454,0.10127791539844372,0.14666752606533803,-0.143029273422688,-0.046038945632892014,0.09975708342370404,-0.15818000287849288,-0.3142866401975769,0.1399881556693332,0.24338603867014214,-0.4542679757675342,-0.21098237534354003,0,0,1
1998-11,1998-10-30T00:00:00,0.23187019031545386,0.12064199180870583,-0.07744872014959281,0.14528882021819092,0.22013581203953414,-0.3630599583567371,-0.018759733514316368,0.1138292436353312,-0.012378104155025937,-0.02085422786800295,0.06223864086701072,0.1575294403068607,-0.07421947002712237,0.022443791170884353,0.2844565513719888,0.027183466961382186,-0.1715719156270481,0.1352405775297224,0.26217896274008157,-0.20369919697496575,-0.011718691387678004,0,1,1
1998-12,1998-11-30T00:00:00,0.17447694576429496,0.45692545636894555,0.3420849079297299,0.10472473513408202,0.215084336811957,-0.21323230766778423,0.1812480539107706,0.07155152480249694,0.21555863412036524,0.06440609947365128,0.0439784236068568,0.12918522295950813,-0.02407047732562262,0.06767603913612197,0.1671750215182095,0.5824158368988701,0.21468815287946086,0.10017489479684749,0.2217770680229243,-0.07171011149742856,0.1510882548422292,0,1,1
1999-01,1998-12-28T00:00:00,0.25945504060753355,0.8514763690441929,0.8836571013922494,0.1789428629850368,0.24949732905012945,-0.030007180730632466,0.47066750466573826,0.03253936427415893,0.16859134606654425,0.0764170091491887,0.06137455889212062,0.10412098835789592,-0.0024826613143618115,0.11123190647081627,0.08870001921934367,0.5404874052389261,0.37740371828126484,0.12722672058033602,0.213551423659736,-0.027712733611044538,0.2800040952660703,0,1,1
1999-02,1999-01-29T00:00:00,0.028936199488780012,0.5854118810523117,0.7040825919474836,0.15201114215028735,0.2570055707140402,-0.10846402715847758,0.45399850925654883,0.030463560665249245,0.19806388562563715,0.11959409363149565,0.05936035311840751,0.09257165926001619,0.0,0.14393408780442196,0.2388038296054502,0.6510898185135825,0.6297774800440386,0.13588267645028929,0.2045109107954301,0.0,0.5047529247407851,1,1,1
1999-03,1999-02-26T00:00:00,-0.03649772463800238,0.17911395374164507,0.6426924526179385,0.12416376450768757,0.26070861907626725,-0.188610675319543,0.2952000627208069,-0.003893343403984062,0.04677974139861352,0.1421706739397619,0.06422183088051257,0.10414774823734446,-0.032282562377591306,0.09439129371918131,-0.09530459880882325,0.13389989177667871,0.5255428066109702,0.18339222916096262,0.25861431640021487,-0.15266975996613563,0.2411422289622689,0,1,1
1999-04,1999-03-31T00:00:00,0.15920372760603918,0.09501646838096778,1.0809546312538973,0.09264823188018777,0.20956854090475252,-0.03427729357961973,0.446893223949155,0.049669518659475775,0.03588305330196628,0.2262587664361222,0.05628291385128959,0.10117398701722251,-0.0229235901345346,0.11658508395289391,0.06786299693910025,0.09231001076387546,0.6755401798352401,0.128147336010338,0.2612117344842065,-0.1182542508673321,0.23993495026985578,0,1,1
1999-05,1999-04-30T00:00:00,0.215855198233611,0.41669343697694483,0.9674528089264636,0.11062188584288692,0.19107957589346833,-0.05212971942799549,0.5974615746385212,0.03794402759627746,0.04340286207583066,0.2500632872114803,0.052803981587987756,0.09766389556771465,-0.020267092843838652,0.13857434062029506,-0.00124085441972277,-0.11934836897721512,0.4540349416391001,0.14127241592803855,0.2595205095438449,-0.11934836897721512,0.17967828658871965,0,1,1
1999-06,1999-05-31T00:00:00,-0.022043244367217496,0.4152598219176138,0.6687526041929739,0.10389195080036999,0.1797145053681001,-0.09606500741950752,0.436527781241391,-0.030525078808046557,0.05313222384204486,0.09686820896653736,0.05683908468717893,0.09548323183316308,-0.04805645818657278,0.09093674639678473,0.04271550768932597,0.07828862819866522,0.2264741684981939,0.13341600336713835,0.23217408764059175,-0.09592134567087707,0.18432769604297317,0,1,1
1999-07,1999-06-30T00:00:00,0.17152262686667719,0.4265404825068966,0.5620853211571835,0.13176409946589832,0.2018349911673033,-0.022202522633293476,0.5470001626689254,0.060613748844856374,0.06711907627513258,0.10541056696865825,0.04810349155619639,0.09097797309287584,0.0,0.12110290823004122,0.2899747782020867,0.306746143691337,0.4273718942811371,0.11985068735721988,0.23141717404487092,0.0,0.3785536429877876,0,1,1
1999-08,1999-07-30T00:00:00,0.05406638328046154,0.2816980614104374,0.7157111637639513,0.16020000564704592,0.23402828074919124,-0.05662844742953854,0.5071886421544429,-0.032046092391091685,-0.004838360931065155,0.0383545024326013,0.04051301884712789,0.08497444769481881,-0.06347711183838856,0.05214585957375961,0.01965112761645149,0.3340805787056744,0.17486023755297309,0.126012081324047,0.2223829385965518,-0.06812182067791528,0.2936907413825318,0,1,1
1999-09,1999-08-31T00:00:00,-0.022848264481056813,0.20517595302282876,0.761971939352639,0.09851937724827037,0.23007167206232484,-0.08760328438986165,0.331743848579918,-0.005752806270500899,0.019771220818087132,0.07551526162342692,0.05352668869415217,0.08255930744197106,-0.06933421184814548,0.02428900255138111,0.06481164318533317,0.31838048330328284,0.4769666977570617,0.09065491972185753,0.19101813902204337,-0.015411281826921419,0.2744653432680664,1,1,1
1999-10,1999-09-30T00:00:00,-0.11287226818351559,-0.09108892538104019,0.31291113605753673,0.10335459215298395,0.21310700536433066,-0.18653998911980252,0.11069394517347031,-0.028551792448024638,-0.07114616120607908,-0.008510350010011214,0.05293451303978471,0.08392386411573448,-0.09590638826993436,-0.017182878897491816,-0.04385396138564157,0.014473005265809746,0.2883548380489296,0.12933877605806376,0.19905551933841553,-0.13063092804462628,0.1526692766203086,0,0,1
1999-11,1999-10-29T00:00:00,-0.0031930719863462187,-0.14046319045975386,0.10166666249864575,0.10838252954232362,0.17757115231864465,-0.18913742549255697,0.0687816680457265,0.0625395414523846,0.026264074093887313,0.0061271703699217195,0.0701482407627391,0.10228027471658353,-0.039364788362305836,0.038008006689982166,0.11373155856418982,0.13390728966628318,0.46013606925558737,0.1374256707763774,0.20739647981098258,-0.03175622852363835,0.23738351968271876,0,1,1
1999-12,1999-11-30T00:00:00,0.13702582513746053,0.06267322893728111,0.28070822143633434,0.09169009522470514,0.18415900874169577,-0.030420436150804142,0.2129414445776463,0.019061858969220413,0.05187782448393463,0.07267473322545581,0.03745464387234612,0.09502871914106698,-0.025285211102304528,0.04576822124758939,0.09636039060829704,0.16750323587112081,0.539213480365915,0.1029090788204315,0.2130519061124615,-0.07707338158119026,0.28846239307973476,0,1,1
2000-01,1999-12-28T00:00:00,0.06617503150311843,0.22948402891012987,0.11749164994355454,0.09223126535396961,0.17200622480602798,0.0,0.18806088046493508,0.02897039375694055,0.1368429961703317,0.07858972721536239,0.03695008472491991,0.08624150967978383,-0.00046623671884526985,0.08490072499370815,0.09600345507668218,0.3309342744561008,0.47460131408931105,0.13730213526833943,0.21733423555708908,-0.007172564859226127,0.3994941099405762,1,1,1
2000-02,2000-01-31T00:00:00,-0.06149759556447798,0.14974114239343006,-0.05490083796450074,0.13189874041610686,0.187961494610632,-0.10874001919854825,0.053082973125961,-0.047805698420713694,0.023133914422617696,0.0500055793589822,0.07328267726635707,0.08844314749379949,-0.05090354879190062,0.027309655360692853,0.11889900787370888,0.39981644322175747,0.5872620691638797,0.1553782131220317,0.2245087655597172,-0.04595725712847076,0.43721130749129666,1,1,1
2000-03,2000-02-29T00:00:00,-0.12030751758405855,-0.14837928450366167,-0.13699629050618078,0.11484780148775806,0.19733869920663688,-0.21780105158618557,-0.08955778539068782,0.0046024067817875824,-0.029414001265765433,0.03202370340976679,0.061772147955407954,0.098384628758454,-0.06998805925110596,0.0033187383866593034,0.5626759932136984,0.8652450840978088,1.2504085556948898,0.15672975809626488,0.26122893576896755,0.0,0.9586095222974023,0,1,1
2000-04,2000-03-31T00:00:00,-0.037690264139801366,-0.14396506103940554,-0.009138203660788768,0.08704774053293392,0.20991333362785103,-0.18705622952316225,-0.06649000328991561,0.08454430976684413,0.019962536024970223,0.1682009709975849,0.08100007288489543,0.12293593203100661,-0.018907209106212464,0.08854260847121753,0.040432810389753326,0.6774866849436016,1.324541753153345,0.17951887906220196,0.28944319633272186,-0.11318119051186859,0.7067181248768568,1,1,1
2000-05,2000-04-28T00:00:00,-0.18613466713278426,-0.18085006589500485,-0.0919458336309934,0.1762454525315505,0.24259026926501862,-0.3150494902056974,-0.20318758408273163,-0.03718211564586438,0.06783761999513382,0.08193298553786277,0.09236636461097428,0.13587033239642063,-0.04912070309228389,0.048303725407778275,-0.01856260116712216,0.5642514777807295,1.2416439683888165,0.28177403881590835,0.3701200162854073,-0.12087217079310675,0.5653255802217212,1,1,1
2000-06,2000-05-31T00:00:00,0.05752307878868046,-0.15620783632948865,-0.2515646078983691,0.15245216566077305,0.25856718433168147,-0.30892130808321583,-0.17380859273818217,-0.03245361785395029,0.03002489572789724,0.022816410441563795,0.07262041140701338,0.14146183006966287,-0.0699592710017588,0.01888536711579758,-0.14228652954389587,-0.14822813311409877,0.638408849301189,0.22277940979424743,0.3948682567796712,-0.25083849893988897,0.24220100791164945,0,1,1
2000-07,2000-06-30T00:00:00,0.12206914415515069,-0.07385734867847338,-0.14349188448211692,0.1271954280774975,0.2618152699720746,-0.22456192361707283,-0.058588248536941556,0.003996325783248267,-0.02934777039493852,-0.009971090293729779,0.04541430050157132,0.1254148823341502,-0.0477000950694928,0.033459128945526384,0.06863240947950389,-0.03499478364225406,0.6187834013412383,0.16566602572601155,0.3942106011276114,-0.14421522287978705,0.3060174588614215,1,1,1
2000-08,2000-07-31T00:00:00,-0.13790456752244085,-0.010179058598817736,-0.238246861869575,0.0960089508692052,0.22338186586902653,-0.33338689316404435,-0.17998334313560949,-0.00801451651519347,-0.025486152865869194,0.02608177799005129,0.047344607450870865,0.09817284433822318,-0.06326189055947784,0.004398438907404545,-0.11907566349409426,-0.14622104912132783,0.27734362221994724,0.1985895349051039,0.34493232295673965,-0.25427506685459356,0.06614551265760404,0,1,1
2000-09,2000-08-31T00:00:00,-0.052922544025311935,-0.059108063448941595,-0.20608275707744494,0.11627094774113096,0.2009379719305718,-0.3497696312532447,-0.18716969984140264,0.054896854952090735,0.02736149606576399,0.07700277921167342,0.03030533664550458,0.06889253246275188,-0.006402725751685101,0.052607526042447894,0.20825777361147502,-0.004120077332109728,-0.048178040020368185,0.11672008179038276,0.27328767784729185,-0.1348735322490292,0.16693269931767274,1,1,1
2000-10,2000-09-29T00:00:00,-0.16205029618493783,-0.2428167799766522,-0.3050780506183093,0.15491110930856972,0.21334523410072248,-0.42096620705108645,-0.24862919972914665,-0.0439773707783363,-0.012436385345754974,-0.0414191755590233,0.04109199796423305,0.06912962480916819,-0.05954326365193441,-0.007523485076682768,-0.23852065821973467,-0.2533559087004461,-0.2794845571332414,0.17246628971863545,0.2917759834482045,-0.36103335273908743,-0.1676427151025227,1,1,1
2000-11,2000-10-31T00:00:00,-0.16101887569179885,-0.2929859476046125,-0.31180613618927155,0.14987749382380433,0.2463578017719903,-0.5142015773792783,-0.3318463933062481,-0.004755475200746262,-0.006464118352292547,0.010105327591574564,0.0764616462402946,0.0911775389323741,-0.06419804055829514,-0.008618495205723553,-0.10984314117821281,-0.22260412146728448,-0.3069146454386066,0.3082180941001521,0.37167837509209556,-0.4433756064908767,-0.277611517140275,0,1,1
2000-12,2000-11-30T00:00:00,-0.0720351302497062,-0.3039121703130826,-0.2236518886581319,0.10306169530620761,0.24663639089127048,-0.5191588682169971,-0.2984347048489133,-0.08006861010730892,-0.13357894639476842,-0.10987237014525375,0.05569012704192924,0.10149439634153366,-0.1391264027864888,-0.08557150851185247,-0.2761279836842466,-0.5342590510408871,-0.5361779397673289,0.21833698255368256,0.40821299142471745,-0.5970751779400175,-0.46673751518543394,0,1,1
2001-01,2000-12-26T00:00:00,-0.04939347150138729,-0.14121848862570963,-0.3549038640098251,0.1125291409870381,0.21502047698243068,-0.5235118819833335,-0.2736449947614549,-0.01980971234868234,-0.07848881565937693,-0.09331639920403312,0.07663895249957653,0.12152947794143061,-0.13896928558504817,-0.0832453375390193,-0.14199322468867936,-0.33513269522862754,-0.5064751021094609,0.2724770087052105,0.45031566895537467,-0.5656434436334898,-0.39675895108724724,0,1,1
2001-02,2001-01-31T00:00:00,0.20709119068574178,0.13367578567717997,-0.20668897961665633,0.1376611840900548,0.210734261916261,-0.371576514212134,-0.073480445984064,0.03463657667616449,-0.02334378878081811,-0.05012861904189958,0.07153249468061183,0.11921402241098505,-0.10569831962913312,-0.036232685880120186,0.26981845795643955,0.04147756415710324,-0.23397467190802435,0.2343745645954686,0.41220775373215157,-0.4506088906442405,-0.18536099714744692,1,1,1
2001-03,2001-02-28T00:00:00,-0.022389912179523908,0.08777864767596122,-0.20625553359460214,0.08856421940362215,0.1974842909079038,-0.36836241668384984,-0.10693799833167306,-0.09106643492901878,-0.08082465263481375,-0.1810658749498626,0.047918172661212316,0.11573732251850873,-0.18823407937631342,-0.11770528036915007,-0.24351111715107054,-0.1382786177842532,-0.5229099745925359,0.17542839744634672,0.40092120776957096,-0.5938937456195083,-0.3702164009865917,1,1,1
2001-04,2001-03-30T00:00:00,-0.09493168517640649,0.017521923621605096,-0.1220993988550596,0.08206742332234607,0.18100498339225746,-0.42409003194350725,-0.16772517713380386,-0.06517730451814474,-0.13033084383889004,-0.20432155128712526,0.08539321349194175,0.12111554860536335,-0.2370115525999531,-0.15779649876666269,-0.04506277822239657,-0.0964640424472748,-0.3954344884184241,0.24243092848439185,0.3888316669794977,-0.5705980012129133,-0.32726287976918256,0,0,1
2001-05,2001-04-30T00:00:00,0.10225276595417432,-0.03215206588367514,0.05749403141717124,0.10258746017411627,0.15917566458978907,-0.32192560487507105,-0.040773625468257024,0.08842720857472863,-0.08408781846290936,-0.08426899343788397,0.0867641290309894,0.13172079354565688,-0.17840308206324085,-0.07451098507542153,0.16256135639391456,-0.0737857826008731,-0.06134821501750032,0.29164189002086394,0.41851588384208344,-0.47793276006226515,-0.11725460785190744,0,1,1
2001-06,2001-05-31T00:00:00,0.04875785564898294,0.05891714062791986,0.15186745523313427,0.07320646704026623,0.15170179046776852,-0.28105512324877047,0.05310153978448451,-0.008385707659689823,0.011754442005020405,-0.060078304294402085,0.049663946716025135,0.13179489662325078,-0.17422099978263217,-0.054510826604964424,-0.10162952436923212,0.04896981520921306,0.03740994427178834,0.15346613750121627,0.40252722038424926,-0.5283148200258778,-0.1533981372822305,0,1,1
2001-07,2001-06-29T00:00:00,-0.052974092060505296,0.1361779663080802,0.12119445849523047,0.06872249822324283,0.14085752761157994,-0.30105579132594973,0.044775539994645674,-0.02503538942756467,0.0551998580178914,-0.08232522989625735,0.039415991448039665,0.10769710424364624,-0.19489469863417896,-0.05878293640349641,0.04239114755284934,0.14503532220559268,0.03458058628072358,0.14676656371509983,0.35460607040423486,-0.5071897127768159,-0.049935398435241085,1,1,1
2001-08,2001-07-31T00:00:00,-0.09003077756160893,-0.062023691400761916,-0.09218156747217099,0.06600087579154013,0.11842813166688305,-0.3207701039955483,-0.03771012892743797,-0.010740149595403703,-0.043594614424585454,-0.11829107780304182,0.05514641492656278,0.08271728822458368,-0.20354165001090052,-0.051687186003234076,-0.029178517824437922,-0.09087089210842836,-0.16839837106663702,0.1896127377918806,0.2809976568833225,-0.4792339653128246,-0.03316910025045472,0,1,1
2001-09,2001-08-31T00:00:00,-0.031414903189555865,-0.10953017305026935,-0.057066237030952593,0.06860373842834412,0.12089978864126605,-0.2619785865850408,-0.03608874535683071,-0.07140695797281382,-0.10538156185378555,-0.08686096870181426,0.04509478089402403,0.08066595392621953,-0.2546013259755784,-0.09511837850018368,-0.1430051249007489,-0.07291840124849669,-0.08103350095723139,0.13934538622235262,0.2790264128540744,-0.50749626092409,-0.08255614034079173,1,1,1
2001-10,2001-09-28T00:00:00,-0.1500460608011227,-0.19399124772706533,-0.0842306150160238,0.1564676156781879,0.18370679240140075,-0.24107269687519883,-0.14664770528265658,-0.10425184622306194,-0.1457902820769904,-0.09694714596335252,0.08990328804819807,0.11092144266373734,-0.2861914204149364,-0.15378734338580746,-0.3331191615124197,-0.3794832321553445,-0.39576692497748944,0.18164318891108158,0.2993653115423056,-0.5854870318399825,-0.3773857026332327,0,0,0
2001-11,2001-10-31T00:00:00,0.1385113510297986,0.008021981944219991,-0.03381062314127481,0.06897816260260964,0.18757444862248723,-0.14910211542515495,-0.04123564282350156,0.008037508294634677,-0.12111254042664377,-0.15423966481785756,0.056948862600269434,0.11239282613962508,-0.26002829746430856,-0.1181800186250147,0.26334484630458754,-0.2553725435217997,-0.3028011110564439,0.2396330857807401,0.33972522588977,-0.39925181050416514,-0.22807558595082378,0,0,0
2001-12,2001-11-30T00:00:00,0.18342550472714225,0.1409207444913596,0.02461734534067639,0.09714971287514737,0.20085641710285046,-0.04546664940280898,0.14571156484151238,0.0751759041240454,-0.033717498225689035,-0.10133059167028258,0.04503535297433399,0.11603140718360128,-0.17443124801996146,-0.03351131785275718,0.15831888070332245,-0.1442399214540463,-0.16734855642674484,0.14314794920332066,0.3406369035224331,-0.29123586708825566,-0.07727087134177313,0,0,0
2002-01,2001-12-28T00:00:00,0.09759183375477165,0.46706144285248774,0.18629865350243424,0.11228734886199347,0.1603559564435459,-0.015330003964469485,0.21720687178974463,0.02879878020551141,0.11535735477954545,-0.04725090859041037,0.04274906177477723,0.08380128989498008,-0.1548411725460911,-0.005209222484440557,0.0534764106354213,0.44177136855123256,-0.10535669041562368,0.1689502571865966,0.32214590590530606,-0.26413912204372036,-0.030162142384636215,0,0,1
2002-02,2002-01-31T00:00:00,0.031891847338275436,0.3909559337314428,0.40211415711704235,0.08889683532500547,0.17505202939221864,-0.041230881924538054,0.25999873681733576,-0.015573832456979853,0.06643760510493224,-0.060460790978408285,0.04777469554628562,0.0787238073841055,-0.17727649011036117,-0.030757043242119253,0.07032333695964343,0.30068891828649846,-0.04971772848591671,0.14613607208828838,0.2620300272754418,-0.23670085221146264,0.007123288887124213,0,1,1
2002-03,2002-02-28T00:00:00,0.05848866368949435,0.2709476418101515,0.43840226586068765,0.0996246434506026,0.188294798076987,-0.0025787244468037374,0.33997520804953707,0.00553311322436123,-0.037207498504784664,-0.05026994978116994,0.05543357246365232,0.0841664734856637,-0.15698908654195287,-0.04053183364616497,-0.041090977126251316,-0.048148763971799236,-0.09547589805707724,0.1432380954308873,0.26476219279909446,-0.2765985004445285,-0.06448093715449787,0,1,1
2002-04,2002-03-29T00:00:00,0.08936764307377065,0.38912066908714427,0.8647428271108342,0.0546126416107392,0.1479337267717569,-0.007623611811383935,0.40382471679735876,0.033787131612206034,-0.0017226658753590751,0.1393688827488464,0.045447441863336956,0.08402179051025721,-0.12601779891085785,0.005086587683232002,0.12910201165477653,0.143197354627415,0.6060221309458762,0.16605949143226842,0.258405679963193,-0.15706298993859924,0.09800551873080332,1,1,1
2002-05,2002-04-30T00:00:00,-0.05944749683827977,0.1116918114168306,0.5555966722318832,0.09919965516013807,0.15166094617384707,-0.10160936848424418,0.2596562764792252,-0.06072181759488682,-0.021551070638388126,-0.02506761823037218,0.047394056965656045,0.08587964733895351,-0.17969571079740654,-0.04600291227305198,-0.13808873307591907,-0.013102532010461854,0.09360569312750777,0.11603908428080854,0.24720314658191941,-0.25548400190084986,-0.020347819626015395,1,1,1
2002-06,2002-05-31T00:00:00,-0.07380266789779011,-0.028768602179606972,0.2343842547118058,0.09276082637118666,0.14812104826017786,-0.1506062895485829,0.13625325908224628,-0.017782474259236736,-0.05711358477370865,-0.05438982368102585,0.06489665642143391,0.0894603601665589,-0.16861561169015138,-0.04318492765152149,-0.09669217322852874,-0.1604350778855349,-0.06878615772690111,0.1789668872082886,0.24460102623333807,-0.31672956723823,-0.09710301497880558,1,1,1
2002-07,2002-06-28T00:00:00,-0.12497645925475409,-0.17700512751840347,0.1478556289545392,0.10876027410411619,0.17074595637756337,-0.20785829683262425,0.030816618248783678,-0.07029476495107889,-0.13668954105294717,-0.1445904927299314,0.060388667743827715,0.0998361554233706,-0.1996409609513572,-0.10059125932609714,-0.19341547608077114,-0.36459169272629244,-0.2695576840389283,0.15721701571963215,0.26145271426225347,-0.4097347180189146,-0.24411228944954622,1,1,1
2002-08,2002-07-31T00:00:00,-0.033296506683856086,-0.17439203118733926,-0.00879396328621862,0.11185529667317456,0.18123023162774066,-0.23423384834669791,-0.038762458639200026,-0.05887578367777624,-0.1609262854651764,-0.18135362923978593,0.12448260719719563,0.1517245400550087,-0.2532295759842822,-0.1597680848658749,-0.09931140887176737,-0.3723161964738433,-0.4035827574805134,0.22742761684774995,0.32794997364303735,-0.4959946317468704,-0.34665206417614625,0,1,1
2002-09,2002-08-30T00:00:00,0.025641073594463215,-0.13242220192670617,-0.06959109189605361,0.06237819855483605,0.16707645454607584,-0.2145987820960067,-0.038939305554168246,0.03550520554020342,-0.11973905519028116,-0.20606840249900105,0.09425055978122673,0.1676075951559216,-0.22314936468487656,-0.1398177556600908,-0.037482372253388685,-0.3349358493280683,-0.5004409714311658,0.20113679691804995,0.34164354962226823,-0.5294385031624064,-0.3872002585057909,1,1,1
2002-10,2002-09-30T00:00:00,-0.10831243863880502,-0.09010037642771263,-0.26629063548941045,0.09333301215393,0.1634108604007817,-0.3105662343519334,-0.16593509924834793,-0.1117018521024643,-0.1583337544537421,-0.2828037384381882,0.08414594527623742,0.17827743542801155,-0.3046711563171707,-0.21399148016430536,-0.2171655242504601,-0.35160435935510015,-0.5943400800173848,0.16022339926892798,0.34334825194738994,-0.6265479440364048,-0.4852307842654604,0,1,1
2002-11,2002-10-31T00:00:00,0.010412000638682306,-0.0822713521464783,-0.24231591512446427,0.12011977968394819,0.16290033596875367,-0.2972344650712202,-0.14525615035642736,0.06987479133917218,0.0249005134851652,-0.17483211253171216,0.09820086553508635,0.16543545893192516,-0.24456081194336154,-0.11734152170010814,0.18083615723188773,-0.020769084269156135,-0.3853730677236553,0.2531687879978146,0.36273346332913514,-0.5373389460342026,-0.312261253808624,0,1,1
2002-12,2002-11-29T00:00:00,0.0999817983844562,-0.015752357735625666,-0.14608859776544303,0.0739853509889037,0.16906588040310513,-0.22697070304642641,-0.05214852321372665,0.05119508533759087,0.022094370596734914,-0.10029024365382322,0.0675827347343868,0.1541593103598264,-0.20144818401528675,-0.04761115772024194,0.23976895411586185,0.24431192158774762,-0.1724527486982853,0.2174725110250717,0.3746284471776499,-0.4144747196448071,-0.0847177032744103,1,1,1
2003-01,2002-12-30T00:00:00,-0.11371759670422055,-0.054495848410043846,-0.10588856603253138,0.08094148281573849,0.1648991693065068,-0.33069186805037587,-0.16938961110734574,-0.06335273336893232,0.07863553999581363,-0.09214887473896316,0.050731923438860536,0.13734490494706889,-0.24999359721950665,-0.08402202620722699,-0.24045691056156537,0.21688212297505127,-0.21097893628426567,0.1524158073140046,0.3723555606959199,-0.5455528693096227,-0.24291446983889664,1,1,1
2003-02,2003-01-30T00:00:00,-0.05687196739007905,-0.12079979828423737,-0.15490825161178656,0.08876064093303349,0.143292936917978,-0.3687567383045296,-0.18828663874075013,-0.03955017536875194,-0.0425551641144426,-0.07350651600945957,0.07192411472976527,0.11127670483852332,-0.2782900331031053,-0.09676360727015287,-0.055982928430590606,-0.031975129123831825,-0.17302232834715414,0.15762520465655194,0.31997077908461546,-0.5709941505025493,-0.2272963785196196,0,1,1
2003-03,2003-02-28T00:00:00,-0.01357672622202677,-0.18061432686551493,-0.205393752495301,0.08008445910186293,0.14235140543692174,-0.38628000803551565,-0.1784207573173915,-0.026852192756308346,-0.07900928856294687,-0.08358478990625451,0.05821345805662435,0.10605073753120543,-0.281246531767549,-0.07599409139025026,0.02405033678115598,-0.1680270223974154,-0.020309358650668963,0.11320272908402006,0.251221733888177,-0.5334514158952599,-0.0960010123464281,1,1,0
2003-04,2003-03-31T00:00:00,-0.0690439861919665,-0.18452775658630505,-0.1912863122153705,0.10928600107486663,0.16425231940943277,-0.4286536826864452,-0.20112797566826668,0.008357567684332823,-0.03109439225398769,0.025151984821067064,0.0802274822193296,0.11875440044010195,-0.25386186583863257,-0.044704115279869394,-0.004569485088293135,-0.0007420190493757639,0.20151669565102237,0.1417019553670367,0.23033207010846696,-0.5152412629904561,-0.04618706039554177,0,0,0
2003-05,2003-04-30T00:00:00,0.11287503398491827,0.012655003581507396,-0.10967351658266222,0.1065304978027682,0.17139581153763844,-0.3150521061916681,-0.07721945792713036,0.0810441071800323,0.06080799487405231,0.02998101954211041,0.05387455317753096,0.11221346070186852,-0.17140041819334084,0.04332234310917893,0.12228714459720802,0.14402691729215933,0.1394791429391964,0.12777721564125616,0.21911548560535807,-0.38736778939688166,0.09538947986530388,0,0,0
2003-06,2003-05-30T00:00:00,0.11317697298586782,0.08749091614032234,-0.10262658876367181,0.08135433179049596,0.16688950355705914,-0.25878514635274286,-0.008804315957183007,0.050898709609522585,0.14556262127757402,0.05505253356612827,0.047020330352074605,0.10625561828273679,-0.09703505291860193,0.0881851586095419,0.1498045039356204,0.28451430059655025,0.0686811874404134,0.1109404452865225,0.21840003326935956,-0.19726622072104172,0.25076268111368893,0,0,0
2003-07,2003-06-30T00:00:00,0.05929510053964915,0.21969555541035546,-0.011640279961024347,0.05939000520993485,0.14329281187100756,-0.164665393791262,0.058580865941369575,0.011322214676852127,0.14893066143391676,0.11320536077465704,0.04571522224681542,0.0841481001843244,-0.03673168271057248,0.09162790732718595,-0.05916663247531395,0.21406155121843184,0.21316069442031327,0.0937662584652421,0.19342514629447433,-0.09210457597296451,0.1541048848479345,0,0,0
2003-08,2003-07-31T00:00:00,0.0574583468414227,0.2539453710592412,0.1880911523109483,0.05186464992120635,0.11188547130219866,-0.05114492664223036,0.12173814007578643,0.008133795682467415,0.08077050174789147,0.1725056709415822,0.0455771451462964,0.07917016317320692,-0.021103904624767966,0.08803083304002501,0.06427205240920886,0.16991951382999537,0.4236700354796963,0.11706959914720391,0.18688982993199613,-0.030963942760716123,0.18965454155911665,0,0,0
2003-09,2003-08-29T00:00:00,0.06345998003185116,0.2008759538582976,0.28667020997185344,0.051044989177772504,0.0924277557322304,0.0,0.17940036598392273,0.017873203593487874,0.04240952405959142,0.20747237420916798,0.03158788563674578,0.07104275300885535,-0.0036078954152560794,0.09511311598256111,0.17049506414620486,0.22577003857226363,0.5951731629757191,0.08893588171986669,0.1729143933650844,0.0,0.3407685133640801,1,0,0
2003-10,2003-09-30T00:00:00,-0.08097705146259848,0.0322160851368849,0.2568381636795387,0.061745920744316875,0.09747448379848897,-0.09113178594193683,0.07487630648645438,-0.011944364585525724,0.013895638159796775,0.1601551502217935,0.044231272671364154,0.06993496536197302,-0.04194962118841428,0.06913918392958118,-0.07955093402954216,0.14662658230222236,0.4031486443767409,0.11145731385275491,0.1853061320464014,-0.11232817890206026,0.19361444800489114,0,0,0
2003-11,2003-10-31T00:00:00,0.1108492378989776,0.0831060136522781,0.32975272850553017,0.06232652358801211,0.10492251298356946,-0.00455507682357803,0.19067029947864844,0.02986549340819833,0.0690766906527629,0.1340024551079848,0.030086363608019792,0.06418893549876212,0.0,0.1095733846608491,0.1552618235464991,0.25621755601182006,0.4302338511810091,0.09939331906648621,0.17645065034031127,-0.0036921028813993173,0.3444518631656228,0,0,0
2003-12,2003-11-28T00:00:00,0.01302897193496455,0.04901316657134536,0.29607684925448785,0.07346459626437574,0.11659883099890454,-0.020821282459667856,0.18065523157576768,0.009626819667144071,0.04979111409609893,0.0943122556069027,0.031222203740401425,0.06497645406183239,-0.0007743653040080956,0.09584428585975524,0.06660221586529036,0.16054912101532004,0.42256634083195554,0.08841222956349526,0.17499596285157273,-0.003276694230682553,0.35028975196231027,0,0,1
2004-01,2003-12-30T00:00:00,0.0182496790054254,0.1622749158045278,0.19971886344455236,0.053665033332200546,0.10970587922978664,-0.013926670655203699,0.16261013487968,0.04861091083929514,0.11412999115331246,0.12961153837335648,0.028622930508592034,0.05544398626977098,0.0,0.11903938610865872,-0.03678588017792084,0.21446948173114588,0.39254299114773517,0.08786310582505293,0.1599534609098312,-0.042664320298105296,0.23201389036707387,0,0,1
2004-02,2004-01-30T00:00:00,0.07059493163685038,0.11408728393749823,0.2195647970647261,0.04179185471636184,0.09798567266339284,-0.023635251020290182,0.17144881582609495,0.01936663237688263,0.07920926304638054,0.1421979053744602,0.03182476287863251,0.052477094617994414,-0.020980283663949884,0.11033067951912501,0.009042555802434293,0.03665633178386973,0.32027815225594947,0.09283054704652889,0.15371239295187822,-0.08245793184834238,0.1776987272466406,0,0,1
2004-03,2004-02-27T00:00:00,0.035092051548523795,0.17218862110033828,0.17111640832950137,0.043581027020018724,0.08168362187866524,-0.001559680042779843,0.17513276559987712,0.014585957413850492,0.08639414501729137,0.1486270595056507,0.025762731477502823,0.04927826507223596,-0.011073165639889582,0.1007105293734274,-0.025248916631051888,-0.0354324123379367,0.11635661727324353,0.08281271705725844,0.1502932240822412,-0.10414699385674897,0.10906136233456887,0,1,1
2004-04,2004-03-31T00:00:00,-0.020807176872440603,0.11097093377283063,0.2340228387403176,0.0569246877929497,0.08410605295640236,-0.02967721244960342,0.12893321041010886,-0.019919950513240248,0.01493272238773069,0.13076698501504969,0.0439033070668733,0.06023590371035558,-0.027250940231138165,0.06370646332711005,-0.04531200133209379,-0.04450678203657321,0.1604173532176678,0.09340386915781208,0.1546815782370333,-0.1311513887361755,0.04449244737480473,0,1,1
2004-05,2004-04-30T00:00:00,-0.0121585359948162,0.010978776610762742,0.1532673677969283,0.0636507678949515,0.09609162780815997,-0.07822145043490303,0.07388480814787268,-0.016790751960348183,-0.021067389205325138,0.056473141467790366,0.035765499856785794,0.06227900491796862,-0.04358412841337911,0.03150443349613474,-0.08958774956540394,-0.13790283091747202,-0.10630151105764807,0.08865835894525337,0.15262072798882495,-0.20898958053232797,-0.07204011337589,1,1,1
2004-06,2004-05-31T00:00:00,-0.1086568293108976,-0.07270982802121106,0.04469428046377666,0.12862178078096131,0.1524014311516548,-0.14125159823940514,-0.010097078349324495,0.006095789506330274,-0.03052840288811498,0.058793618413571336,0.0325742315551896,0.0644180821952478,-0.03202732495674465,0.03252740802037124,0.08519795202721925,-0.04726082261561304,-0.0655274464521931,0.063380834450559,0.14323765776019767,-0.12804786575641025,0.00714325709368735,0,1,0
2004-07,2004-06-30T00:00:00,-0.03675060468774405,-0.10161547397236104,-0.02330524338389406,0.0969249130045962,0.16922261875832983,-0.16053460240067963,-0.036908310010186685,0.017988998771432563,0.012280360089008457,0.028265481039426277,0.028155349730295494,0.05499863281322325,-0.014614465694611223,0.03860659476360073,-0.007711797092496142,-0.003983332538588402,-0.049737529583930185,0.09533210571102443,0.1441355037492095,-0.13477218369006572,-0.007322460141999887,1,0,0
2004-08,2004-07-30T00:00:00,-0.05486935058276121,-0.147767831847881,-0.13841136525323294,0.061410640240776575,0.16851788125657935,-0.21443066814802192,-0.10027554807248429,-0.034290519520026264,-0.010925714195538005,-0.02855985315956544,0.027499055845662916,0.050990576604167503,-0.04840384759346161,-0.004777360664915742,-0.1415407536342681,-0.07558608035902459,-0.18553074435994232,0.10883301325369986,0.15953779992827175,-0.25723718087590586,-0.14372685263493878,0,0,0
2004-09,2004-08-31T00:00:00,0.11670531460216793,0.043516102474957075,-0.10636004082630857,0.04010313714043679,0.11649963222042697,-0.14154006215406256,-0.015885716349239964,-0.002150697523372047,-0.01512661583669661,-0.03903923618890337,0.038653915020220996,0.05509510851736976,-0.046227213826537716,-0.0067000421218366135,-0.11396093598319457,-0.2366628981961697,-0.272851998834418,0.09626000985310629,0.17281979556979463,-0.3382324572242259,-0.21808427527841046,0,0,0
2004-10,2004-09-30T00:00:00,0.030593655974278322,0.06273947264113544,-0.04525130258043053,0.046857416861493174,0.09260180953301898,-0.10786698605481715,0.017311342042174216,0.009363875526838816,-0.01271988422490855,-0.010326675563348098,0.027134713796707167,0.05347850730722752,-0.037296204175923164,-0.003154255559277841,0.03552375500952776,-0.17735474549549946,-0.21128260786214814,0.11419110286356353,0.18146250273959072,-0.3147239891614021,-0.16666401921783935,0,0,0
2004-11,2004-10-29T00:00:00,-0.0002993689206676198,0.14266167119759765,-0.04634393887852628,0.07661336666666185,0.10081940051749806,-0.10813406295229389,0.01143347831607211,0.014014243690939843,0.021308087833882272,0.02068084650405755,0.03580142780293391,0.058355389832336846,-0.023804638579051685,0.009648387833752103,0.07300881546524685,-0.015498854625139669,-0.07042033510568058,0.09779116381937582,0.17846237050973043,-0.26469279934332646,-0.08183648714654268,0,0,0
2004-12,2004-11-30T00:00:00,0.05073836940462062,0.09050037245400389,0.0915849047956594,0.05866876297520262,0.10551687012917085,-0.061961840214595276,0.06262775765704176,0.03859493629597055,0.06301162489136014,0.046931856411685846,0.02874984747576295,0.05268330249566098,-0.00874038125619736,0.04581012122282635,0.028186768022286257,0.14244517187338968,-0.12792921353238795,0.06799531252186107,0.1624846040088908,-0.24396686585330007,-0.03368350492775718,0,0,0
2005-01,2004-12-30T00:00:00,0.02180656407776116,0.017119971385180843,0.18598925522031107,0.04605155924872968,0.09651383540961975,-0.04288188230789647,0.0851024368093225,0.03384684564669915,0.08879586631340919,0.07494650894934374,0.02657090629893948,0.05233428385485826,0.0,0.07529134533654203,0.017434625553984784,0.12248827710404875,-0.07659034560342148,0.06282675517494075,0.13279290665800939,-0.2307857112530468,-0.0005171460374513437,0,0,0
2005-02,2005-01-31T00:00:00,0.04105280605239425,0.10160987283519174,0.29615472338163196,0.045390813906485285,0.08528813789775931,-0.003589497853049961,0.12727520700430617,-0.026599668738876092,0.04518675505729908,0.06745768623687054,0.028794649414436872,0.049113371272662895,-0.026599668738876092,0.0410325725188978,-0.0633029209580167,-0.02010917779241206,-0.03529636319431606,0.07580529663691901,0.1187558683884055,-0.23319604159534157,-0.043212151247551955,0,1,0
2005-03,2005-02-28T00:00:00,0.10519070302016975,0.1591651442097155,0.2579574140898089,0.042819901812222,0.07928156904816487,0.0,0.21135688237101347,0.024732813034911816,0.017714413173292254,0.08650708573539267,0.03046461272211316,0.04945029331744951,-0.008199145351933224,0.05360207168881237,0.08313720722929485,0.014501832662021652,0.14356336029236338,0.0797367489906355,0.1266197557927735,-0.15706573993328843,0.044732263784732273,1,1,0
2005-04,2005-03-31T00:00:00,-0.041489646050853035,0.10114257358488454,0.1605336149610881,0.05318865472316356,0.08309711822600628,-0.05583745106860605,0.12618592423382435,-0.024636336049200458,-0.027079802772111305,0.05901499292303192,0.02896882282906653,0.05046878914437001,-0.03649696047118178,0.02542496625635704,-0.06724079718019071,-0.03144962855855005,0.09555460980443153,0.059545998726080775,0.1271106537827055,-0.19608640751691409,0.008079797727250648,1,0,0
2005-05,2005-04-29T00:00:00,-0.04620861777172269,-0.004152538404927464,0.12518677138248324,0.049857759799876424,0.0865737786171026,-0.10900575155165859,0.03888913007635875,-0.020108582083263493,-0.012387318968617556,0.026085677027731125,0.04354618410402753,0.060381107038619326,-0.05587164042902093,0.0013276242037500996,-0.0751576706200443,-0.03457166638463405,-0.06477348046345044,0.06860823914357113,0.1239458172329799,-0.21201039821258194,-0.053860302090965706,0,0,0
2005-06,2005-05-31T00:00:00,0.06464395365828834,-0.04068775112217038,0.11200132131261586,0.04156006679038175,0.08407974061750077,-0.05140836064516252,0.08013017166208991,0.02995204663120865,-0.015622833292606608,0.010970968461948338,0.029284137467295076,0.05970485744494619,-0.027593063777304416,0.02298834641168801,0.11227802151131216,-0.0404875876975076,-0.0021866114805551007,0.04790387835703477,0.10605960884905326,-0.12353648475240397,0.04981374641950631,0,0,0
2005-07,2005-06-30T00:00:00,0.03911519187847001,0.0551676804270933,0.14574051359789264,0.0353932353823064,0.07489748209343002,-0.014304016657485596,0.09737108612887235,-0.009058254657064446,0.015695794614823066,-0.01830999289637414,0.021900987252247855,0.05682593030284923,-0.02773184003570528,0.01371049343509867,-0.030177451272583977,0.019089553232364498,-0.028266016243961745,0.04958752162971968,0.09944107030453461,-0.0836194057390478,0.011443470988536708,0,0,0
2005-08,2005-07-29T00:00:00,0.10229533870135499,0.2194557817935201,0.2143919448265117,0.02839117451427629,0.061227984938849934,0.0,0.1821789894406891,0.028611975516551702,0.06684538164582032,0.053630027613177145,0.0263545563032907,0.044880042651392234,-0.00767047021589129,0.04126596110709024,0.12594633680421263,0.23023469454210543,0.18770343110759335,0.04887384055169875,0.08671152599730356,-0.005450289403285513,0.12703291581134435,1,0,0
2005-09,2005-08-31T00:00:00,-0.029256819105615506,0.11739945451061207,0.07528683155634197,0.057173697340837444,0.07443701061709955,-0.04148751204534684,0.11825421000546177,-0.019121981123902065,0.013318981700350285,0.008145584434312791,0.02568073236252674,0.04277768603320667,-0.019846817959701002,0.02067150671677842,-0.025606770659088007,0.07653326087948487,0.09053447206986975,0.051955287470730846,0.0907293049746869,-0.025606770659088007,0.10644955590975225,0,0,0
2005-10,2005-09-30T00:00:00,0.12708967654909675,0.19939685501257842,0.2644043772537479,0.04645099615791723,0.0813012540604945,-0.008292556310363741,0.22057633975199153,0.00694902431673361,0.028775090313067686,0.044799904512559996,0.026272918930449144,0.04492091853402707,-0.013035709663579143,0.024106911197354197,0.003313999628957731,0.13344149162382113,0.16095938580226776,0.04741234096841687,0.0903249414157413,-0.022377631858593316,0.10036503478736836,1,0,0
2005-11,2005-10-31T00:00:00,-0.0593801165439275,0.04213116706108555,0.2708328770598696,0.0690593716476849,0.10341377298914509,-0.06924544739263772,0.12246025608625843,-0.01774077993231349,-0.029828300724374257,0.03947739270345085,0.043525244460085905,0.05621575587695587,-0.030545225939489606,0.006417388160468329,-0.08979212323934216,-0.11016042002028392,0.12350688099768736,0.06248546871583119,0.09382314587986637,-0.11016042002028392,-0.005624585627826417,0,0,0
2005-12,2005-11-30T00:00:00,0.09124857621419902,0.1976406026205686,0.33824295606798405,0.04758964657303593,0.1012207712397299,0.0,0.2144514937653892,0.035186096519093324,0.023887002256589795,0.03752413450287184,0.02249814877936587,0.05528370623834965,-0.014799936551350257,0.03734306634479179,0.1132581322599513,0.016654384482190032,0.09446225971403743,0.051304263564550666,0.09735118423091547,-0.009378851180801728,0.09243885699119092,0,0,0
2006-01,2005-12-29T00:00:00,0.0631474730322672,0.1296958944521347,0.3549537029265122,0.027681413816437572,0.09313016868156455,0.0,0.24898230068774763,-0.002433387863794767,0.021780911202024855,0.05295769452449561,0.021721563436619337,0.052952913091174954,-0.014394099682283779,0.03651525659235122,0.013073271757244376,0.0335363563335036,0.1501658233133698,0.06638791749099443,0.10854035151409511,-0.04665835263505724,0.0783465774372969,0,0,1
2006-02,2006-01-31T00:00:00,0.014832830212289538,0.17736659535160504,0.2543504189624537,0.06671623602506987,0.08583568763418782,-0.01544537688721781,0.2204511036024992,0.020455597973922046,0.06814856313423912,0.03620834690795549,0.032057146419489875,0.044269066877249456,-0.010895004613785675,0.04858757743241804,0.11848544678747408,0.26888222643932624,0.1364757275982047,0.08404815699663733,0.11871483020364369,-0.021419085455316345,0.17554178151199507,0,0,1
2006-03,2006-02-28T00:00:00,-0.009367663535383763,0.07207394252339139,0.27874062758305884,0.05623293135887103,0.09111111471671883,-0.035307655745913435,0.1543589968218806,-0.0023836479865320115,0.009785163950078779,0.06270024074725544,0.02643345154503946,0.04693443939933981,-0.010446784040970658,0.0396139058490681,-0.05031669792598337,0.07961044604117196,0.12751608729940078,0.05810505565128469,0.12230540789529006,-0.05031669792598337,0.10769455331398792,0,1,1
2006-04,2006-03-31T00:00:00,-0.005922333753830444,-0.014332644324027366,0.11350436500263839,0.052283407933197315,0.09956860659569398,-0.04374068024669053,0.1068804613126193,0.0044448084797932275,0.03224593816649701,0.05472919528435227,0.02225600780556971,0.04700421319280017,-0.009470265735561312,0.04130863550350572,-0.08537587363267518,0.03661824459851526,0.07138264343118217,0.0655785411155603,0.1304422489604184,-0.09304601794638201,0.03710172271730405,0,1,1
2006-05,2006-04-28T00:00:00,0.060972667230004385,0.025401514117575186,0.22590254675834487,0.048711672737750525,0.08896987457128766,-0.0225813223593061,0.11938592290008554,0.005925266612169189,0.020946947357770807,0.10007720456956792,0.025317956940055064,0.042683865139937036,-0.0007243840920302391,0.046289229856509406,0.022308739894368212,-0.06171607278396485,0.17591789647946765,0.06680677575001163,0.11825801877020253,-0.06171607278396485,0.05593578201089433,1,1,1
2006-06,2006-05-30T00:00:00,-0.09282429650715518,-0.0415891230564599,0.018519919858981382,0.06783274680910599,0.09602080394357379,-0.10036185218848981,0.015329107723919488,-0.038714789908123826,-0.01623384700672481,-0.006607533911147212,0.035694307456281986,0.049551314516154035,-0.04969980551765618,0.0008832470231296963,-0.1165385905602433,-0.1271430812960186,-0.05765455266787156,0.07307923129646471,0.12752231378562331,-0.17106235920705148,-0.07116958963978648,0,0,0
2006-07,2006-06-30T00:00:00,-0.01711309675450623,-0.0281904279330647,-0.057078389302924415,0.08328696750321289,0.11651412419912187,-0.11575744685603306,-0.013080030445656976,-0.012063381506600135,-0.019052139626634768,0.012579444423522324,0.04517002583504143,0.06405396988033901,-0.04190808154152437,0.006258258315427145,-0.07076738717496434,-0.11594114556875779,-0.08356846219771141,0.08972493673637492,0.1369322113555159,-0.19819930160382504,-0.09724187624802527,0,0,0
2006-08,2006-07-31T00:00:00,0.027552949454219933,-0.10570418510692026,-0.03334601082311517,0.06184733271482811,0.12050502468815256,-0.11393460124668908,-0.01653425325709168,0.0029775539348393387,-0.02185881634654918,-0.006637079043140592,0.03906552490251176,0.0704026497006264,-0.03703534216167648,0.007516546780288014,-0.07488177747633584,-0.1938438665397033,-0.24541131669904026,0.09534095118905826,0.15147076765105108,-0.2507668586763133,-0.14771728037487286,0,0,0
2006-09,2006-08-31T00:00:00,0.0507861092676094,0.026591819352605794,-0.016103234151204737,0.04015041416770888,0.10742227627690011,-0.07643883707917332,0.014709738697916253,0.02067457699777231,0.012109714133233584,0.012888113291356973,0.02043851667821717,0.06259855912840441,-0.016549046067878548,0.021178073928727947,0.09898226462583049,-0.053576304651395845,-0.16467704870327826,0.07630014922451214,0.1534759984033313,-0.18458546201912696,-0.06839514416080295,0,0,0
2006-10,2006-09-29T00:00:00,0.013801650043684832,0.058881217100795524,0.029030902460439822,0.03689556743549365,0.07811824466053043,-0.0636921691146014,0.023478210016802947,0.023349686742274,0.051684795258805094,0.03164794969632556,0.02276845733407027,0.04928187455222713,-0.0022631074374287463,0.04123603683207344,0.0021157975786096905,0.029385155642618788,-0.08996293853406045,0.07622826821269346,0.14512749381001333,-0.1746382632870931,-0.05079595804579051,0,0,0
2006-11,2006-10-31T00:00:00,0.0033234703895375084,0.05202502974656387,-0.0465359846625476,0.038611735402572164,0.06635884265339256,-0.06837571221574923,0.0192685117997633,0.03501787473937923,0.07869822886675504,0.05337426730703543,0.02001626237836408,0.03625945554300922,-0.008019707288900557,0.06567471139964232,0.010788780250275742,0.12080439304991208,-0.11906315271475942,0.06597896613151853,0.12493124375349562,-0.16839404443265638,-0.03345947555323425,0,0,0
2006-12,2006-11-30T00:00:00,0.042099891861164807,0.06773771722914623,0.0774815248825187,0.027681116948162925,0.05981207438166721,-0.022182010867400126,0.06609323909869613,0.016466656343095964,0.07425109492249393,0.0872599685893185,0.02462598972781431,0.038726955463971195,-0.003883080791572735,0.07298789393412974,0.04557553083691457,0.06633717935975847,0.009206773777269861,0.06305132591473885,0.11672768773257061,-0.13049316156053514,0.024689580922821586,0,0,0
2007-01,2006-12-28T00:00:00,0.016287976869194365,0.06733036615917354,0.14983079983185665,0.038691635442944745,0.06121331464995452,-0.0206458600685967,0.061720127913958756,0.027410011082736663,0.06412073917964856,0.11930518115291222,0.02016185174237021,0.036631058874660345,-0.0016537046774104391,0.08123198588006697,-0.019771750248769315,0.01929932403948431,0.05116880535487489,0.04635767480718511,0.10179178912841556,-0.14868123130354394,0.013367813837023235,1,0,0
2007-02,2007-01-31T00:00:00,-0.05227626268854746,-0.0031659288445191613,0.048694393359733024,0.042462011899495784,0.0641152553897694,-0.07132516842069991,0.004261767993618992,0.009482505422662602,0.044215680896031895,0.12656459176973445,0.022129532721813512,0.037286905502298844,-0.0013123916882706865,0.08080603425932886,-0.021471230968483468,0.014635969032123608,0.11185672501648769,0.05853222878694475,0.09725898589341754,-0.16326938262438717,0.0002480147442456282,0,0,0
2007-03,2007-02-28T00:00:00,0.03979164493129672,-0.005466195389760675,0.06619023722145978,0.046076816456367665,0.07400444118424218,-0.03584284839525664,0.04610718125069724,-0.00971410290968533,0.004190010579804948,0.08627198373665101,0.040339741787018234,0.05105602123465512,-0.03621348889949483,0.04717252315674214,0.028941999627738912,-0.03224817446777595,0.09190893294098434,0.05519398909851138,0.0946572128507028,-0.13315270856155836,0.042029603906913904,0,0,1
2007-04,2007-03-30T00:00:00,-0.0014092718219569367,0.012992359623869687,0.07725570207811394,0.05658385160773898,0.08019185169229703,-0.011890900267602533,0.06544621730793065,0.012607125902225569,-0.004191066000391985,0.06304852025395125,0.04063253221939508,0.059953450537424374,-0.026594915961674515,0.045617235902814635,-0.008645098303731391,-0.009362286709908685,0.021502114107502024,0.05061226864217839,0.09417606752085729,-0.12040427345272764,0.02288514281791132,0,0,1
2007-05,2007-04-30T00:00:00,0.061746541180188075,0.12463086175948135,0.12273138195605937,0.03244562530037241,0.07458560165917345,-0.00929522587136955,0.10837298278454899,0.04206587178331134,0.043466937120581806,0.07245592346861907,0.02290990038666758,0.06123627243632332,-0.00872667775248992,0.07449626241170337,0.06074758775453826,0.07107313880938948,0.08103250728823941,0.05195267653024472,0.09078692237696659,-0.06806064928694433,0.07297020887449723,0,0,1
2007-06,2007-05-31T00:00:00,0.10288284894052024,0.16933181818219967,0.19636643915948837,0.029834820128148292,0.0722296406754299,0.0,0.19252687936935442,0.029818976541114095,0.09083001145999536,0.10757188224095793,0.026073630470082362,0.052707072661986286,0.0,0.08790437951686703,-0.011879454919115129,0.039669537059203286,0.02180649068222018,0.046629576332774224,0.08574974582680664,-0.04191355432718202,0.04062346875148237,0,1,1
2007-07,2007-06-29T00:00:00,0.04864319086070168,0.2016954645318405,0.2129475595872865,0.05469893672914293,0.066671260605842,-0.03553945342128073,0.18717631230130793,-0.01781632254788501,0.05805638210999686,0.053621997980437985,0.03913054168390527,0.05234441753358786,-0.023278678825530696,0.05159427694428187,0.026420336784650056,0.07644391987885535,0.06636594327381129,0.0656353676992722,0.09491797318113146,-0.02212682212271344,0.0553667537095055,0,1,1
2007-08,2007-07-31T00:00:00,0.10878071036997672,0.2533192406272584,0.39852863220688484,0.07080410080403216,0.09135571074663061,-0.03540028151050911,0.2658309596174093,-0.03198187836198829,-0.020877365456147712,0.018511830906954962,0.04998635611205692,0.06823888051502743,-0.06297804317293842,0.004134071188306887,-0.0041504052092036225,0.01001756954756683,0.08370787548075298,0.06997519182623589,0.10512931403207372,-0.08692079611574377,0.0362925356495416,1,1,1
2007-09,2007-08-31T00:00:00,0.009044164671340171,0.10131632631457688,0.28780422224316493,0.11879797590297066,0.15151200251684357,-0.0653520982643434,0.1880601533268771,0.0012158939830659854,-0.04235376057491802,0.07267923869244797,0.07290350204822331,0.09558481157691813,-0.05092459374804237,0.010625206476127413,-0.005378606392624996,0.014272897735001289,0.08635075141289583,0.07280598983046126,0.11862479036133652,-0.0899211877260595,0.02424553670652374,0,1,1
2007-10,2007-09-28T00:00:00,0.07956048919929293,0.11256033045326808,0.3426129346350395,0.06325009814028627,0.15572630708559138,-0.02880920811008514,0.20439768707884398,0.04303300391739828,0.01556525412849541,0.07452529857981549,0.0449371780551341,0.09784790131508457,-0.016953380894550896,0.040338277131016564,0.021968365718008975,-0.002135061290605589,0.0741456461340142,0.056872267684506955,0.11319515221132616,-0.08507295821896477,0.026900774402152106,0,1,1
2007-11,2007-10-31T00:00:00,0.05206175843267968,0.09644658073868606,0.33599691528713116,0.07386831021305819,0.15659848031957702,0.0,0.22822411240172502,0.0017780593880358797,0.052424980485498596,0.03127682544227417,0.03976404566678672,0.09329133670315526,-0.010075723914807266,0.045973084250106044,-0.0841551603247962,-0.07346087992257877,-0.07394232282191993,0.07474261198975266,0.11781195521217444,-0.1522164842371544,-0.05080394400435373,1,1,1
2007-12,2007-11-30T00:00:00,-0.0761654084356641,0.04370304357951538,0.14694905764630395,0.09406994434350845,0.1350291967376694,-0.0769305712974303,0.09487986880003119,-0.04404341737941575,0.004850795772992633,-0.0377084142446924,0.07635152341085653,0.09661755405386094,-0.053675371980443476,-0.0018940221333709761,-0.1053324986150227,-0.16657288409148552,-0.15467746409654615,0.07059943482886843,0.11716196288394487,-0.24151564023708338,-0.1448142423103258,0,1,1
2008-01,2007-12-28T00:00:00,0.020077516835790288,-0.024752232937623075,0.0793068480159207,0.06234430709690469,0.13088812435686686,-0.08122628028243384,0.0639213072029654,0.00644645449157788,-0.03160963469174716,-0.016536392560137725,0.04976187058619381,0.0988096181304484,-0.05536851600671955,-0.00789136619214148,-0.024367656959860207,-0.18016758336161298,-0.18191797581916125,0.05447447554577701,0.11585568309013623,-0.24991315228884337,-0.14499312363007366,1,1,1
2008-02,2008-01-31T00:00:00,-0.12342922845922755,-0.208388370058055,-0.17257605070959114,0.09127523324018456,0.1423591106000354,-0.21317288090062148,-0.10444107928105006,-0.06116343227776988,-0.09958718289641078,-0.05953022989168144,0.06992194375455112,0.11407256164064591,-0.1192217823692614,-0.07144044812068773,-0.1201843140818456,-0.2184268162437526,-0.2833187128152319,0.09594070455452601,0.1301953607532044,-0.3432006030821194,-0.23219601015619773,0,0,1
2008-03,2008-02-29T00:00:00,0.051887030249198496,-0.03455395153473695,-0.02721227898994738,0.08287966589279773,0.14384995006621365,-0.17106815789679042,-0.06360279355616139,-0.01857196260739824,-0.09420566963586818,-0.09095070502993796,0.06056308085469637,0.10243316714972074,-0.14983868375112863,-0.09524964774315703,-0.029988043362331074,-0.1717631328232474,-0.2887358679084159,0.10932639447167856,0.15380806096941982,-0.3632339217835723,-0.23226556510855811,0,0,1
2008-04,2008-03-31T00:00:00,-0.004457768023614417,-0.10632394037074622,-0.10737726816794835,0.0648802901532945,0.13658465511888448,-0.1747633437562739,-0.06840215906169855,-0.03288788369547224,-0.10402573128738135,-0.1362692819845892,0.08590870224287028,0.12044602538758267,-0.15490532502336463,-0.08816576254724917,-0.038790466152542225,-0.1629390100032353,-0.3105895240581692,0.0996135262093602,0.1724585331872184,-0.37075324183997216,-0.21684049741953004,0,1,1
2008-05,2008-04-30T00:00:00,0.07129148713604883,0.12185426190965609,-0.07652967208644235,0.044072552599633025,0.11287447430745337,-0.11593099529347839,-0.002410964415585415,0.011246632928015199,0.021964660195433527,-0.1008384382781985,0.041094521095022596,0.11375970169353591,-0.11472386403403789,-0.033738492722435454,0.07448533404983149,0.07343721268305137,-0.16006628202911544,0.10401203257483199,0.1815105158581243,-0.2953402280719719,-0.0919059625825106,0,1,1
2008-06,2008-05-30T00:00:00,0.015824072845946224,0.07619894575865804,0.02491991075779798,0.04956713269208256,0.09308819366518821,-0.10307289539641507,0.016266128680791248,0.01067418170406853,0.05241877888222035,-0.046725036919741836,0.04142634421506452,0.10491004311357939,-0.10527426570046161,-0.017408960084899006,0.07799358256127542,0.19293212690472927,-0.011969632457926815,0.06906382034448957,0.16062521097166627,-0.2403812879724937,0.005331408939932558,1,1,1
2008-07,2008-06-30T00:00:00,-0.09032050999007246,-0.002827936365908501,-0.09187416387193426,0.04824882661769126,0.08536839327666824,-0.18884182157026097,-0.07824012979591854,-0.08596238482631446,-0.06581620675815392,-0.13425183230554694,0.05663890202467466,0.08198334565349702,-0.18218702358632533,-0.09404557258797985,-0.11324667184211068,0.027116000257789485,-0.10197809350099651,0.0916398226697812,0.15625402916390366,-0.32640557897859945,-0.08504898857916643,1,1,1
2008-08,2008-07-31T00:00:00,-0.017818386348635307,-0.11970122420044893,-0.05775195624017304,0.07993581976864321,0.10790327773184678,-0.22770662831390276,-0.10303895405340135,-0.013643001323486836,-0.10072797506659192,-0.08064273331230576,0.06831585051036997,0.0960243050850067,-0.19025014528094497,-0.0832183421720748,-0.06879035789954957,-0.14846741593523927,-0.050529288714310616,0.10216869492314488,0.14866577938179684,-0.32955688736191957,-0.11787886950326087,1,1,1
2008-09,2008-08-29T00:00:00,-0.06557644934998741,-0.20398269204049524,-0.143327012368336,0.05167102764513466,0.10684609430868028,-0.2860305007575412,-0.14801886923927787,0.012190464669121548,-0.07421686594148802,-0.03643698154568298,0.060088872750137724,0.10642961485074835,-0.18037891828616603,-0.05569185821586631,0.03508778526854872,-0.13801273013442172,0.021186707161269913,0.07040567924311064,0.1532339155225343,-0.30603252339089726,-0.061784410716393734,0,1,1
2008-10,2008-09-30T00:00:00,-0.01775825633142869,-0.1310561954461149,-0.1361260517407895,0.11997240049813701,0.1523595340231404,-0.29870935413791055,-0.13933703614463,-0.09079143354379215,-0.09226330690444784,-0.14710466288535207,0.15700185355731847,0.17919070595680095,-0.2547934912576787,-0.1246426347874835,-0.13017967156713584,-0.16159434082524682,-0.15040691652916072,0.13625974760982523,0.18317453902485126,-0.3934620354802958,-0.16092875539592544,1,1,1
2008-11,2008-10-31T00:00:00,-0.2268644726791087,-0.3020123110609324,-0.385562291903781,0.24905719604798604,0.2783859922703751,-0.46094873431386063,-0.3076392892550236,-0.13060453877891565,-0.2243857195493697,-0.31171801808787014,0.24215505176567548,0.29305615283681535,-0.36277767268034533,-0.24239479763409566,-0.17009179916333927,-0.2950544815560461,-0.3965881921590907,0.21708906944795167,0.2672196253684689,-0.4770598016054167,-0.31474440980197516,1,1,1
2008-12,2008-11-28T00:00:00,-0.007974430864820747,-0.27008495671183863,-0.41897499220261236,0.16332495489123475,0.3169673454235232,-0.44906489344089506,-0.304608724861988,-0.03639436575353572,-0.301357139343129,-0.35320822287347764,0.19748348935461355,0.34439519145201536,-0.4087970570936964,-0.2740017092186767,-0.1225989052355867,-0.438127086395658,-0.5156727011907754,0.2179621817518457,0.3291840892515832,-0.5413765055103203,-0.4083085569302538,0,1,1
2009-01,2008-12-30T00:00:00,0.044978511462916426,-0.22346454898070456,-0.3252343308203264,0.12380464488816086,0.31931432555353056,-0.4141768363840471,-0.24400490900478145,-0.0062482991687004,-0.23639354415953995,-0.306846400948966,0.14451074526878244,0.33962943346377344,-0.38456010834123777,-0.24949246375520973,0.06567790886245128,-0.3116100738929286,-0.42284999023294123,0.17601821560399447,0.3502270078185238,-0.4989921318105738,-0.3392848746627921,0,1,1
2009-02,2009-01-30T00:00:00,0.03958456388085452,0.1630870096749364,-0.27290419326318593,0.11586287818991944,0.26211684170434346,-0.38476240822737673,-0.1918193813908139,-0.07271176760589149,-0.11204294096667045,-0.3483564505507747,0.11198039722822803,0.2649957278424858,-0.4210972697502934,-0.2733158989941602,-0.014200511587644349,-0.07825089733348711,-0.3890160081652386,0.16361185813601167,0.3204822985031454,-0.5061066998482987,-0.3167892367636297,1,1,1
2009-03,2009-02-27T00:00:00,-0.08874813476956944,0.08106213783807847,-0.28667671243289716,0.0901468799246259,0.19897107342750306,-0.43721674931763277,-0.22503658077693345,-0.1590225213986839,-0.142642188156479,-0.42645474833273156,0.10371396589426732,0.20924161622990314,-0.4847367401922469,-0.31969701744573165,-0.10597958904712468,0.06405729576439301,-0.44538892072676084,0.14752341014841205,0.28495980655391756,-0.5280669868309131,-0.30792141452263855,0,0,0
2009-04,2009-03-31T00:00:00,0.18398917625094335,0.0790796929601707,-0.18293332407261564,0.072000918985232,0.1714536881312826,-0.3613887559572837,-0.06903064930538516,0.13848061810266032,-0.08229623104989359,-0.27887243232496595,0.13468466657049724,0.20909575837910135,-0.4407309587024094,-0.2110810006874626,0.22194000196054087,0.1434018675488733,-0.22411876271779452,0.16707995529764796,0.2800555561825466,-0.45239168945153685,-0.13419652468034637,0,0,0
2009-05,2009-04-30T00:00:00,0.11026788740939564,0.19391433248891476,0.41321199495779815,0.083880831060351,0.15354882850551813,-0.27504130394110526,0.08795862110272124,0.09392507914826331,0.032740116939873554,-0.07198223464299125,0.08655091902576112,0.19741520085630176,-0.38820156973335995,-0.09580924639135546,0.11961367926529443,0.21758581712349012,0.1123875681150206,0.1291029448408453,0.25924419572777424,-0.3868902446305833,0.017610484230146106,0,0,0
2009-06,2009-05-29T00:00:00,0.07356336148130715,0.31312378406819574,0.4195684052507911,0.06954744394116576,0.13540719493316905,-0.24628783710354274,0.12279437166792828,0.052080947801263155,0.25037747904197327,0.07202089940984435,0.08096709534190324,0.1841669456204227,-0.3453652058802408,-0.010193970702583766,0.07855294878597241,0.36336682190248126,0.4507004136484489,0.11785945624285832,0.24451652302131785,-0.3502023846147493,0.10984934378771505,0,0,0
2009-07,2009-06-30T00:00:00,-0.01768781692368493,0.15238003003942047,0.24350988898837,0.06390769126978585,0.12331882762447449,-0.17006787797779233,0.12794399913569476,-0.024976919315416124,0.15221779606988894,0.05739461410472213,0.05401634609243277,0.13160819974139323,-0.2957128940396688,0.03196549073746069,-0.07896117823426152,0.1396214530469273,0.30304529771261723,0.0923498853952746,0.20217091451496266,-0.3021559933913245,0.11723752880848215,0,0,0
2009-08,2009-07-31T00:00:00,0.10330295902980269,0.11400508620464578,0.33879823283485844,0.055227060744285586,0.10349357551926291,-0.023440588869614754,0.25713041938263226,0.06947674416683047,0.12530763799125388,0.1956700424159894,0.06083842917269622,0.11646262396105728,-0.2434958315958553,0.13351659039188912,0.13002772320137201,0.16867418328040018,0.448861990748159,0.07821629316372329,0.17557645527671356,-0.1998196898227934,0.28845967397576056,0,0,0
2009-09,2009-08-31T00:00:00,0.022192357015423214,0.12506976450849416,0.5027943667373556,0.0496861718584662,0.09905761361476809,-0.01379700369155834,0.23556556720434751,0.03356018886854417,0.08031840047756189,0.4657130528174578,0.047206756098939824,0.09372552242241548,-0.20113023824436138,0.1601462628226995,0.014714663568317521,0.10818336967114606,0.5989345861014739,0.07323254252858627,0.1390917720195432,-0.12612382069596484,0.2666336385242436,0,1,0
2009-10,2009-09-30T00:00:00,0.030855269827832377,0.17823439383655137,0.30332230936587146,0.044066463521268265,0.08760792399488684,-0.02661034516920413,0.23491649918801105,0.03572334572311964,0.1448560498297211,0.30329922298849366,0.044082427572550695,0.08750073874682533,-0.08955617908775615,0.17565812908196854,0.0639166757866565,0.21994612164904637,0.39364247601819646,0.06929255900174665,0.12665883017005575,-0.016009629930218372,0.2779258189876137,1,0,0
2009-11,2009-10-30T00:00:00,-0.05525543136425026,0.01003844211016336,0.1343715216157626,0.05447881061308489,0.08789123238626705,-0.08039541043237852,0.12576438944874457,0.006156203302044361,0.03347190524919519,0.14213433331853276,0.058250544852613786,0.08863488042626176,-0.056215983871166775,0.12758701592398403,-0.04310099627875952,-0.03390659903139337,0.09244585718075182,0.09030734515797732,0.14172143692775532,-0.11330012049749194,0.11276718753522363,0,0,0
2009-12,2009-11-30T00:00:00,-0.015872794001580925,-0.04156351618082521,0.12876772973083583,0.06880252348905848,0.09754153389060333,-0.09499210464549379,0.07385454561337346,0.02768946913250736,0.07349455245290626,0.15971591782729977,0.05373248335285739,0.08858672797206602,-0.013505847972820395,0.16084377097180558,0.009080185961954257,0.012639608105567746,0.12219037317289683,0.07694015427235747,0.14038656060079463,-0.07312194331581945,0.1226009877933083,0,0,0
2010-01,2009-12-30T00:00:00,0.08174983668112512,0.005755647942492059,0.18501589620121028,0.030045009653874234,0.09373210354690022,-0.02100785700513419,0.11664738435763633,0.028102588396886174,0.06559587805393763,0.21995388766366442,0.028887695432525097,0.08226856355295264,-0.001205895933811152,0.1461975696775757,0.16558628891077487,0.10940910099290102,0.35341933007844495,0.05491497181354412,0.13691957216146866,0.0,0.24209624942742014,1,0,0
2010-02,2010-01-29T00:00:00,-0.04188386562222368,0.010455010486646987,0.02898626043714514,0.05122360116798831,0.09142374340588973,-0.069442079532954,0.03490541438756578,-0.04646595482466076,0.029962680997163815,0.08828983543672408,0.04570698343706646,0.07940021999463065,-0.06638671104751048,0.06000973221204409,-0.11261156206511935,0.05083452559005175,0.04989211141101002,0.09503849160716255,0.1392678063523285,-0.14036658610650043,0.046256846228474036,0,0,0
2010-03,2010-02-26T00:00:00,-0.01900978466997283,-0.010732839154104834,-0.0029699937664630083,0.0626209170933107,0.0978481100867163,-0.07400076247424447,0.015599841155035099,0.006369011603075236,-0.001049187495204218,0.07428120791336479,0.05231691069122506,0.07563602435170355,-0.03976595203659594,0.06916131961410943,0.004178317064828629,0.0843519531250001,0.11838673313742354,0.09411289365235447,0.141161768084319,-0.07838339833092878,0.09471779584408457,0,1,0
2010-04,2010-03-31T00:00:00,0.04812644305298819,0.00430710309911686,0.010324923907771177,0.033403542577165185,0.08448154085615273,-0.016933719324695673,0.05867904806902646,0.04571182627246495,0.038385814609634084,0.10260139906499588,0.02121213647073697,0.07180204392649615,-0.004036885678370905,0.10332718686573616,0.04917139000972326,0.029170685782722083,0.13489166354247284,0.0623436331870663,0.14385473345695196,-0.015840185456944766,0.14458270336751666,0,1,0
2010-05,2010-04-30T00:00:00,0.013023734753459859,0.08682438560148853,0.09818714595009581,0.0363681451036483,0.07660825806494446,-0.006072305030603964,0.06511962626006285,0.014759230482012997,0.10505922206789187,0.13816975902168593,0.04326012560769435,0.06862286524233796,-0.025129869179152164,0.08816433525049794,0.025915922771056366,0.18983136207053364,0.25031587489355434,0.09005633867964244,0.13670898757568545,-0.06172498287236039,0.12818746080565635,1,1,0
2010-06,2010-05-31T00:00:00,-0.053439931918685124,0.029267923360070114,0.018220956292166912,0.06653966912304203,0.08500513957786743,-0.06332037111270972,-0.002930669847871603,-0.09725881458742125,-0.023572368875969696,-0.019106246553607265,0.0912221609775653,0.10292357762080805,-0.10504566906519264,-0.014003183542938502,-0.09724090016978826,0.017683393846588347,0.12875688785978778,0.13707746766521592,0.16811600259834655,-0.1126468755058535,0.04869769817951086,0,0,0
2010-07,2010-06-30T00:00:00,0.03475402227722779,-0.001117464759366027,0.009480885888845991,0.04211804923286918,0.08763434823085033,-0.030766986423735432,0.025467427520093233,-0.037358389722064844,-0.11862196660094271,-0.08478955280988265,0.07415693475804673,0.12456140004795313,-0.15326799410908065,-0.07320473149691642,-0.04404360692662401,-0.09348833468783857,-0.06704476774064527,0.11774048525583686,0.19571195058070362,-0.1709288944460764,-0.035466873681302524,0,0,0
2010-08,2010-07-30T00:00:00,0.04334493680828522,0.017883333520490652,0.07117496546024848,0.034278222174926855,0.08634594775457151,-0.007973078136096934,0.057417081075143095,0.06877784957463517,-0.07170362101449956,0.025822474410157836,0.057304250972126616,0.13134714677080891,-0.09503158757788588,-0.011477240332834926,0.04968405167655665,-0.0724865297277576,0.10358461567278954,0.08839773254826598,0.19533698529613033,-0.12973728279419527,0.0030517674725256683,0,0,0
2010-09,2010-08-31T00:00:00,-0.022173979867340265,0.04868701911362994,0.07415378253661031,0.04203342669761402,0.06705837105363469,-0.026722872913186313,0.03696930187116987,-0.06797473068818383,-0.04465672045200619,-0.062085003068151345,0.04572348336634,0.10406113297240431,-0.1379715999606096,-0.05957687035297354,-0.13368459987787462,-0.14633542528133026,-0.11224992184920124,0.07317725809943836,0.1611155072844405,-0.23282854193420277,-0.12108953316596993,0,0,0
2010-10,2010-09-30T00:00:00,0.0828245306014248,0.1027621993399841,0.10152990144426077,0.030722440255503365,0.06188923205367278,0.0,0.10095759258507386,0.08755110305113556,0.11079743091163907,-0.03132164092925138,0.04573938820798253,0.09122895490855741,-0.06250006267575536,0.020896810248336894,0.1357767775405545,0.04842245982446003,-0.04821083801954862,0.07386383919137697,0.1420800806932433,-0.12866447353694022,-0.004393790893299165,0,0,0
2010-11,2010-10-29T00:00:00,0.005414266402295365,0.06328488998692983,0.08595596891086577,0.037007861552764504,0.06339263161691752,-0.01899546337601321,0.09235304578198478,0.03685599403554063,0.05098327070940245,-0.015803569814905494,0.03265902743101577,0.0753874684795808,-0.02794757057741315,0.05408021567431365,0.06700270607142889,0.04986761730231626,-0.03453632803095319,0.05501515264359904,0.12381007510478616,-0.07028263536774215,0.06285976384257297,0,0,0
2010-12,2010-11-30T00:00:00,-0.005280082623816185,0.0820962085750141,0.16819797372568335,0.04105175671903117,0.06363938044796127,-0.0321264179116606,0.08518781471340975,-0.002290249746576656,0.12505131681059023,0.0748102146616183,0.04271708408185725,0.07074315802750064,-0.0369538913080778,0.04129565765406307,0.04690849018251919,0.2687242105664327,0.08306491364847379,0.059625090772529074,0.10877148668881717,-0.02667099749637236,0.09498346071745156,0,0,0
2011-01,2010-12-30T00:00:00,0.06306888286983314,0.0913695903071774,0.2268067530553175,0.025635570020529297,0.06405612856350461,0.0,0.14192852154220037,0.06550332714097906,0.10224330415640237,0.22436903049648804,0.025880556044061788,0.059585094311944774,-0.0015082191889665975,0.09783666522148748,0.05685428317797103,0.1805635073929368,0.23772929639989493,0.043816440821473526,0.09075258418789914,-0.0105354451095927,0.1359877323429044,0,0,0
2011-02,2011-01-31T00:00:00,0.009132121145173144,0.0790859097396075,0.16128866994750002,0.03569436474835018,0.06130512775774267,-0.021723391522555313,0.127015253484696,0.02245046437239928,0.08692931773460044,0.14234452938264974,0.02967852543901232,0.058068707005834115,-0.01032676450276504,0.112281518903802,0.06842110795021794,0.1821328693892914,0.24108301892048556,0.06532106240040855,0.09715000932671886,-0.024535500480784123,0.19284819289421695,1,0,0
2011-03,2011-02-28T00:00:00,-0.07062442962442961,0.0060279687465862875,0.11788747062217664,0.05032145963345838,0.06829183119017515,-0.08337227923902812,0.042255638756793834,0.02129979131739068,0.11587350215244618,0.24669592360890302,0.03861795380906748,0.051438819286247814,-0.011757201322167066,0.13478010564082554,0.016264838587451536,0.15804357379697231,0.425348027094024,0.07655872877777495,0.10502914583504812,-0.030852470448953784,0.2168178776743661,0,0,1
2011-04,2011-03-31T00:00:00,0.0925507000380219,0.041791331286543665,0.12872030125916623,0.051684561854562855,0.08065748898740127,-0.004249200253038765,0.10853979541925507,0.013290647967951541,0.05401942228838075,0.16178585066816709,0.04681271830549604,0.06554777285082798,-0.0127922007922604,0.11021903859204696,-0.04106648059970197,0.060780980597984646,0.25231931503047567,0.07162966111892642,0.12153876377864942,-0.07577874091677717,0.1311123839436219,0,0,1
2011-05,2011-04-29T00:00:00,0.040660824149329144,0.03880677577412728,0.14911399258481084,0.039276764116384845,0.08440058748740624,-0.010667821560525703,0.1260295224951009,0.026613746801106508,0.06837521496489463,0.1519116318945677,0.02522962583227277,0.06402438336386773,0.0,0.1177683059111323,0.01853276674359794,0.02496525973583208,0.21391154615777563,0.065920617112867,0.1209607462046762,-0.049997894427701306,0.13753980758575435,1,0,1
2011-06,2011-05-31T00:00:00,-0.029832283849849928,0.10476456286265301,0.1114240491199252,0.06697942511751712,0.09345977897038525,-0.03880284605830131,0.08060115422568792,-0.01350095289522324,0.029755112739342504,0.132551980292144,0.03118177886666953,0.06093958948420849,-0.01350095289522324,0.08071348546854229,-0.02215497710910097,-0.022633271162367685,0.11248896088475102,0.0524494927766607,0.10982188420722297,-0.07104516933025329,0.08785776785456689,0,1,1
2011-07,2011-06-30T00:00:00,-0.01950087042907933,0.004451634382764524,0.035026589808560216,0.04584352237335377,0.08946186564361616,-0.057547027214118085,0.04212841783257626,0.0046327378906123595,-0.003914484947748376,0.04989347912519837,0.043160930197709925,0.06267187975152617,-0.03151192141794601,0.04224756372250149,-0.037369786810074745,-0.06175685968695899,-0.004729521579399765,0.07009719574340492,0.1118983065380702,-0.13285574353368423,-0.006591077546054702,0,1,1
2011-08,2011-07-29T00:00:00,0.015480637523060725,-0.03402546398711748,0.022303498303498204,0.04288337188340397,0.09059749025265877,-0.04295725435988884,0.04213884692225256,-0.011572501730343188,-0.05230964632185309,0.012488885331047195,0.04499004240541456,0.0714075356259413,-0.05230964632185309,0.005788476065930581,-0.033060975441422724,-0.13929174183035686,-0.11780393660837618,0.08626310980477125,0.12121441321744923,-0.18232534245537335,-0.07584190767589194,1,1,1
2011-09,2011-08-31T00:00:00,-0.13451121863853266,-0.12199374775465632,-0.024960588477870083,0.12617604926193676,0.14233281869785594,-0.15650795963118658,-0.07951945973546437,-0.028037185766663475,-0.07163307611548364,-0.08420922975104983,0.13950432263719698,0.1520909135154025,-0.1061300315029694,-0.050631185694785086,-0.05165659351542362,-0.16563482636534888,-0.2344815350492525,0.15315602813581386,0.18626578766640606,-0.24815094960665784,-0.1457472093441845,1,1,0
2011-10,2011-09-30T00:00:00,-0.04022622817606292,-0.15758628175778377,-0.1538361638851442,0.1273263445857245,0.18276491708245535,-0.20606468692701496,-0.12762078212433992,-0.07176198808089651,-0.1554487248118993,-0.15084695032195294,0.08372403064026963,0.1667987480475243,-0.17027591752812476,-0.11616222828519107,-0.04769667729036442,-0.19157257243583448,-0.21723460194848587,0.10229781188125593,0.1986650052263959,-0.284011651134336,-0.17805146847075393,0,0,0
2011-11,2011-10-31T00:00:00,0.10791082715639977,-0.12200653179539933,-0.13473689568612612,0.09511570959740867,0.2014121966352109,-0.14353327885982414,-0.049867893321245194,0.10772303843744147,-0.0005980622549321968,-0.07615982858938886,0.08490733825594014,0.182742261413998,-0.08089551829953612,-0.01628398169117684,0.1406941204169816,0.030172925344474688,-0.12047425829776315,0.10922750867875843,0.21313019131813019,-0.18327630016187435,-0.05026433635402283,1,0,0
2011-12,2011-11-30T00:00:00,-0.032529859165571495,0.009844225070032797,-0.11762403330906457,0.08961970338599827,0.1794093529688923,-0.17113360394838018,-0.06891901476833417,-0.005058715107011391,0.02302910512984946,-0.05025361662627226,0.08979602856985003,0.1494406962999548,-0.08554500602603621,-0.014951564464029565,-0.03407587063812367,0.04927063255932751,-0.12452512647489633,0.12051106150145369,0.1915854256679149,-0.2111068713046481,-0.06430601156120919,0,0,0
2012-01,2011-12-29T00:00:00,-0.011783437933314267,0.03190542529803997,-0.12828369747366286,0.0765753927157039,0.1484699302128062,-0.1809004996812642,-0.07421368670636863,0.056752551017281494,0.08843501633758133,-0.04363035685582062,0.06846747357469862,0.13639986294780415,-0.07376740189708908,0.0032711987185496394,0.037746009139868475,0.0430704778407871,-0.10824908679672085,0.10575991836529806,0.1873408472224501,-0.22672331741718443,-0.06336908298956478,0,0,0
2012-02,2012-01-31T00:00:00,0.07159531663391938,0.024494119551826676,-0.1005008548194729,0.0480748010507433,0.12630131951813936,-0.1225548806000556,0.00013735022385064077,0.03910469658807769,0.021259265176765796,0.01979120544320523,0.02500520080094577,0.10899975803517345,-0.03754735717828783,0.04392728101606158,0.1175361698316224,0.03181696136141676,0.05688370036506263,0.06504122000016019,0.1637429972020524,-0.13583533792629698,0.05762318989363702,0,0,0
2012-03,2012-02-29T00:00:00,0.03807155136815821,0.09357829629686121,0.14126313596545104,0.03975684993293418,0.09815981982270147,-0.08914918366408098,0.04750154459608025,0.040113969850629205,0.14517630103067036,0.1285866251049761,0.024011126235626633,0.07552083339399536,-0.0047369876733168725,0.0853935550246192,0.03775021667077816,0.19427315761846908,0.1833780006099428,0.05692814669138127,0.13537226072712188,-0.08735498535974362,0.10167891262174722,0,1,0
2012-04,2012-03-30T00:00:00,-0.007984219154045014,0.10351102637127285,0.16885367509158167,0.032479415388559696,0.07025166123893105,-0.09642161619834788,0.043116815912014106,0.02502019935957267,0.11516044791265978,0.21377968034284045,0.03378294026706203,0.04784618741139087,-0.005675949345271714,0.11159281658123565,0.03262869228534915,0.19869926878903943,0.25032781908318524,0.05548494574172809,0.10197509061032783,-0.026628793737639267,0.13678127151558916,0,1,0
2012-05,2012-04-30T00:00:00,-0.016094063966730965,0.021354739823008062,0.02721459165016471,0.035335774012383143,0.06243297556826529,-0.11080054152217678,0.03200214127105139,-0.003826745200584236,0.06466060714130983,0.08821497238382303,0.04150703095578562,0.05826550155161234,-0.014890351435588922,0.09634469261739032,-0.05370262361749645,0.011376485113179458,0.04460005268512135,0.06783605208842221,0.10397990459844135,-0.07545901609358074,0.06725443459154357,1,1,0
2012-06,2012-05-31T00:00:00,-0.06988936382815414,-0.07996245696111937,0.015529252209736999,0.05913810996682069,0.07709827895905937,-0.15460040796278696,-0.028978897309646756,-0.06792476553376525,-0.04640162678690485,0.09633616436979442,0.03598647407091436,0.06539236437534071,-0.07660818582654838,0.020421876513290638,-0.11208330452257753,-0.13279816334153327,0.04466564635611703,0.06416588288086164,0.10936442114772932,-0.1663574023565968,-0.05119130863410393,0,0,0
2012-07,2012-06-29T00:00:00,0.004959739214203118,-0.08747673487897811,-0.0014487755033074645,0.060592992706890184,0.09138747374011343,-0.14976683602231466,-0.025232946553152003,0.03955498222833631,-0.03287960516497135,0.07849441268969892,0.05938877349205732,0.0815599519834507,-0.04008343902712619,0.04815553735964073,0.04639356235421377,-0.12123842198022505,0.05337086101220656,0.1048930669607334,0.14060203287913323,-0.1276817525216989,-0.013128823311835958,0,0,0
2012-08,2012-07-31T00:00:00,0.01638536733198981,-0.05045434159239859,-0.03017704110703756,0.05887498740812133,0.10255386863504479,-0.13444267858855186,-0.013564666157937388,0.012597574204787909,-0.01885020913947899,0.05098247526825461,0.04026967923118047,0.0809580701203225,-0.027990818919865657,0.04519000064548595,-0.004514061829884564,-0.07508374735002343,-0.06167164148808524,0.07854341045497566,0.14598144391493276,-0.13161945102615247,-0.019970165074533197,0,0,0
2012-09,2012-08-31T00:00:00,0.013399403534469556,0.03848983378432669,-0.06163280624692158,0.04114240050060922,0.09231913401968411,-0.07034667401172601,-0.0035826969774455097,0.030461506267170257,0.10045525430550017,0.030967582154522777,0.025509498975210567,0.07097719672111187,-0.008780642310871167,0.051241430371648855,0.03853408112117296,0.12330939332934499,-0.032881731774434986,0.04765432521725735,0.13064503304917793,-0.10342176994216112,0.007211101881524851,0,0,0
2012-10,2012-09-28T00:00:00,0.04712069777515815,0.0780708744187133,-0.009034939725962476,0.048330825651029946,0.08536191945799748,-0.02589693336229104,0.03867211133414794,0.021396857772753464,0.05763640673315229,0.022861739271667236,0.03412122028235103,0.05766910729852064,-0.01712408853468328,0.06007018354912841,-0.03812093981728304,-0.008275832802684069,-0.12851090587333958,0.06673545374802284,0.11029066062999979,-0.13490091248855973,-0.034318275847931234,1,0,0
2012-11,2012-10-31T00:00:00,-0.04215483540831033,0.01597780461926379,-0.03528268658529177,0.03169185294057878,0.0712105784600263,-0.06696008780713403,-0.010576098151674596,-0.01978940971629395,0.023808897985545974,0.0045098861396588585,0.030866708961423694,0.0522685574336541,-0.03657462264694622,0.024994165094667675,-0.03986708523391291,-0.04349526318229813,-0.1153132231806192,0.05360405300099493,0.09499166125955731,-0.16938989154615858,-0.07407466503020843,0,0,0
2012-12,2012-11-30T00:00:00,0.018151789928253725,0.014581774044718943,0.05363285788830763,0.03477812469306119,0.06827615978556831,-0.05679067927224346,0.0028223535699338775,0.0028467166850427716,0.004034104116979131,0.08078125449788032,0.044688505922636186,0.06342534004267475,-0.03383202355044157,0.022702668704884577,0.019943893819481584,-0.05804943521902861,0.016233708134740343,0.06661488678163846,0.10724180571786203,-0.15282429173776702,-0.043769959269788994,0,0,0
2013-01,2012-12-28T00:00:00,0.03732084951098957,0.008387079595092661,0.09777481605207328,0.025718360468407885,0.053447504887240975,-0.025486990417151745,0.03799590852884216,-0.005319412817862856,-0.021551289129897677,0.05299401540623894,0.028355783239603805,0.061181005965261485,-0.04321275846573014,0.008785796991281236,0.00813206177705661,-0.000265289288781001,0.013881799738312939,0.03673725647389387,0.09517573041188489,-0.1471214108972091,-0.027754056079035805,0,0,0
2013-02,2013-01-31T00:00:00,-0.034050531736989464,0.032828302463814296,0.06407991140022906,0.026860496950164597,0.05331438517373057,-0.042619889249880694,0.022072727756955457,0.050428096466868855,0.06102953915978171,0.08143357579382715,0.028790797679699595,0.062023175657653085,-0.006452926497048095,0.07082255379454416,0.07464982974010548,0.12374758320107371,0.0843909168728112,0.05519654736505645,0.09466817457835133,-0.06596812160399745,0.07267880062682419,0,0,0
2013-03,2013-02-28T00:00:00,0.036059035310247234,0.061817847360013944,0.05663574454667386,0.03190858624874117,0.052922404907211916,-0.011120997978162794,0.05561772848449098,0.004536348714502925,0.08273415382531901,0.07338094184789479,0.03641999947057516,0.056672415563453385,-0.010620852755580334,0.07312649061135423,0.03230257003229653,0.1536464879244268,0.06938210760454111,0.05819714663326035,0.08931931127132503,-0.03451163173596039,0.10438343790337345,0,0,0
2013-04,2013-03-29T00:00:00,0.0004241310399841769,0.011421372000725238,0.0007237917205391575,0.029963831653305704,0.05335961730509143,-0.02166127323441891,0.03620647952284206,0.03509254778367654,0.10519568538093971,0.077081952397698,0.021194603593279734,0.05410635988956362,0.0,0.0934410242377326,0.023917864304759062,0.14605913878933774,0.1225192896198184,0.04096833994595255,0.09108577002698016,-0.011186599576831213,0.11298864148283116,1,1,0
2013-05,2013-04-30T00:00:00,-0.016052204279209725,0.0040849457013145685,0.038341305468132525,0.03742777581373291,0.05635587340685331,-0.03306091537650224,0.010258994847188285,0.02266072280732412,0.05950895486440699,0.13403367970829638,0.041459118717611244,0.058566100462838964,0.0,0.09392149208045808,0.03870967281702642,0.07520321976400113,0.23255297595915314,0.07097030773088217,0.10128826787025848,0.0,0.11599447406612429,0,1,0
2013-06,2013-05-31T00:00:00,0.01889055147974239,-0.012553697047034351,0.048488107785122025,0.03132540664255543,0.05562514513872885,-0.014794902820646993,0.021774409173431097,0.030353219526499498,0.07412728407455949,0.15661056088723369,0.030483816887310028,0.056057869061193505,-0.02301759157814609,0.09459628137553078,0.06313524922989489,0.10242538972926885,0.253591262648003,0.04091535391052137,0.09335948244913006,-0.012225171010493807,0.14991224278698678,1,1,0
2013-07,2013-06-28T00:00:00,-0.06889866492454788,-0.0653116457154026,-0.05979352474572175,0.05397610958908559,0.07331555659134716,-0.08260550012978718,-0.04667219385456389,-0.029091944492876,0.0282363533486798,0.13269872149400763,0.0503485561652287,0.07064415805884704,-0.03767164537564249,0.0634505677062216,-0.012646755248672314,0.09497430117383532,0.23417206623991094,0.06733025986820287,0.10448319107282937,-0.024226148693826555,0.13059624240422574,0,0,0
2013-08,2013-07-31T00:00:00,0.031810982708712965,-0.025418123229267175,-0.021437009181173527,0.04390127539113233,0.07711512306706367,-0.057638692184657114,-0.014611789449091028,0.04382153195313099,0.06509763851359751,0.12235347433399202,0.020087956830023353,0.06058089231754004,-0.005779932327231618,0.09859536088775456,0.021486728576119773,0.0838929492069238,0.15377926041339562,0.046397317695175466,0.08967488187113588,-0.028072720960823805,0.12605270941285074,0,0,0
2013-09,2013-08-30T00:00:00,0.006441882241114527,-0.03732543497365459,-0.049410559817880895,0.03930180773578303,0.08040760889773277,-0.051568111611128065,-0.006899782253618536,-0.043295637409683785,-0.004541564381443153,0.0706596006959257,0.027140806453865376,0.061023988972903204,-0.04486250052389695,0.04531573287242763,-0.05939168420465746,-0.027659731857383463,0.0794556771431616,0.04834444813213414,0.09541214026539217,-0.06892057303120858,0.052273317196210645,0,0,0
2013-10,2013-09-30T00:00:00,0.05892334298305735,0.08843953457456899,0.001765801646758769,0.026361995698254623,0.06432580551608873,-0.016808633281869212,0.025786232480808913,0.02648077044452446,0.04123327481875694,0.07088046414782667,0.025078444569556,0.04528598931209526,-0.02548215622271932,0.05706118676520666,0.06281663589269426,0.04938741377151601,0.15704485151015657,0.04130458814405069,0.08125293755364757,-0.013744100851802665,0.09914185834750833,0,0,0
2013-11,2013-10-31T00:00:00,0.016590219899681458,0.062423738398334594,0.040218277934139346,0.02791745516197507,0.053890639733509875,-0.01431850726170103,0.040525130043664426,0.03699814278897873,0.02741464371044855,0.08803160964842549,0.03706944401092618,0.05370259636257545,-0.008696584290760367,0.08269635473137416,0.02421730980925929,0.04905041833665891,0.12456750917567816,0.05381320668252417,0.08391886799674576,-0.0018699554977021915,0.10494672375917657,0,0,0
2013-12,2013-11-29T00:00:00,0.007280479951982111,0.08432848607474464,0.029528463754848078,0.03831528530170178,0.0539953074122867,-0.007142272914779868,0.045794544683614546,0.02410239752950427,0.10584400876410682,0.10082174700247148,0.025747752398347167,0.05080309900162055,-0.0007856896412440362,0.09427117223048787,0.011738372861725743,0.11481316668438013,0.08397773342280979,0.03847760980766522,0.07682379581720883,0.0,0.09137976615940313,0,0,0
2014-01,2013-12-30T00:00:00,-0.016829875001700634,-0.0002286922142588077,0.12778043729160715,0.02514626839587756,0.05359256992929105,-0.02342230477807128,0.029166734476105294,0.018724770054741713,0.09486479309498241,0.14000965399804932,0.027369503670681545,0.05216666991832289,-0.0005157779134394858,0.0973134937026392,0.04227367531178783,0.08300230602547942,0.1364889890286658,0.02913756841520942,0.07172749686411303,0.0,0.11602849037058438,1,0,0
2014-02,2014-01-29T00:00:00,-0.030530197568957917,-0.053909806617294165,0.015203374873170583,0.03790821706429114,0.06033223085372762,-0.05750203887131877,-0.005356403343035443,-0.03649401126926277,0.006861073327327105,0.05233812918386738,0.03378036070660798,0.05133455359362379,-0.04013246925144087,0.041081406662136555,-0.009095039482935663,0.051352429308997305,0.10418641832689701,0.049475222928694974,0.0701821932811637,-0.04078754497896708,0.07869024733033791,0,0,0
2014-03,2014-02-28T00:00:00,0.03289631585741026,-0.02108631496716218,0.07077420365512488,0.0343490664439698,0.05608886697784356,-0.03864384237153928,0.014464096677608396,0.048049826595751854,0.03145192132679231,0.13730610877201577,0.03714738978145956,0.05784178487635738,0.0,0.0766285126748758,0.07367559386482436,0.10920288197552575,0.23541269307604917,0.0405104449756377,0.07026582210479561,-0.0008151144897308171,0.13255789152117914,0,0,0
2014-04,2014-03-31T00:00:00,0.0028383957216482347,-0.006847428170967507,-0.006231080586711624,0.03329217664391603,0.05951652526320872,-0.03591513316674644,0.01861143472816762,0.006932165418227054,0.016802400888473512,0.10674743066074321,0.0301627093032577,0.05909277344976486,-0.0030351180611851714,0.06981920602393998,0.04063276599351506,0.10714009719142248,0.19545240144446918,0.0468233065357007,0.07896791547580782,-0.0015145833960861221,0.1524158904962294,0,0,0
2014-05,2014-04-30T00:00:00,-0.015155745390144859,0.010632879678976748,-0.04385014342559601,0.018380408308874403,0.049512576050189355,-0.04748057145295659,-0.0013170916856340975,0.006200789153414155,0.061858867670190776,0.06914435922454865,0.03779516203969282,0.0604257449328484,-0.0036755371264756143,0.06135537866465057,-0.018355693681195828,0.0967931497064003,0.15311614239329074,0.06881676703003142,0.09212301549502001,-0.03349390401217078,0.10657405565700961,0,0,0
2014-06,2014-05-30T00:00:00,0.013050562670458898,0.008355062740559083,-0.010426700530211885,0.026891782014698922,0.04606099441901921,-0.031375384659152905,0.010597355887280724,0.02103028007328045,0.03448331323829246,0.06701980102014282,0.023679680457751415,0.053026312798740594,0.0,0.07115668426864974,0.04100917991177422,0.06342338769084521,0.17955228638686216,0.03519132753349303,0.0894893221523467,0.0,0.12863569498242255,0,0,0
2014-07,2014-06-30T00:00:00,-0.007362248631606505,0.019294256615924654,0.009509156519887929,0.029579913505481552,0.04322067132370981,-0.027855249619489708,0.00939720158302304,0.019058331749470137,0.04694126934898324,0.06453239626327223,0.016673702930092914,0.046901945522306594,-0.0013449768222066893,0.07334154548829308,0.060608022469780476,0.08383611695149185,0.19995842386124862,0.022480007433295056,0.08012584217984109,0.0,0.16105038213750822,0,0,0
2014-08,2014-07-31T00:00:00,0.0301893965137201,0.054264092548445664,0.08678044449329225,0.02008599085863906,0.04397500947426121,-0.0031162771232341457,0.04477088073022584,-0.021613272811616513,0.024945844779638904,0.07606781165660315,0.030444449266488507,0.04248055804980612,-0.028828226182601835,0.03966697463823987,-0.05763836905464381,0.0587077044947939,0.14209708003996946,0.051973934387135545,0.06955137792805106,-0.06783174989296181,0.0781587238319763,0,0,0
2014-09,2014-08-29T00:00:00,-0.006755978139755037,0.027968567194966987,0.04961006031262061,0.027219856073695817,0.0452013481074828,-0.006755978139755037,0.03966625002099633,0.037655295579825276,0.04072792075058995,0.08540795041341998,0.02245409124634459,0.04217328018961357,0.0,0.06628956397280561,0.062052527305585414,0.07035029403364268,0.15175913909518535,0.029566897050791432,0.06740766064101841,-0.00998835409979515,0.1196703309322742,0,0,0
2014-10,2014-09-30T00:00:00,-0.026429791668652225,0.01588121553303612,0.040612989476014105,0.020692084994987748,0.041144133742240865,-0.030020089395877414,0.013602117277294878,-0.015513837249453988,-0.0005219159865582634,0.04601914518670647,0.02730220888045431,0.04697631984087441,-0.019424641324080838,0.038254139620609307,-0.010492087611390977,-0.009663323496730825,0.07143697746755762,0.046973430780506774,0.07707215434672708,-0.028720952451517512,0.08097891819228376,1,0,0
2014-11,2014-10-31T00:00:00,-0.027553184784407714,-0.04118488413744359,-0.017966646917309204,0.03811593259286933,0.05209516395856043,-0.05674612510991606,-0.01242568054738269,0.03693408245925722,0.04077383534310752,0.07077669830596078,0.05325426874589265,0.06472881744083235,0.0,0.0552786536266896,0.034212331158731235,0.04666090961714686,0.11272004485703513,0.10961695660846539,0.124083074159607,-0.025100402165756486,0.06979757023096078,0,0,0
2014-12,2014-11-28T00:00:00,0.01115403561477124,-0.0421991815820425,-0.014708854999460508,0.023670865022537835,0.049129598484511566,-0.04889541146569121,-0.005327648899353221,0.043010648068150914,0.03204104265962493,0.07407392845642247,0.015927178857070724,0.06211900837544995,-0.002542427180532325,0.06807713474585397,0.09860777576094959,0.06275085662049595,0.1375156918682534,0.05437065439284542,0.12654963219782864,0.0,0.12353299570587972,0,0,0
2015-01,2014-12-30T00:00:00,-0.03291130893504779,-0.05477647838889832,-0.039828616357011515,0.033979201864756885,0.0558039413412734,-0.08019750840848539,-0.03755967939982463,0.006186054431327692,0.0547891316457263,0.054238620335472554,0.04447844530902248,0.07078736990147809,-0.0048886047197381766,0.06317440900319116,0.0076559630104198195,0.08224221803645904,0.07178416138175314,0.05452684893182348,0.12926574774103516,-0.017251685298454333,0.10911452227139673,0,0,0
2015-02,2015-01-30T00:00:00,0.017576853369501766,-0.004936390621499642,-0.041591054815113715,0.03395231644359934,0.05337770259945726,-0.064030274884879,-0.018718872051199154,-0.04103160690022456,0.006401624927443228,0.03331483103017696,0.04864811871468014,0.06795793430647931,-0.045719624312811846,0.010322581300054923,-0.05477644556486161,0.04638012799596036,0.07503913714340182,0.060279524105543485,0.09901703131332057,-0.0710831448626631,0.0323317146976716,0,0,0
2015-03,2015-02-27T00:00:00,0.025892706297769186,0.003669377228810111,-0.04196295759287838,0.020589992323105086,0.051147410383662016,-0.04648496530807389,0.0009569014860824065,0.05111477807629039,0.018127443806837507,0.052186871356534104,0.031622311192239155,0.0715680764437817,-0.005190302234066579,0.05538507437747109,0.07293530192870068,0.0676617067850458,0.11914123152861444,0.053111553338624606,0.0974073790017243,-0.0028185336964879903,0.1102848042323028,0,0,1
2015-04,2015-03-31T00:00:00,0.02214530646658841,0.04850485955370254,0.002647823097232882,0.03050911379967513,0.05015281309064475,-0.019965368446460352,0.027803812985450094,-0.023377838995787825,-0.01084879962863372,0.04555053166440137,0.04172505009013307,0.07048743711497982,-0.023377838995787825,0.027648365866320246,-0.05313750497332104,0.0005754206265069506,0.07955233620563562,0.07224880760468123,0.11056558432382903,-0.05313750497332104,0.06043669177750943,0,0,1
2015-05,2015-04-30T00:00:00,0.048667688668430076,0.08441662819259355,0.10463309716262348,0.026574732294052727,0.04499745969857599,-0.021275319476893984,0.0647135316119507,0.008520819822535275,0.03179221262368581,0.050608276097021676,0.02447884279664575,0.057553542875826647,-0.015195771114281276,0.02936512741055952,-0.01321389932059902,0.029491581537778755,0.10077623879698105,0.044232102132080446,0.1040565234820432,-0.06564925065305482,0.03631524685708354,0,0,0
2015-06,2015-05-29T00:00:00,-0.01980959308312369,0.06107135461558855,0.07632177969527643,0.03251450521938729,0.052012195957803556,-0.026966778312134898,0.05446628957751831,0.000256209458126877,0.0013731967584342808,0.01952553311234606,0.03223425574509226,0.05685854498484646,-0.010995849029754146,0.032154880016927345,0.07688636142592942,0.043041975344069616,0.11361597564429493,0.05860137061037701,0.10657799749949279,0.0,0.11049372596555318,0,1,0
2015-07,2015-06-30T00:00:00,-0.013399242019911495,0.021753222231896796,0.06971559358799406,0.028664773726196184,0.05152427560907643,-0.045647146626479285,0.03400375534678868,-0.023023716808757255,-0.002311431171168832,-0.013135154546171202,0.03277806928784158,0.05053741024743318,-0.03177647983653231,0.004486452706957689,-0.08784585776488851,-0.021481570801415106,-0.020918511113837135,0.04990750171113842,0.09072705470666245,-0.08784585776488851,0.0009491593579462609,0,1,0
2015-08,2015-07-31T00:00:00,-0.0366198180087548,-0.04560514263468096,0.03496165318845046,0.038392416880656914,0.05841156946356516,-0.06591019813223276,0.009654864930076723,0.012717778306361449,-0.0021106921198820183,0.054561726218717466,0.034037523816734756,0.05502440375262591,-0.01266178260162687,0.017198752089500724,-0.05254134343734951,-0.08392632455372961,-0.010487853243505318,0.06061228723895389,0.09550182089845756,-0.1337524619031355,-0.05512843456279659,1,0,0
2015-09,2015-08-31T00:00:00,-0.03840459920722583,-0.06598059761743713,-0.027704221601494772,0.05381898612945787,0.07134229781762985,-0.10670786057560266,-0.03525964418908345,-0.06258081825586559,-0.06514032877510068,-0.06433307731413118,0.07712989156036323,0.09010477018789934,-0.07445021614170477,-0.04958977589159819,-0.05454208048775999,-0.1712240210682543,-0.15163972767809475,0.09825974869084284,0.1237222365875698,-0.18099940484833854,-0.10681739161862658,0,0,0
2015-10,2015-09-30T00:00:00,0.012974352742353146,-0.05370258181483045,-0.03311756377957831,0.05553788349410257,0.0862180016875136,-0.09689835881498765,-0.023208794241609154,-0.026442831280001466,-0.07576219469199608,-0.06780627962576857,0.06500390133754279,0.10537157304990291,-0.09892437291751144,-0.06954874893782248,-0.01359976082976011,-0.1164001346454524,-0.1279822070055986,0.09045354619775295,0.14447715766759425,-0.1921376170618324,-0.10967916197914873,0,0,0
2015-11,2015-10-30T00:00:00,0.03396146856773963,-0.003999776422292989,-0.05503636753858421,0.025154582435382548,0.08133214170265393,-0.06622770081440865,0.004797114434006433,0.0808496457440524,-0.008903515325175637,-0.016613879930737374,0.03724611714258982,0.1081538928633049,-0.02415030799720297,0.008620785978988632,0.11231997743947475,0.028199029461884573,-0.05896056707564257,0.07472392452437397,0.15324422633361878,-0.11199870743694151,-0.01590594229376263,0,1,0
2015-12,2015-11-30T00:00:00,-0.018477730905773315,0.02802330919419682,-0.052512231591298364,0.03962621586339344,0.07199084712719019,-0.08348169408602535,-0.017458030754066267,-0.004307436251661079,0.05487828466512856,-0.013836833615672006,0.03461625105983774,0.08275639857230055,-0.023657631631380904,0.0073745193265797315,0.030748640868209165,0.1081762879648045,-0.08157011211302101,0.05322916589176071,0.12870491844079848,-0.09240296062386621,0.0075416278960593885,0,0,0
2016-01,2015-12-30T00:00:00,-0.015391754173157857,-0.000764210471325355,-0.05442575221079571,0.03695408091376491,0.05945307899774901,-0.09758851854585227,-0.03225951618918832,-0.008195406389990167,0.0746499148127846,-0.00676792125899861,0.0537126173443047,0.07406750977868665,-0.031659154115927235,0.0009382599644915945,-0.005995802154302843,0.11671899341456626,-0.013267247780023306,0.0537961400902451,0.10688839302798749,-0.0978447329077965,0.007818824292897153,0,0,0
2016-02,2016-01-29T00:00:00,-0.027589748505277956,-0.06002476380142652,-0.06230195601649324,0.05253109921324515,0.07425997792975013,-0.12024876304257548,-0.04984603130919052,-0.0664562972962528,-0.07181098878612824,-0.07985749132679743,0.06665371702203417,0.0912995033048643,-0.08943977999594177,-0.05146790951024671,-0.09723739117411823,-0.09381141335123389,-0.06186659057993804,0.09690198145486055,0.12577376024259948,-0.1774608907641052,-0.06749756600807222,0,0,0
2016-03,2016-02-29T00:00:00,0.024026464949451043,-0.049412536367603566,0.047463929481666334,0.04877690805623716,0.08100525345801152,-0.11813228443432566,-0.0376129691305821,0.02052963800751817,-0.07498797336890128,-0.027887089722470337,0.05789048866205806,0.09916963057167333,-0.09319890066716396,-0.046175469931182156,0.06008351577491311,-0.06602717310080553,0.020253830012047613,0.09576301897223669,0.13885489618805003,-0.16616184443839976,-0.03984133885044072,0,0,0
2016-04,2016-03-31T00:00:00,0.02486876510858438,0.00261218753075676,0.026333902702684986,0.01713003537901781,0.07460134200817693,-0.08169647866890839,0.009084681566757347,0.04114035213831757,-0.008959042815057439,0.09322804515737992,0.025631373443473892,0.0919318562509517,-0.03335808554672015,0.021641641642229592,0.057805889706357805,-0.004251396810563524,0.1660867513498645,0.043377716818292666,0.13892026569871624,-0.09273804532560526,0.05607287202836231,0,0,0
2016-05,2016-04-29T00:00:00,-0.003990725012195551,0.06542754774639925,-0.02633200444013406,0.027769939654807355,0.059800320166006796,-0.0824786372310845,0.011631785096570146,0.0026993982833325436,0.06445597411825488,-0.011983661902478349,0.02929442907047887,0.06856691397570651,-0.030748734022247648,0.025204833793607717,-0.04661021304820867,0.051590461735020465,-0.04706072574701847,0.05780002354154301,0.11417289047983271,-0.13502571832351296,0.009986356227831505,0,0,0
2016-06,2016-05-31T00:00:00,-0.008760940575790577,0.03293474976495481,-0.010131220867645396,0.0256403447209573,0.04388191535183697,-0.07469091466570443,0.010400554261223105,0.015324602525288444,0.05994893575430771,0.003272480107967546,0.032140644825867426,0.05001321736492704,-0.014720843917964355,0.0427526100139779,0.08370774513912504,0.09292070428024402,0.043026912597504685,0.05494023178831713,0.0917681543796837,-0.05143234922757356,0.09322313170154883,0,0,0
2016-07,2016-06-30T00:00:00,-0.006579635306791065,-0.012311361501497031,-0.0111465061803393,0.04663517027376566,0.059098718949762645,-0.06500173084462435,0.0014519865577555802,-0.00022386698881804445,0.012582173581557887,0.017204946374753893,0.05482898178665107,0.06862162183998162,-0.013823332207237526,0.037697405957128005,-0.01652233855198737,0.014788884310986239,0.02761925082947614,0.09001032174902429,0.12002393251741612,-0.03488355951296218,0.0650153006443186,0,0,0
2016-08,2016-07-29T00:00:00,0.023264885115996004,0.007626397368069693,0.06483465679374589,0.030396542554931096,0.0605409651257511,-0.02366996050257919,0.02223656539355412,0.04965789399842535,0.052437924886302056,0.12027383653384338,0.023994151386963168,0.06604408901185878,-0.0006574307579041427,0.0647812260550924,0.1286633716648169,0.18817987012698367,0.2494786182510913,0.06040403322945982,0.12056524453078495,-0.01051703180407948,0.1597490438729594,0,0,0
2016-09,2016-08-31T00:00:00,0.0024832549597586517,0.026191320246056637,0.06156020792955785,0.022604072911664417,0.059618366073691066,-0.010499730538676921,0.03147663907142295,0.006453281449928294,0.0312027688273826,0.08906888962740989,0.015709531652184378,0.060441364715728085,-0.00876650093736897,0.05674280059205916,0.060537495113827555,0.1393884093852693,0.24474671486613486,0.028759308592862815,0.1127392669001517,-0.002662968394813836,0.18697276704756383,0,0,0
2016-10,2016-09-30T00:00:00,0.005550239590808026,0.04460836460809503,0.030813988427290884,0.03711736369723415,0.05286959845103915,-0.01212825620462532,0.033626406074287685,-0.0012344511393173052,0.031061161642470525,0.04943548688222488,0.041913737406167426,0.04948696067448425,-0.009990130259616259,0.0506384503584858,0.04257123814525254,0.21983615374005505,0.23721102986826725,0.06224943393407939,0.09081201002392086,0.0,0.21258765410188984,0,0,0
2016-11,2016-10-31T00:00:00,-0.029259653386679352,-0.00832577319836203,-0.00566443529206051,0.028602095549177094,0.05047733036831004,-0.029259653386679352,0.011747167941803083,-0.01942567890903446,-0.014316039430935068,0.0304258478075774,0.019062278067311565,0.048042530618829904,-0.029221744105968006,0.022756215999007567,-0.014456625667343737,0.08970140237185298,0.2815038837704913,0.040044682273641045,0.07902768854402843,-0.01798229965860776,0.1632100332978612,0,0,0
2016-12,2016-11-30T00:00:00,-0.011911005836040767,-0.02404605294572748,0.00831158873351212,0.041483352582997624,0.060681123037223436,-0.041204218764032796,-0.005521814476495468,0.034174521829295035,0.012833141273863147,0.044436339641743317,0.030588345171946967,0.055030810620671174,-0.0065692450001003655,0.04309030764043964,0.06794000126884825,0.09730747134664819,0.2502594143842294,0.06215097629824988,0.09596572035495893,-0.012907281253176861,0.1959199546261674,0,0,0
2017-01,2016-12-29T00:00:00,0.021668976189309852,-0.008401738036869832,0.03583183877753471,0.027793267901230205,0.05590229308521959,-0.02042809581001992,0.010602665818195467,0.020229921817545682,0.04561794605578373,0.07165789745200923,0.022681938156899437,0.04328104080636844,-0.009886764754085564,0.05334849342404002,0.04061001096529937,0.11980938904450711,0.3318490536934138,0.07033301174658042,0.10186749933671349,-0.0191757001568168,0.2094564064711142,0,0,0
2017-02,2017-01-31T00:00:00,0.021279472031379365,0.02956897937231151,0.02099702155798866,0.02378090092923124,0.05472975147416282,-0.009376383580391723,0.02706323815375633,0.013164377303342745,0.07169840782339376,0.0497641580784729,0.019134847166954037,0.04190179173385718,-0.008484273204814374,0.055912807911526974,0.025054295249679948,0.15313601952218647,0.22949923866984978,0.050014411403951846,0.1045096340407992,-0.018685158155049342,0.19795829895500372,0,0,0
2017-03,2017-02-28T00:00:00,0.0038634301124216286,0.057382420475461604,0.023848142651106574,0.019157665278728673,0.03987343899796545,-0.007586716417703032,0.03466823971230126,0.030047611194748303,0.0679015014755322,0.08971704072357034,0.015154215011030628,0.03266809391273315,-0.0025783763780462543,0.08315423807613054,0.007399242455188082,0.0880052490633425,0.20960815491809748,0.03903671914241746,0.09216070282775116,-0.0212632744100415,0.18461602830188872,0,0,0
2017-04,2017-03-31T00:00:00,0.02738452942680447,0.06704898067619514,0.04423508791019315,0.025199033799661954,0.038399255441007835,-0.00833183527214576,0.05937250313320308,-0.008060703886619836,0.050443239307545795,0.09836230233294008,0.019197905006765045,0.033689158753948525,-0.013873349628667708,0.0667140438424807,0.03804666455308481,0.09791577400322438,0.22945639210887792,0.03352102063749843,0.07162344609042696,-0.0008791488927071267,0.18422055121825842,0,0,0
2017-05,2017-04-28T00:00:00,0.018848423226429212,0.05848072239534541,0.09211550515142597,0.023678371247179843,0.03920427329925116,-0.0018194579681563017,0.071434224111242,0.0097707748003657,0.03900745288087615,0.114408990877092,0.02048260736212346,0.034958257308287,-0.004908266397333105,0.06415492931931599,-0.0009537709731981536,0.0449670765615513,0.21555337746765102,0.045904389302949274,0.07077030214019106,-0.017355734065436335,0.13890999961451023,0,0,0
2017-06,2017-05-31T00:00:00,0.06320194822406355,0.12093850947057394,0.19080175683754375,0.03219143430516503,0.047222067964562964,-0.003362699380728862,0.1254270416697978,0.009826937623944598,0.006611165523995988,0.09541634763748386,0.022805074460331896,0.036080641485496744,-0.0016640392982495422,0.06475073667580156,0.07483534248312695,0.10774824221774826,0.23011557502993796,0.0611072306644455,0.08419920168546473,-2.740137239498619e-05,0.19315950170733576,0,0,0
2017-07,2017-06-30T00:00:00,0.018919032481777176,0.1056159192535131,0.17480721566908164,0.023273441621171533,0.04608275372394811,-0.001615368286338903,0.1281303699615166,-0.002736618159233206,0.025686472438030572,0.07742542062173441,0.020234346534152448,0.03676834518231276,-0.012248029031067809,0.05642583969945636,-0.05275732192796334,0.02324501601554263,0.12343684375364616,0.07163642388440333,0.10522285284275458,-0.09078846107648808,0.09331722511111118,0,0,0
2017-08,2017-07-31T00:00:00,0.004565585480605261,0.08826267541552535,0.16311185693351882,0.02404339977922471,0.04660261753282432,-0.01991412210984711,0.11295440151178981,0.020911724047332436,0.03432103939647946,0.08303746529593692,0.015892343259675423,0.03474092549797765,-0.003038961131093032,0.06298933899123926,0.04299223254016926,0.06866059919557865,0.13409764846509198,0.04787708804693319,0.10569928740963519,-0.04665053862151325,0.1147073798250764,0,0,0
2017-09,2017-08-31T00:00:00,-0.02466818292289219,0.007924487711436834,0.13314181560213956,0.030482694830005742,0.045825887534484425,-0.036034675013123074,0.0750555404743789,-0.0023895049795888967,0.013357481774309843,0.03714868777186542,0.028005165024773914,0.037522883760918814,-0.0037325054490801035,0.046899350596546485,0.027999279263046573,0.0098876508412995,0.1440907749848912,0.05819079182226659,0.10327011848412727,-0.021032234927520266,0.10966621385460962,0,0,0
2017-10,2017-09-29T00:00:00,0.009349586802375187,0.001120471110279908,0.10685472995010215,0.029274447370101906,0.04878451166193909,-0.023275284378268646,0.07028411673229806,0.025134386664241504,0.039593052266169604,0.06629653054997253,0.0165319574187308,0.035564343763019285,0.0,0.05453328365033694,0.06165685332007298,0.1322143486251388,0.15853268929195719,0.0514060316839532,0.08973425897296411,0.0,0.13765963123349012,0,0,0
2017-11,2017-10-31T00:00:00,0.04858920907568054,0.029328583164192956,0.18005520336718628,0.027608671685141306,0.05281626469774471,0.0,0.1101246904523987,0.018243456395987456,0.0394297391035805,0.07835843783033347,0.01402770646186576,0.034890748759365986,-0.002251027070118705,0.0635747206177093,0.08217177972560985,0.17680544606860504,0.26542334288837344,0.028706755599920086,0.08158672087339966,0.0,0.1993472693676197,0,0,0
2017-12,2017-11-30T00:00:00,-0.03133220981805418,0.04231346621738763,0.056954407276462726,0.02418619404413455,0.047561190377852176,-0.03190023903728434,0.06527713098161625,0.028082627806563343,0.07117924573962675,0.08548750299161267,0.018282734644121612,0.027693993890501607,0.0,0.07942922687517817,-0.0023988025796098933,0.14200714515138868,0.1532989130609146,0.06377994347489502,0.0861380342612378,-0.05153194523144311,0.1561560076706765,0,0,0
2018-01,2017-12-28T00:00:00,-0.0160777999199766,0.021290925422343898,0.046642019219706565,0.03704304002240381,0.05248882332737549,-0.03537179150069503,0.04597747271192043,0.02302972132148784,0.07070746369637959,0.11069144658241958,0.016506229844592497,0.027226279329579602,-0.0009738726070082082,0.08336963821524579,-0.04291494778280469,0.09004993819197771,0.21710462634520855,0.06341720572437273,0.08370114745765268,-0.056190249514062485,0.12426496442363444,0,0,0
2018-02,2018-01-31T00:00:00,0.035008998049159246,0.025792100922090944,0.047508999600017754,0.03094728296604178,0.05459129791925671,-0.012212340584913717,0.06890069394769527,0.05617870412552817,0.09755015793800759,0.14031132401931168,0.02571940362555255,0.03542552850251448,-0.017077019354351797,0.1170627159439892,0.086548778537058,0.07551086826028275,0.24778898381245162,0.06882825033944026,0.10454553255934744,-0.02251481533059274,0.16958129696492974,1,0,0
2018-03,2018-02-28T00:00:00,-0.05724801604215046,-0.04327288459402978,0.027815142555874806,0.05159023966669225,0.07107533756937037,-0.06574955558942497,0.0003984134492815983,-0.04895688839353052,0.04321107688334269,0.11029607934070929,0.07511528667590996,0.08134036070785734,-0.05535928621033448,0.06064944540421657,-0.011897697284727782,0.02859947469618862,0.25807765021356266,0.10521164740061989,0.13867620517114781,-0.02214146873673628,0.1419211163057883,0,0,0
2018-04,2018-03-30T00:00:00,0.0076173247545101574,0.007625635096609074,0.02505376103140966,0.04978375165709888,0.07810662700415096,-0.05863306655230416,0.0014214204711793244,-0.02688449860055664,-0.015563142814186914,0.05338170752751337,0.05810546606211131,0.09778951276887529,-0.08075547815824158,0.019985104272040477,-0.024316819607824836,0.05187756444910807,0.1525585641058651,0.09228372816626763,0.15323714522427545,-0.08091845772491302,0.08544435192733313,0,0,0
2018-05,2018-04-30T00:00:00,0.028427655980584055,-0.023062392894058648,0.009179491599799361,0.02973919989772803,0.0776328061775458,-0.03187221121675565,0.02619926843238707,0.0027187749953683227,-0.07200904786671591,0.03423299087152021,0.0498001011701175,0.10579165232788841,-0.07825625913762879,0.013673321684387618,-0.06358642369448197,-0.09722727126606345,0.005957814234612169,0.09021313992158242,0.1640400227517883,-0.13935956608179467,-0.0029257018124086986,1,1,1
2018-06,2018-05-31T00:00:00,-0.027840593523083323,-0.013488597661969748,-0.04625055581294091,0.03271834800160772,0.06649401449031049,-0.06742383566684518,-0.013395970917956412,0.019010836889732374,0.010307505578179388,0.029778754531913254,0.030715151639645992,0.0803378743706888,-0.058338905282751985,0.025540503601588993,0.0893091803929964,0.028996959218292373,0.042265052606541786,0.04689035412039385,0.13723373774693862,-0.04626877604568347,0.08107747973464186,1,0,1
2018-07,2018-06-29T00:00:00,-0.05336051162376643,-0.051356888808616996,-0.06148811782910246,0.04295853235392059,0.05990311968613873,-0.10471138166538341,-0.05362946980469463,0.00484243626760783,0.05286467247512627,0.011471486071610082,0.025547760641316992,0.05846880481450867,-0.05377897144589794,0.018504589884130063,-0.04735318986811099,0.028731130629887414,0.037431809615434686,0.05569707357226169,0.1113414309899407,-0.09143099177673808,0.005636064313084832,0,0,1
2018-08,2018-07-31T00:00:00,0.010442241957097309,-0.07286192283185944,-0.09564223413489947,0.02272453363225897,0.05997903057896977,-0.11659268124048949,-0.06261873247660932,0.03602155617289915,0.06082943621522818,-0.0021753923841630884,0.024967499039188646,0.04658907712218578,-0.019694617513857926,0.044015642294853,0.04093021354174886,0.08020130021657423,0.012610726900702529,0.05638911504098896,0.09303224418711434,-0.05424306825274494,0.031606842740390606,0,1,1
2018-09,2018-08-31T00:00:00,0.006852767356289258,-0.041324685638756575,-0.054255871242637754,0.031614233462751704,0.05946475936074835,-0.10596225249211022,-0.0422791588952679,0.02628025042198856,0.05630040582410012,0.06636680044899168,0.02083242269079955,0.0398366274260992,-0.004296447325163655,0.06275473625952488,0.016223896948972527,-0.015091407079815378,0.018417546908915616,0.04680792880539028,0.08879461979707659,-0.03091505117049964,0.04755771845785084,0,1,1
2018-10,2018-09-28T00:00:00,0.019036236507522508,0.00044407588693995415,-0.030491211832570975,0.025983138621484516,0.05335249950133486,-0.09819138661925286,-0.026414251453570903,-2.0610078428906498e-05,0.071958510007325,0.12862724554578664,0.016192756506637665,0.03603111421207194,-0.005722091454832379,0.05693658524165501,-0.028185849138078867,0.040374545964766195,0.07026568294888969,0.0502067329486984,0.08788180980451223,-0.05474793059206595,0.015247613512392677,1,1,0
2018-11,2018-10-31T00:00:00,-0.1337476549186405,-0.11330856794855793,-0.17962828925133378,0.06240838672580818,0.07831029550758675,-0.21880617384435863,-0.1448609323213701,-0.07241149825932369,-0.04084577134619993,0.031185715025771055,0.0672824270726717,0.07289526561582557,-0.0747283151976883,-0.01939881965092094,-0.12296566916591711,-0.1280287728384405,-0.05139485544841749,0.11284925434580868,0.13154946911691653,-0.1684763617627395,-0.10413510442202156,0,0,0
2018-12,2018-11-30T00:00:00,0.03576269616656069,-0.0895567748405165,-0.15413716217147833,0.045450074343303344,0.08567591408835065,-0.19295349658425442,-0.09797636781754193,0.01785935665477978,-0.048715878816884994,0.004841803259747035,0.05441441680687661,0.08794332988418715,-0.05820355817623479,-0.0006189367796152201,0.03102380873573818,-0.11532970398035303,-0.12868062354900633,0.09790633252995765,0.15676792143158055,-0.14267933145082157,-0.06826669234575311,0,0,0
2019-01,2018-12-28T00:00:00,-0.031865712579422834,-0.13347452554410877,-0.13181218123557015,0.04057673272852947,0.08991670240050276,-0.21443771044783466,-0.10939156683901585,-0.07323545389074704,-0.1469663726031658,-0.08488356019221988,0.08616373244076317,0.11828719562935239,-0.15184168208329774,-0.0951748352738252,-0.04709816873234651,-0.15502220445031145,-0.12524017085227435,0.11549091575359757,0.18512057686862998,-0.2064665773955232,-0.12497894523163255,0,0,0
2019-02,2019-01-31T00:00:00,0.09694034709266175,0.08629897240789508,-0.03678800851963371,0.034893145767802704,0.07315663322308254,-0.15138994939573502,-0.021234011986350443,0.07868440166582613,0.023795588322290673,-0.03983607506689768,0.05351342356517306,0.11489245231942326,-0.07733511979655383,-0.013631679027922838,0.10121446837010883,0.11572156170768455,-0.06974925002102239,0.11812455392209587,0.19294590482206533,-0.12020890494429926,-0.018606375493236404,0,0,0
2019-03,2019-02-28T00:00:00,0.008132303405993468,0.06705288131458209,-0.03287142862366621,0.034143378032727406,0.06821259419883702,-0.12719348818537835,-0.015814492116013157,0.05473105690696012,0.04153436237466379,-0.038750457541381844,0.02731810925258611,0.10530472167799936,-0.04990531767145778,0.012813597368946716,0.09217387354651163,0.12355622282109069,-0.0338185072106969,0.05460195258511998,0.1709467454898736,-0.0661871994095643,0.03830230372705845,1,0,1
2019-04,2019-03-29T00:00:00,-0.042115865715503076,0.03840907887776002,-0.07289368466485413,0.03463930616562706,0.06308185384029152,-0.14896754303311388,-0.027459906865279216,0.01792425624958849,0.13884829955088396,-0.024628633152068646,0.033847232850520256,0.06721700321403637,-0.032875577124029665,0.028336786639197253,0.03355803601860918,0.22467948093040357,0.03229650846482701,0.07260107670457956,0.14484398230777817,-0.03212580380547014,0.0746275259273752,0,1,1
2019-05,2019-04-30T00:00:00,0.01628482396953146,0.011874799747353837,0.06799303821185831,0.030364313387253244,0.056006230601945275,-0.12395336269178403,0.009050439244078223,0.03931349831373798,0.1158447265625,0.08880199133460831,0.017835200990576245,0.046575275362047336,0.0,0.06264856133908525,0.11513356609480496,0.2587907411210819,0.32642928846888597,0.05612327467913805,0.10573597034257748,-0.02066680433013046,0.1836874191157465,1,0,0
2019-06,2019-05-31T00:00:00,-0.07344836888932471,-0.07000872502730604,-0.007650130442965031,0.03985987433561617,0.061153103012258764,-0.17637234065602891,-0.05592734577382397,-0.058716065786443394,-0.0184149759393879,0.02605731133913114,0.04106600264917565,0.057564107870615784,-0.0657777313668354,-0.008443694410035563,-0.16022230925386427,-0.04911486867140791,0.0764900181197492,0.08348214349626495,0.13000537939727722,-0.18428966420869786,-0.01833369953228936,0,1,0
2019-07,2019-06-28T00:00:00,0.053031736822065634,0.001184164003387611,0.034221305550012016,0.024264731006974936,0.05967873874086581,-0.09868810724419896,-0.0070763637748081365,0.05482523197805578,0.037877544143682496,0.18198507629008054,0.03398717810651449,0.05743989575930476,-0.004204185988123776,0.05927538544986333,0.10923060131847695,0.045467213225171665,0.28036224402235876,0.08732010459144923,0.13977681414192064,-0.08184922593493615,0.1029693760905257,1,1,0
2019-08,2019-07-31T00:00:00,-0.04593263485075694,-0.08124924869029759,-0.07033926750076402,0.040294807275025976,0.06347758615172798,-0.14047536645763548,-0.0452296542432713,0.005414310911574294,0.019375900894468945,0.111646492431281,0.02366020700454921,0.05900878841538764,-0.015030511323977036,0.06885852659077263,0.02997555414809172,-0.0006738273742845635,0.21283884503532158,0.06488703961361013,0.14390122627067545,-0.04906232794093257,0.14923007299668578,0,0,0
2019-09,2019-08-30T00:00:00,-0.02803586396813429,-0.03621908349034497,-0.10369215666083442,0.047364473991278744,0.06719383163274353,-0.16457288216088972,-0.06498762055793905,-0.009175400912332488,0.0663193036870311,0.04785499176089547,0.06673844889768339,0.0774565595186882,-0.032850212156393055,0.04310063002833209,-0.00466933201142572,0.15716791848212752,0.10392080978933604,0.09843946245612563,0.1480630486166948,-0.07219391510332795,0.09855375394127819,0,0,0
2019-10,2019-09-30T00:00:00,0.0628307214788324,-0.03171380379556821,-0.030567194137045894,0.03208279275354097,0.06872301267484793,-0.1241301551300441,-0.01770837034919248,0.017835009032413085,0.0041864137199001394,0.03820815888269857,0.02489910890736639,0.07451689288131037,-0.01623343956550316,0.05017564957832854,0.04207060740636526,0.04086671508559303,0.08985206024379577,0.06501153051414608,0.13416833012072488,-0.039006928872267865,0.10786941790209625,0,0,1
2019-11,2019-10-31T00:00:00,0.009902780425627533,0.026607801269134868,-0.043972668206210486,0.03513609986505929,0.065619277711591,-0.07344468007210991,-0.008734980724035335,0.05192873885101945,0.03598506437766802,0.031205500118065554,0.030995230513023407,0.07990488850596969,-0.0030228605633046968,0.05259740533101631,0.08649331772738789,0.10937021634729938,0.05126378177523683,0.07458409766923509,0.13838093108580843,-0.015707229164557912,0.13304504851002674,0,0,1
2019-12,2019-11-29T00:00:00,0.002150239268313925,0.07566367231985538,0.03194750032835514,0.038059583660222294,0.06075488618130049,-0.07145236443893566,-0.006066085687035372,0.030921257703590665,0.07330358945438231,0.1444843361517878,0.016864926360787017,0.04876121798102723,-0.004011219709926239,0.07304883392643235,0.03333213329532403,0.14081806055252533,0.32011806049638336,0.049911669929946424,0.11111466150221144,-0.014969096341574728,0.1430529774889311,0,1,1
2020-01,2019-12-30T00:00:00,0.03732173160296881,0.07207075127496387,0.029681515183578533,0.033760209653950116,0.059322400981050995,-0.022662671757150754,0.04868638256176072,0.021454691502878154,0.0821536478262821,0.08668399070458199,0.02263181138026661,0.047372139867287597,-0.005780822450430323,0.08612504568084445,0.062491706558982285,0.18324940795408984,0.23160492438414626,0.05183174887666446,0.10337582714804784,-0.010780414854043241,0.1937325444828788,0,1,1
2020-02,2020-01-31T00:00:00,-0.038653282891271235,0.012577146685040397,0.021465634624641128,0.053419076253181,0.0722269699891342,-0.06538316914075426,0.009740740454660113,-0.0016280928190489652,0.05866868810383696,0.09207869673961722,0.034277061387558115,0.04374826758527734,-0.03126485724869488,0.07093193431163214,-0.03227146201048081,0.07732361645413754,0.1838318475328069,0.07807822152864094,0.10477401444396862,-0.07990250790152975,0.12321236594736718,1,1,1
2020-03,2020-02-28T00:00:00,-0.07494878502531421,-0.06332763650801876,0.019868582850358862,0.07126584272764207,0.09468799928751967,-0.12360348009014221,-0.051370959546699124,-0.09750716110551982,-0.05932140144609932,0.02295062592769881,0.06967808928752779,0.08050615184429974,-0.12755782942204108,-0.030504897751231663,-0.08240163347118534,-0.01028281896098493,0.1659022234179237,0.11142979899406755,0.1408305886594247,-0.13839856576787068,0.04914699225675312,1,1,1
2020-04,2020-03-31T00:00:00,-0.12377965348907216,-0.20395967455743202,-0.15419470618321207,0.19715003066502299,0.21319775291704082,-0.22609327835552429,-0.14983125673068542,-0.1636253274914593,-0.19765371743960547,-0.13173804350741225,0.2712342676960863,0.2825053395735572,-0.23671716774804308,-0.1460748689214304,-0.14432588924638534,-0.18098127086843463,-0.030896573651764236,0.3444024866191856,0.36497990446039796,-0.23688306854240337,-0.0808687456495164,0,0,0
2020-05,2020-04-29T00:00:00,0.1342014909452125,-0.09331468408112198,-0.06975546057052129,0.08341536240407856,0.22463886157491086,-0.1410033923944205,-0.044306022782430676,0.11910993815457127,-0.10200094780324898,-0.032871375024659644,0.12036215935496271,0.306443350586932,-0.1319019846903351,-0.02220143453316148,0.1633652416665219,-0.03278632539255655,0.07164533660276518,0.1758396831326363,0.3994229671560766,-0.09181105846646875,0.08156647854446697,0,0,0
2020-06,2020-05-29T00:00:00,0.05556044403101912,-0.02271317647197124,-0.03442500651596092,0.05136120161162664,0.221805526353593,-0.10481862362512406,0.00029341087667855703,0.03565221702935473,0.03049538923439843,-0.030635041438729638,0.06552875398990576,0.30481739249281786,-0.10095236584576273,0.014129313131678867,0.030443429696650703,0.08616036434574137,0.07499157395657674,0.11995968210375037,0.4010143936610717,-0.06416267227361705,0.0981518205758336,0,0,0
2020-07,2020-06-30T00:00:00,0.020943497764633445,0.22739318874184145,-0.037327402233615525,0.09167983532643927,0.1337871658085036,-0.07009369142132538,0.02853006164717309,0.014582459470752873,0.19952871969448593,-0.037562590928699735,0.086820106689239,0.15933524070759564,-0.08442032146402911,0.02603386692881471,0.08311448969398438,0.3216292882775116,0.0824391400681026,0.09472290004067066,0.22867333025866934,-0.004100492169886172,0.15060838398710064,0,0,0
2020-08,2020-07-31T00:00:00,0.05338652961489854,0.1867709856029589,0.06151934479832577,0.04115698363615299,0.10870988773271607,-0.007886154068805773,0.08872322762534357,0.04982894109905667,0.1555829323129032,0.014137285578800007,0.03923982029795582,0.1092163691712207,-0.03397067125605724,0.07300485938131951,0.08613709001768699,0.29920328411003694,0.19357173073892175,0.07362143008890187,0.1539637159732457,-0.005187370010225845,0.19349158351688645,0,0,0
2020-09,2020-08-31T00:00:00,0.02609600833456005,0.11449843434361151,0.1706885775323197,0.06440865786517179,0.11741627907664577,-0.045685635082820975,0.11236245928505761,0.07006466690171775,0.1361617948878675,0.16546077307035612,0.023425560977254394,0.09668646248037753,-0.0021949627140287475,0.1345934977799368,0.05805066660114844,0.20017940364491427,0.32556320953735596,0.05714068714530425,0.13075492782299067,-0.001638574078245525,0.22386194144239902,0,0,0
2020-10,2020-09-29T00:00:00,0.0007394002849707704,0.10499356649399005,0.35569435985704345,0.05322873485707954,0.0923059884967117,-0.04734454441765057,0.09887654165092652,-0.0491845914299508,0.0758573967846381,0.29052184573891937,0.07050663841465647,0.08492157898382609,-0.06852305916069013,0.07281513954687036,-0.00954882386805922,0.12325944448479942,0.48453258016543854,0.10621099563246371,0.14071315975479134,-0.053860852674172066,0.18378407844765432,0,0,0
2020-11,2020-10-30T00:00:00,-0.005108033877284646,0.004501531753944521,0.1791061225806172,0.04217662596460471,0.09101137459954634,-0.07220151177391654,0.06165355416401397,-0.03278516513540786,-0.0074819616527141974,0.15028457480133528,0.061354545724467885,0.09699942164605092,-0.08681765153502174,0.044892206343130514,-0.019906062475165354,0.031635893662527614,0.3520434818070197,0.07961325646794136,0.14298648182389548,-0.07698032432094037,0.15211265248200734,0,0,0
2020-12,2020-11-30T00:00:00,0.14299459652479585,0.10530834176918202,0.2767738071845982,0.044937561480158164,0.08391133320713687,-0.015990379183971726,0.19601138128243956,0.09411160513728545,0.034659736477028025,0.17554086329394814,0.04852594996748824,0.1058911255708171,-0.004595548640170977,0.14866559672443125,0.16633026257693362,0.17831123758886358,0.41418487843750307,0.0872407755128069,0.15911335934340462,0.0,0.3243407690757718,0,0,0
2021-01,2020-12-30T00:00:00,0.1088741242922524,0.26096302048313236,0.3725805823372277,0.04667499831620717,0.07939266288802929,0.0,0.28527178264538344,0.030486316885660614,0.10973536695286956,0.1977559679822931,0.024950101965965088,0.0819280160198323,-0.0008888214961599861,0.1562303167396708,0.04515880658004301,0.24047282416418958,0.4152508145343967,0.054680581157589565,0.13072512718313825,-0.011540086630403956,0.3116386282575452,0,0,0
2021-02,2021-01-29T00:00:00,0.05520276497257082,0.27917154597462335,0.3419286234410699,0.08797745399346574,0.11135909216075793,-0.07253996740571744,0.2529192332240948,-0.003434373844651506,0.13549553411858173,0.14417384642910624,0.047186976593617494,0.07317858353470985,-0.03660361503347831,0.10873684317147347,0.05442925682116706,0.29874317514825943,0.3443598577366902,0.09391410373325194,0.1398085481085069,-0.0782492169528538,0.2726881452335428,0,0,0
2021-03,2021-02-26T00:00:00,-0.0405565390186049,0.15096492418402874,0.30736913562342316,0.07873991492949325,0.12158807522528559,-0.061090885187891075,0.21339334582274638,0.01609799654419919,0.048341175956250204,0.09555783971201093,0.04531626887797041,0.06569819566744049,-0.03143215166236235,0.10545497971769824,0.06695010042005567,0.1757793591075847,0.3632473764074895,0.11516809747028692,0.15360125076483397,-0.05288794067756242,0.2776640355271236,0,0,0
2021-04,2021-03-31T00:00:00,0.005765622057394504,0.0906920205178805,0.3124551706568641,0.04183619453328441,0.11891385493168768,-0.04598645331037532,0.18045534644516303,0.02650960328039842,0.06596383482305335,0.1911034809108565,0.04355817670226557,0.07823920659865877,-0.0004151792328563886,0.11949807542307211,0.017584192797750475,0.14130124931197385,0.3934947800641935,0.14723979334843942,0.20924581773494233,-0.03519073741186152,0.23411159523612102,0,0,0
2021-05,2021-04-30T00:00:00,0.019582887539844718,0.02567897471200986,0.3422222245355466,0.029630437633178984,0.09203905995415637,-0.022616153275469397,0.1631166024205617,0.05242532134755851,0.12571345224549169,0.27824259772196713,0.03128884934809072,0.0698503790497533,-0.007194706699326425,0.14384466206501179,-0.005104082469085003,0.07686309562064286,0.39856859600633743,0.08377956426013569,0.2052301964062873,-0.059429467714884665,0.16853083721561468,0,0,0
2021-06,2021-05-31T00:00:00,0.007056471184266222,0.06338305441444447,0.22391659660270213,0.04060644192218342,0.0648341930340984,-0.013966123863966229,0.1458932880706485,-0.0017476917055135877,0.07747404791246071,0.15826869709019542,0.040318879679908964,0.0666310133134528,-0.006731142493422881,0.12286889567276638,-0.004977343140124879,0.005506262193607059,0.2254869052708195,0.09484570221777396,0.1913519824125083,-0.035962000558237506,0.1583295242106466,0,0,0
2021-07,2021-06-30T00:00:00,0.023219376241780276,0.0768466972089008,0.1745080999667823,0.022176324499811186,0.0539221070250822,-0.0018651088415043704,0.1389765552706861,0.022717527688955075,0.08170629345361147,0.15305978872204262,0.024730012420867527,0.05577296477249996,0.0,0.12095562190187814,0.05386665066914631,0.07051979280226783,0.22178557693842382,0.0579287993822684,0.133942068652854,-0.001063062605945353,0.16918471448595573,0,0,0
2021-08,2021-07-30T00:00:00,-0.02429571330530156,0.017300629341531648,0.04342386647690466,0.03144405974388768,0.05529070501280151,-0.03112960864638714,0.07058758732115478,0.02274805482838871,0.05120333489197049,0.18335373513321396,0.03396484976136821,0.05689504537354738,-0.0061144744265955175,0.11609449706673458,0.003353940443966419,0.0796207256504673,0.16260371672016705,0.0677838310311795,0.12480622273859286,0.0,0.13108633694626093,0,1,1
2021-09,2021-08-31T00:00:00,-0.0009524497124010489,-0.007741371145575382,0.03771664185261758,0.04347000025641993,0.057744696650059796,-0.0320524089719858,0.03979995708870532,0.030890146405570862,0.07475073187881964,0.18403448694400648,0.02420011794723712,0.047814641954487265,-0.0013491160395050494,0.11680761186402489,0.011911206424022103,0.0690464099190291,0.1485894786796429,0.051035643619839484,0.10134424096634836,-0.008333228256229619,0.11147644075344076,1,1,1
2021-10,2021-09-30T00:00:00,-0.020766404803071015,-0.0662856949299897,-0.00038434255394947936,0.0357069419713767,0.06084711230800437,-0.07152038610917011,-0.0187623788737038,-0.047569168801901096,-0.0028703876701844377,0.0715619941661867,0.03671158918702206,0.056090830486039925,-0.05056483901609121,0.04183803299520816,-0.04670654242619521,-0.011219816951956507,0.0055306253831450825,0.059869186575192815,0.10177359575158841,-0.06204226269772295,0.033443386218831694,1,0,0
2021-11,2021-10-29T00:00:00,-0.04107271764383236,-0.07884464050018947,-0.07672037103261908,0.04994216675132637,0.07184436289355041,-0.10121294358013733,-0.05495525108665367,0.0691438364006065,0.04974054258120075,0.09843863112712792,0.031326153389167694,0.056191821772473734,0.0,0.0938848937444432,0.05929238493392752,0.021844632999713287,0.12295588281554592,0.05916577087443638,0.09821944086427632,-0.00642851148584056,0.07747104637578928,0,1,0
2021-12,2021-11-30T00:00:00,-0.04697306236209953,-0.09254187008597081,-0.10967374874799385,0.04631154593304409,0.07510019236940206,-0.14105002607448291,-0.09219558634864189,-0.008333706184746159,0.009799460164369167,0.08528270886249256,0.03728316060622318,0.06270137893755771,-0.02923559751229332,0.06301073700805992,0.11066939098081674,0.12157227729646891,0.1990128165084999,0.08373126288293171,0.11935201395247576,-0.020143058684440773,0.168879908976721,0,1,1
2022-01,2021-12-30T00:00:00,0.026874985318575018,-0.029708540737080624,-0.09402498439895701,0.03398329799285422,0.0783090235645936,-0.09910416054199467,-0.04546053922566795,0.04636084529641993,0.1093872458835694,0.10620287441152532,0.050285871511459315,0.06991085872666682,-0.0029897555945093135,0.09144006961998885,0.030997456255446698,0.21299286773901227,0.1993833097989519,0.09874302294100717,0.14051147970729339,-0.02165360909904024,0.17337235102023496,1,1,1
2022-02,2022-01-28T00:00:00,-0.11816938504812458,-0.10345774395838891,-0.17414529582921856,0.057961714908439634,0.086676604856318,-0.19419942473633744,-0.14069243693948497,-0.07536103377003722,-0.03580391413663908,0.008324953241084954,0.047578807527236436,0.07972151789348327,-0.07603573320927526,-0.0007142012519518737,-0.17401582215079137,-0.03938263092519312,-0.01582888473792521,0.10783704523437787,0.1720918766587696,-0.18222757355280939,-0.034888371328015144,0,0,1
2022-03,2022-02-28T00:00:00,-0.007796662160584389,-0.0985576225322089,-0.11806204749275462,0.06559897925878547,0.09389377628900226,-0.18335598538647113,-0.11749923880620461,0.010962687790073256,-0.048030124396080565,-0.030033058334479334,0.069630219126085,0.09813284115493101,-0.08810900145622347,-0.019741156190147602,0.05719174762542378,-0.0871941784643312,-0.0020136832991384246,0.13656864966321985,0.20537668235917805,-0.1510034580912306,-0.008418527831654421,0,0,1
2022-04,2022-03-31T00:00:00,0.021662124120634507,-0.08022227752216038,-0.11828000132390692,0.04975707197157537,0.09462210321890993,-0.1656657413795396,-0.08298031274144901,0.032798085941613486,-0.05196356045092798,0.05173953466861003,0.06564170476424731,0.1065557210500304,-0.05548766180189968,0.010345529632785455,0.003758631978880933,-0.13234684717075262,0.052457086053144364,0.13567306922799616,0.22532002021415706,-0.151134669375667,-0.015581599613855412,0,1,1
2022-05,2022-04-29T00:00:00,-0.022700435418731346,-0.009314783817986227,-0.11611043994442483,0.04229655179315353,0.09132991923043574,-0.18460549233498846,-0.08569217065688883,-0.1022325065050057,-0.06767375142801202,-0.10105468037921839,0.06983168323780992,0.11774131459427566,-0.13856386132843612,-0.08031062097026231,-0.16783809796575233,-0.11614092251960462,-0.15094961835789678,0.12177769340265066,0.23108338175697385,-0.2772044175714816,-0.1579327472589247,0,1,1
2022-06,2022-05-31T00:00:00,0.006901586201550236,0.003414535686718345,-0.10390252913888853,0.05085641323665455,0.08150951830069296,-0.18737389331178433,-0.06935685672827407,5.317770464463578e-05,-0.04043180689448722,-0.11237159498648674,0.09026210492124294,0.13211396748173776,-0.13851805213188362,-0.07246105686414006,0.06128968735928786,-0.06238109147407489,-0.2076056221255007,0.15067163010758608,0.23766832235689972,-0.23290450229976334,-0.09651151381914946,1,1,1
2022-07,2022-06-30T00:00:00,-0.1262408061800504,-0.14900391657105994,-0.21592727817627233,0.0665134952930566,0.09417282184169308,-0.2942536419330868,-0.17154967944307653,-0.08391999993382682,-0.17752941972781566,-0.21023733553568202,0.08491554347943105,0.14108869870249358,-0.21081361713996893,-0.13842101401875673,-0.1750546042564296,-0.2714372275648118,-0.3608336510729465,0.12605297022061743,0.2317766083828627,-0.3671881010765672,-0.24116186267868833,0,1,0
2022-08,2022-07-29T00:00:00,0.05095518935436982,-0.07107078066790695,-0.135056763347027,0.04611666362313852,0.09910815173381357,-0.2526780167002619,-0.10427378321460368,0.08155899963227031,-0.03666704628279882,-0.045352891173736753,0.05574527585561338,0.14060407466080202,-0.13890580153114696,-0.04964534383189756,0.1482828485535974,-0.02919165664644463,-0.08534528588837087,0.10657155684376719,0.23050375332038664,-0.26547034531292557,-0.10284662163853586,0,1,0
2022-09,2022-08-31T00:00:00,0.008074237466867196,-0.07961944275325261,-0.07647677049517199,0.04309535245374061,0.09474549103782047,-0.22917536099776237,-0.07781501885680231,-0.033288589226301735,-0.03565515251891249,-0.09837822867672485,0.058391493042489,0.11785939421633881,-0.17545074976929975,-0.0795944832838672,-0.09996137740041178,-0.12188798835951531,-0.21625744653009582,0.12266172239120411,0.20852271440296355,-0.33719934197329327,-0.1741269559070645,1,1,0
2022-10,2022-09-30T00:00:00,-0.1205419777988046,-0.0759439564192469,-0.21363192604393721,0.058818186908508374,0.08910118582730871,-0.31364969908335416,-0.17680230265655084,-0.09339567201327437,-0.06266386325934903,-0.20854404049026332,0.0687305152096521,0.1071729015229533,-0.2524600811026375,-0.14892244792223575,-0.13845198356571953,-0.06172970566002356,-0.32729660216626566,0.09271569149461531,0.18634198535964294,-0.42896540778575487,-0.2565875646595852,0,0,0
2022-11,2022-10-31T00:00:00,0.0573091039560123,-0.050473362117749776,-0.13680918563372946,0.05429786372255802,0.09425059965481669,-0.24776980313606367,-0.09897743641546852,0.0798634138370089,-0.05358097865829026,-0.06820072059258642,0.08067624624657307,0.12220960162278242,-0.19275899120005335,-0.057760464949570434,0.03370616102909296,-0.19843685984641568,-0.2110322281232998,0.1327694256924571,0.20210101096919889,-0.4097180238673991,-0.1885520206516591,0,1,0
2022-12,2022-11-30T00:00:00,0.058799625010232504,0.01880601870662768,-0.06274332043274822,0.05091386606609939,0.10089387591120859,-0.18386768633615325,-0.011020308794302935,0.053752893352493114,0.031633402635113717,-0.0051496436794459255,0.08065995002050022,0.13431826180043224,-0.14936745134427087,0.007359947236162956,0.18553551365880017,0.05582310051010397,-0.07286905327457893,0.15760190061416188,0.22806686254545078,-0.3001997542221053,-0.00708784623375136,1,1,0
2023-01,2022-12-29T00:00:00,-0.09550141925688738,0.030157569688878727,-0.05954191921416363,0.04628189483214198,0.0924598039660074,-0.25952907398918257,-0.09226184130874515,-0.027377459925238323,0.057357995059473144,0.016880775103844448,0.06165804937139825,0.12632408528736447,-0.19749153929589225,-0.04031139042792664,-0.05081158374700678,0.07991523889192753,-0.008332537438875298,0.11209551323879281,0.22740705622920834,-0.37054594245834305,-0.08865636194881799,0,0,0
2023-02,2023-01-31T00:00:00,0.06342175011506068,0.057320104353264956,0.003953603851865495,0.05036748307722437,0.08812430502550117,-0.1528637025323446,-0.0014213823942574866,0.05905521724302765,0.044998035514935975,-0.010204797797356058,0.04729000235940663,0.10737811549619351,-0.11982899825070159,0.031004692757259145,0.15265388988221784,0.20062787217562605,-0.018936899053782152,0.09770950773278514,0.2108552584269313,-0.2002890354750686,0.07411314310245576,0,0,0
2023-03,2023-02-28T00:00:00,-0.015352105309040187,0.0019018125408925002,-0.02600046497156705,0.046793038067016575,0.08489853358941149,-0.12552546377384677,0.0031666358842512565,-0.024667405665226405,-0.013901774714771498,-0.021566620086731936,0.04690968726733433,0.08974008978770255,-0.14281245819284283,0.0076002518950131215,0.004454556953987998,0.07528155054812213,0.05715682827607815,0.10638353795123141,0.1816393728726921,-0.1840230173296622,0.08643458306708673,0,0,0
2023-04,2023-03-31T00:00:00,0.020186588048799692,0.08612780830777234,0.14178374621233103,0.04384847176413092,0.08042350593237502,-0.10232670656219967,0.03932753335660455,0.03213984146052051,0.0675529001054187,0.12878559407539147,0.0538103108019246,0.08341462615400241,-0.1032876385672109,0.04415084353248466,0.08268796764110697,0.2745261917018478,0.37638025678571974,0.08611234144390459,0.1633662149240661,-0.05778357905457132,0.18116411096872764,0,0,0
2023-05,2023-04-28T00:00:00,0.01971747416413172,0.020836843219547374,0.10277293995307035,0.0350620147747133,0.07180461063541511,-0.07180572383633366,0.04309208244239593,0.035172940087562665,0.02430130509096906,0.08846652591583326,0.03565860069080536,0.07827509675928736,-0.031524716316681856,0.051637720376678686,-0.051357137129168784,0.016874497360953367,0.26033415907703006,0.060068640144486575,0.1478144116822986,-0.07301156004150944,0.07787366962001308,0,0,0
2023-06,2023-05-31T00:00:00,0.032578624448514226,0.0726202146015944,0.057123872424696964,0.0256520487168771,0.060437160737969134,-0.04050031241347729,0.06942942509915095,0.002869561814841548,0.05781261575223273,0.05446352364313589,0.0379087043538047,0.07276354763243553,-0.02912062424507067,0.05141373506907554,0.14378167961635402,0.16826063757735144,0.2890867834889057,0.11430071343381325,0.1553077689991796,-0.027106055927718087,0.23168030896724567,0,0,0
2023-07,2023-06-30T00:00:00,-0.0049823397074086895,0.04924879344227184,0.10665740877810093,0.029323165289592137,0.051959456889413974,-0.02910837865591387,0.057907392097699795,0.06472746490423464,0.0986340569665265,0.17634711099957023,0.031134946120517093,0.06026763862129219,0.0,0.11201120486491978,0.06367467994888365,0.14487605350355648,0.49707562419803186,0.0724512795116411,0.14817348819769466,-0.017832727162577666,0.2724539792994112,0,0,0
2023-08,2023-07-31T00:00:00,0.02663517558449069,0.05479985107853613,0.059806304870998694,0.039610350617772266,0.055008556727366244,-0.003248509847903369,0.07165228961445447,0.043789980551780294,0.10060726575825663,0.12735345870878545,0.025076834718221808,0.054002845749909774,0.0,0.12505073960951063,0.06846641723771274,0.28937182028102626,0.311129321659646,0.07596117445304668,0.15281664344803764,0.0,0.28074637491117094,0,1,0
2023-09,2023-08-31T00:00:00,-0.04154373375585241,-0.005021038987695903,0.059440046447275297,0.03721478717900045,0.06305554321360854,-0.04154373375585241,0.02834516258618458,-0.00126955133395934,0.06790778896864413,0.13219386531809385,0.034565504983414805,0.05352051361191732,-0.017716390070854016,0.08428954336919725,-0.01095758296840943,0.04682124761558848,0.23015900871436967,0.08127626797057459,0.13563190607423126,-0.04938328036579842,0.1626984919907899,1,1,0
2023-10,2023-09-27T00:00:00,-0.0341239760630907,-0.03331344480483356,0.01237407397232304,0.035514508702247274,0.06654695779394311,-0.07573854260389135,-0.01250649130450776,-0.035819803007218876,-0.023384367069847256,0.07635838021649888,0.0347092733263845,0.055372483431187655,-0.06852319435976506,0.018674654627096166,-0.04987752496081044,-0.06872737061895517,0.09948087366674807,0.05974595366137223,0.12819686444322445,-0.12953596949555535,0.041876357500818306,1,0,0
2023-11,2023-10-31T00:00:00,-0.08725599363686443,-0.1212679196410501,-0.09728948276822869,0.05637356746728207,0.0774645447811877,-0.14588296075938467,-0.08996390001552224,-0.02205730565914077,-0.07080937440599655,0.018016333013310515,0.04170081704720058,0.06179315992750075,-0.08611104904242195,-0.011393490542621065,-0.06754721094907512,-0.13355700830785866,0.07308642289101575,0.07370302293186017,0.12142599115526216,-0.1672195445525375,-0.03022517326461327,0,0,0
2023-12,2023-11-30T00:00:00,0.10155284872798798,-0.0031925145090516693,-0.009191780160570429,0.07165533869368235,0.1006557510836523,-0.04941003645170006,0.010721285119579704,0.08917926878197013,0.013341655393899865,0.08215544668152508,0.03221564039681622,0.06406127746118391,-0.00461110064810355,0.0663156117751389,0.15818022461554704,0.0146148653021001,0.06212039914486667,0.0704462445249511,0.1205230247034751,-0.035490145054420386,0.10058134666698804,0,0,0
2024-01,2023-12-28T00:00:00,0.05294715556364915,0.058669268881469394,0.028301479167728294,0.03581630853118066,0.10156840208017119,-0.004420595919983672,0.0542125637954709,0.05015707384373447,0.11248456412635965,0.08800533190639759,0.026883496320598187,0.06072459318351582,0.0,0.09977841114200192,0.13186764700668308,0.23025211643279597,0.16449104786843227,0.06949266176575263,0.12627726819482768,-0.001402192903186994,0.21001943817380875,1,0,0
2024-02,2024-01-31T00:00:00,-0.0646937298581085,0.09618132590376627,-0.03675030303795135,0.04095242376657521,0.09276261056373111,-0.0646937298581085,-0.012596578715172613,0.015895707598991615,0.16291323041602257,0.05875809213622363,0.031863202323064534,0.053250813356614385,-0.016696720631691142,0.09282915869101527,0.020464690833496446,0.3377328795614638,0.10437740947608942,0.0895013027360629,0.13292292706214692,-0.04960824930896357,0.18475120585341798,0,0,0
2024-03,2024-02-29T00:00:00,0.0566693502138409,0.05878212596222965,0.05462387045375183,0.04828413108042314,0.0754934655943452,-0.014140382726175904,0.04099764157164665,0.034781896583091276,0.11885684759951176,0.13310124494823983,0.039101575315781296,0.05372879962132714,0.0,0.1268343074395022,0.09419689985916668,0.27124122197489453,0.3023360433462152,0.07864311897180284,0.13602294076362803,0.0,0.2610023559731538,0,0,1
2024-04,2024-03-29T00:00:00,0.03556920335279257,0.05534478733015469,0.07301127977494826,0.04524063259250335,0.08078632335399957,-0.0037939293765071325,0.07542125711772063,0.03641007475005953,0.09887317828140141,0.22922870358397285,0.028004570508061013,0.05408463592239924,0.0,0.13768764836847436,0.06574758981023487,0.16386413454007887,0.4592715822210891,0.09633557818263172,0.14865330767662163,-0.05045077233397799,0.2571429211789229,0,0,1
2024-05,2024-04-30T00:00:00,-0.019867920523340188,0.08613872367536368,0.17092922695813284,0.05713150306957451,0.08702922508105164,-0.023586472412523762,0.050655797108761114,-0.03968138902926199,0.022481298715024245,0.2230355294962012,0.03940136319405474,0.06250251267043781,-0.04161507173789869,0.07242471667175066,-0.058201222725264845,0.08178480763709772,0.4481466824318452,0.0965859950742157,0.15508276646070346,-0.0953438781355096,0.163100938395349,0,0,1
2024-06,2024-05-31T00:00:00,-0.018947371098591015,0.004369429340307374,0.04833478881645337,0.043202491986347576,0.08453559929462685,-0.04373091357766257,0.02464291610154068,0.05163401446418314,0.02733648013352674,0.15974440071814344,0.02699890290035235,0.056045043267240836,-0.008249766384468393,0.1055049351067665,0.13658459861635897,0.03930959272091905,0.36500621220712204,0.06404660546362408,0.14811772757609684,-0.03657672143544599,0.2332506848646787,0,1,1
2024-07,2024-06-28T00:00:00,0.045015507165139246,0.014772814514708577,0.07019852966514462,0.03896125645260224,0.07949363423933926,-0.003493984201114908,0.07948699419900329,0.03674418363182719,0.039230328961986416,0.14198233455288412,0.020320140954273754,0.05254403799393379,-0.0048386478162235624,0.1221500003963576,0.04846224219342821,0.11560153575548959,0.29840861590364565,0.08069058307983988,0.14628500872393282,-0.0507986556410851,0.2630814468866147,0,1,1
2024-08,2024-07-31T00:00:00,-0.0036572015933061808,0.03097743645070561,0.12158239061411491,0.04212482874801756,0.07011816646764846,-0.04173142378980943,0.05546224597427618,0.008622682418881533,0.0966322130518944,0.12128592941403227,0.04269995275898262,0.053273954184430594,-0.025568249864342363,0.10507989888980163,-0.04454318959904713,0.1198040773100344,0.21138703836407324,0.14636713906578921,0.1812220778864928,-0.11370231361626026,0.14898952658664677,1,1,1
2024-09,2024-08-30T00:00:00,-0.03478551727212853,0.014333302528542369,0.01876536022146147,0.10983745948279353,0.12174152069547511,-0.0750652918989071,0.008381911461676328,0.037035353656241776,0.07027748942020695,0.09953510874710325,0.05545138404446379,0.0727527975225807,-0.003317386420246815,0.1014966551640708,0.06157515142015435,0.006921231747088363,0.04650289526911244,0.13462550148235639,0.223544050700173,-0.12629607215978034,0.09117800713084012,1,0,0
2024-10,2024-09-30T00:00:00,-0.03569024094775497,-0.06852942646606175,-0.052710997426489214,0.06116168675661203,0.13047454934298972,-0.10309373408866185,-0.02575581489187695,0.030493784061834006,0.05249048781305676,0.09891928116707693,0.039981073392954716,0.08028762075421833,0.0,0.10094059821509704,0.02859473253342948,-0.055519722697360496,0.042514249367348045,0.13016859522758642,0.24394961871238782,-0.12388432894510304,0.06748596818717645,0,1,0
2024-11,2024-10-31T00:00:00,-0.03533505646427937,-0.05699740120124419,-0.025493559595267667,0.04434686939338053,0.13109642616890615,-0.11593206771612186,-0.040708053054456794,-0.0007163175530811028,0.06712542883379591,0.1266241410822484,0.03200170277591299,0.07208947808831537,-0.027148966384044293,0.06556140611142691,-0.02989688372161614,0.07356942453987059,0.0741311507495368,0.08817310669541419,0.19825445804270622,-0.16221247255943316,-0.005673264572208847,1,0,0
2024-12,2024-11-29T00:00:00,-0.03921522370126429,-0.08973283893682849,-0.09808338594076571,0.05361618106752569,0.08894989108910192,-0.15060098944774836,-0.07812879974253573,0.03761994813543912,0.06798031072648048,0.14303528571455004,0.0402471333693879,0.061476360721112636,0.0,0.10580888699276114,-0.04403426909933228,-0.04502187972036287,-0.038412254836508786,0.08539197434208033,0.17288356669401558,-0.16563186531021135,-0.02177196274341009,0,0,0
2025-01,2024-12-30T00:00:00,-0.0419935300544062,-0.10184276330513231,-0.13512877312113158,0.06438646221500754,0.09176114783891594,-0.17011433787301666,-0.09264430006026747,-0.015303261915343591,0.025069060791036213,0.07887543583402956,0.04157839937948125,0.06327407380032345,-0.030102126430694875,0.06473692285635568,0.03575100986380475,-0.02832951701871178,-0.08227639278704324,0.09356707519401236,0.14975382426115902,-0.14870426275861282,-0.007717162540831768,0,0,0
2025-02,2025-01-31T00:00:00,0.03148923059070441,-0.02551026483700991,-0.09947910098370305,0.04102511481910978,0.0923766536979638,-0.1293444127613259,-0.04135394677691728,0.022615744374437696,0.035592784756508955,0.09384314484861189,0.03991760881381288,0.06960066332883194,-0.012777231847948434,0.07292710885080145,-0.002120689795859665,-0.05932290771924975,-0.04152925579187716,0.12098468478193163,0.1752921687265196,-0.15050959694183952,-0.016059530707703717,0,1,0
2025-03,2025-02-28T00:00:00,-0.0015846812732075444,0.012609761232685424,-0.05293979585325381,0.05660802366095217,0.09451376353982023,-0.12401475305603238,-0.0321014520556433,-0.014043004543717319,-0.005489909015836902,0.058427282648526147,0.037022906254192724,0.06767644178429055,-0.030866744034257043,0.040980507872568905,-0.03077409866634817,-0.0443411131973146,-0.07506939605864116,0.09857668708655667,0.17882790447228636,-0.19269748897208827,-0.07216095096294461,0,1,0
2025-04,2025-03-31T00:00:00,-0.0536396997473062,0.03201556390835436,-0.038623655360626286,0.06145001954741643,0.08702216721126982,-0.14188180836394926,-0.04731152957408169,-0.05754469768137538,-0.0705148506459855,-0.023239585406659824,0.059525851914637634,0.08123992201859993,-0.08663522426177273,-0.025758262846523272,-0.10412121974484712,-0.1748455401836111,-0.19585158162484695,0.11576055560421224,0.19112028963386593,-0.2767548111233924,-0.15812886551470562,0,0,0
2025-05,2025-04-30T00:00:00,0.01396857144046737,0.007809073719823312,-0.009461308701492532,0.09594019725504777,0.1221067732864265,-0.1157729015610105,-0.006487317261460013,-0.007624943346289825,-0.07786485466677584,-0.041159627172020596,0.14249423213540816,0.15651518588771357,-0.09359957893127346,-0.030801445389324833,-0.009446432881640487,-0.13989350363855457,-0.18852335864522962,0.2659368922343749,0.30200026139792246,-0.2835868982570847,-0.137273633296222,0,0,0
2025-06,2025-05-30T00:00:00,0.05838288810743841,0.021422909518987288,0.08676660640907374,0.04085452366071223,0.12142996901039219,-0.06698606852841815,0.055879214986583436,0.06152382614078289,-0.0071895303709379466,-0.01263996951917179,0.048061209853478816,0.1601655627101751,-0.037834357011508724,0.02185777187020066,0.12481300264197248,-0.0018230327594797036,-0.046083310654843834,0.0997732419247726,0.3037797430944419,-0.19416922789650248,-0.021961785410132828,0,0,0
2025-07,2025-06-30T00:00:00,0.15038483362887622,0.16178885271429788,0.2502797847262481,0.05201740551251556,0.12305993370527657,-0.011759044101383398,0.18905555917356764,0.049521626967150345,0.11181096024283965,0.027302825011669363,0.02803396338039672,0.15083092874838383,0.0,0.06374339401460771,0.141150680869091,0.29443555099335694,0.07209348615740852,0.07251000753682701,0.2879638702891914,-0.06063131042072534,0.13457762821419172,0,0,0
2025-08,2025-07-31T00:00:00,0.05540700980338453,0.273290727865388,0.27419058316123124,0.040852573281396146,0.07604272815243493,-0.0027746543609754593,0.22539586804853706,0.022810607991917697,0.13832317662588056,0.04968780791408367,0.019041626165671243,0.058217169917936566,-0.007884459481093509,0.074689600808586,0.018233304017249097,0.32572123264964636,0.140261444566264,0.05651635103433783,0.13293339003784382,-0.03099878834983305,0.1324178374374707,0,0,0
2025-09,2025-08-29T00:00:00,-0.02103567141616902,0.17105171414159748,0.21127706923955714,0.05425236284623101,0.08650904131965235,-0.02103567141616902,0.1768429902351878,0.019066444295036122,0.09279407913065518,0.0849374029095642,0.0343803078079548,0.04779704216051276,-0.00639818429357164,0.08403333924280343,0.010881043306846694,0.19143934115907557,0.18926730820920956,0.06995080049542879,0.11352947077312765,-0.037957700758157964,0.13210183757327765,0,0,0
2025-10,2025-09-30T00:00:00,0.08962024993939077,0.11366933731445483,0.3387908129870085,0.044768611946812364,0.0831376331298739,-0.017666806681553293,0.22234811629187368,0.035323687218701494,0.07913027146756102,0.19184579854171235,0.020526054683001872,0.04369136800297079,-0.0007902952847805844,0.11081426746734424,0.12363508699276116,0.15657191542782578,0.49161081249933547,0.05031287838349726,0.10300836525680897,0.0,0.24411575027884558,0,0,1
2025-11,2025-10-31T00:00:00,0.18333901054230628,0.2797863777151015,0.6263719352162567,0.06697556565661199,0.09694801398322488,0.0,0.4041946279111859,0.018591748135339037,0.08061059956800976,0.20284811485192722,0.04119482742106514,0.052156695141912686,-0.007356080332226456,0.11923128834722374,0.09089129873155843,0.28522990952523486,0.6439795948055547,0.11738827459755265,0.14426722634769024,-0.013546802050507623,0.35866850065503697,1,0,1
2025-12,2025-11-28T00:00:00,-0.039222932083051165,0.23502527402429862,0.48487000185201223,0.0991070638796253,0.12744713520171977,-0.06994057635614404,0.2765950580122938,-0.0060227064650556494,0.06018799432709532,0.15856716296605455,0.04351456163730918,0.06170447815644133,-0.006066022261189907,0.10874317967525693,-0.041318662456444555,0.23923519651913527,0.47647356608189617,0.11779418040409571,0.17346923321502833,-0.041318662456444555,0.2805800366897595,0,0,1
2026-01,2025-12-30T00:00:00,0.07323907704836685,0.2137097156952119,0.3684324519390467,0.05840799937325528,0.13486635120283974,-0.0018238825683319915,0.30336886556581955,0.0068841834025621385,0.031065488116994944,0.11265398009252592,0.02493607900543269,0.06313876955505832,-0.005165798186892001,0.09802263448861859,0.020490693766473944,0.1254792593031515,0.3016977027065366,0.08555493532510518,0.18610046434603866,-0.03995855734034637,0.2506061432187603,0,1,1
2026-02,2026-01-30T00:00:00,0.23971267417636266,0.2783216579357308,0.6346301789600675,0.045446605367392735,0.12788904752300956,0.0,0.5059855850611994,0.006204765107798993,0.007029868633116498,0.09458948503015963,0.030428520514353335,0.05774849815166423,-0.005670236429407893,0.07933618054201075,0.11568678158903656,0.09150469818593931,0.4262811035592451,0.0908249625998933,0.17041287935969535,-0.03869042763570618,0.3104148304939076,0,1,1
2026-03,2026-02-27T00:00:00,0.26154491178640904,0.6235133585239867,0.9948722584596388,0.122627585132226,0.145168173952394,-0.010010691871955468,0.6728764938574132,-0.0142088677458303,0.0167014493247295,0.06132625458352248,0.03725130668877528,0.05390891307045732,-0.014289429605980786,0.04862152215980409,-0.02508446289499,0.2061591892334329,0.3903712535735988,0.10588386282274231,0.15977659357284865,-0.04358578505320476,0.2504853723479652,1,1,1
2026-04,2026-03-31T00:00:00,-0.19084643404922963,0.22712351156645694,0.459700080797123,0.22211582270617225,0.26366298877473265,-0.1989466210750569,0.2517356459067488,-0.05131060588106995,-0.054624153536219744,-0.01991979568041946,0.05351349863618434,0.07129955194113496,-0.06449432147231915,-0.01662003762990938,-0.06748622123088832,0.057107098878403484,0.20159432845872427,0.13221646678961826,0.1870649666121454,-0.10383664519652969,0.11858572246133448,0,1,0
2026-05,2026-04-30T00:00:00,0.2044590654610745,0.29775116089048614,0.6322402845701471,0.10133429060275621,0.28896544699682997,-0.013754470474743319,0.5088871306884704,0.10423338582985764,0.0344381781732912,0.04616524463379856,0.03382990200887881,0.0762740230326066,0.0,0.07219280853215437,0.38421495545162454,0.26240484389874785,0.45991989285747725,0.08917576196439589,0.1999167671034122,-0.0009473352561789605,0.46241441298099684,0,1,0
2026-06,2026-05-29T00:00:00,0.2813472752072861,0.3932192031217332,1.116471324503626,0.15146585288528613,0.3045556376990525,0.0,0.7734840096422089,0.062235560945055335,0.10193231859349838,0.12033618537176927,0.029396977275614015,0.07237406412820818,0.0,0.10968366276649988,0.24905125220447477,0.5841928310468529,0.9107887406848889,0.12977557220168923,0.2114988995920016,-0.003691124102037091,0.6459735309142305,1,1,0
