ret_1m,ret_3m,ret_6m,ret_12m,ma_gap_50,ma_gap_100,ma_gap_150,ma_gap_200,ma_slope_50,vol_1m,vol_3m,dist_high,up_days_1m,pred_month,cutoff,bull_1m,bull_3m,lr_bull_1m,gb_bull_1m,lr_bull_3m,gb_bull_3m
-0.14659114852075583,-0.42017002488951405,-0.5018259080038363,-0.4555705662574715,-0.20257031973997353,-0.35490251007631346,-0.413008118450385,-0.42216360403135056,-0.1823761355468474,0.2481052044323611,0.3440290687560859,-0.5264991299895793,0.38095238095238093,1998-01,1997-12-26,1,1,,,,
0.406302031484407,-0.015030358759893891,-0.24521435245403056,-0.18680727180533963,0.24974262773181932,0.04290048015327219,-0.08156091713484959,-0.11938898044620205,-0.08757115750176103,0.22809520443692033,0.39915631205214824,-0.29529587326097095,0.6666666666666666,1998-02,1998-01-30,0,0,,,,
0.05741934177968355,0.10868066722606717,-0.2743656068547248,-0.23028774328399126,0.1632997415704096,0.09240088374888433,-0.04720895517562507,-0.1116508669295545,0.0572610173356094,0.1620731720096205,0.37373737986341754,-0.30780396304441326,0.47619047619047616,1998-03,1998-02-27,0,0,,,,
-0.16246186298836895,0.21162667335713592,-0.3019907898161728,-0.2508098745617685,-0.0790288242088456,-0.007967548432039617,-0.11485067158498186,-0.19380875081215188,0.10048560494889869,0.09954658080367892,0.2983266333667674,-0.3928485505488496,0.47619047619047616,1998-04,1998-03-31,0,0,,,,
-0.10038016290945628,-0.2252427771939477,-0.299507756119629,-0.39944967504016426,-0.1396615155173736,-0.10866039525009308,-0.16317609115627874,-0.2495700624295739,-0.061930113156724476,0.13704132235412533,0.2253474807510739,-0.4683512187425828,0.42857142857142855,1998-05,1998-04-30,0,0,,,,
-0.16342356264252378,-0.38618209515906676,-0.31947195570564757,-0.5190656489577372,-0.19998991136699584,-0.2770059544216993,-0.2795042915910867,-0.3570520911834262,-0.14623738277488751,0.15067347915060958,0.22599850230070145,-0.5751176788567245,0.5238095238095238,1998-06,1998-05-29,0,0,,,,
-0.11511154513243593,-0.38241450215498407,-0.288202796162496,-0.6224827203711074,-0.15196525952874407,-0.3061755353223389,-0.3163256715696504,-0.3778164786853906,-0.16522324213330164,0.17398073674376024,0.2604891795932434,-0.6240265393429829,0.38095238095238093,1998-07,1998-06-30,1,1,,,,
0.08800224752351737,-0.1767653839551221,-0.38507696870430197,-0.5358649216325462,0.06176366176735182,-0.10973776639102828,-0.18389733060307134,-0.2216146278235166,-0.07231805324933549,0.15521011432610218,0.28064948580487736,-0.5512436988962104,0.5714285714285714,1998-08,1998-07-31,0,1,,,,
-0.09661254247354967,-0.07882390134456796,-0.4599808185841884,-0.5849536153544395,-0.025085123728593506,-0.10447854962103065,-0.23051527783916326,-0.25136780360726485,-0.01613566656566756,0.10871657587023299,0.26274076306732613,-0.5843640542728128,0.42857142857142855,1998-09,1998-08-31,1,1,,,,
0.001969635743021003,-0.004650805852225659,-0.33723461937726074,-0.535761834606554,-0.018616283825944713,-0.03357568372109243,-0.16617552554072124,-0.21717550220659165,-0.005981592820502257,0.12097497840074033,0.22283172828710432,-0.5267708618769062,0.42857142857142855,1998-10,1998-09-30,1,1,,,,
0.23187019031545386,0.12064199180870583,-0.07744872014959281,-0.32124897844038125,0.16778108239529388,0.18944092000711965,0.10292326139611663,-0.018759733514316368,0.03854916901911709,0.14528882021819092,0.22013581203953414,-0.3630599583567371,0.5714285714285714,1998-11,1998-10-30,1,1,,,,
0.17447694576429496,0.45692545636894555,0.3420849079297299,-0.10089733545151158,0.20091422969270822,0.295921740757243,0.31040408192920577,0.1812480539107706,0.14207320145077884,0.10472473513408202,0.215084336811957,-0.21323230766778423,0.7619047619047619,1998-12,1998-11-30,1,1,,,,
0.25945504060753355,0.8514763690441929,0.8836571013922494,0.39133233163168857,0.23656396742627872,0.4597085908852323,0.5441482717332253,0.47066750466573826,0.22674639602089197,0.1789428629850368,0.24949732905012945,-0.030007180730632466,0.6666666666666666,1999-01,1998-12-28,1,1,,,,
0.028936199488780012,0.5854118810523117,0.7040825919474836,0.18066489846011669,0.0653128765769384,0.29089636656965223,0.42423817687551013,0.45399850925654883,0.18911645848213232,0.15201114215028735,0.2570055707140402,-0.10846402715847758,0.47619047619047616,1999-02,1999-01-29,0,1,,,,
-0.03649772463800238,0.17911395374164507,0.6426924526179385,0.012873668700775553,-0.07671343016187826,0.0832346839595628,0.21919789475902607,0.2952000627208069,0.07526157720147086,0.12416376450768757,0.26070861907626725,-0.188610675319543,0.38095238095238093,1999-03,1999-02-26,1,1,,,,
0.15920372760603918,0.09501646838096778,1.0809546312538973,0.20918145702091806,0.09215237772615059,0.16222321949577645,0.33307064138015674,0.446893223949155,0.005915660766223629,0.09264823188018777,0.20956854090475252,-0.03427729357961973,0.6190476190476191,1999-04,1999-03-31,1,1,,,,
0.215855198233611,0.41669343697694483,0.9674528089264636,0.713508439009277,0.18975317086860422,0.2651348777837892,0.4443269017442537,0.5974615746385212,0.11611313862023831,0.11062188584288692,0.19107957589346833,-0.05212971942799549,0.7142857142857143,1999-05,1999-04-30,0,1,,,,
-0.022043244367217496,0.4152598219176138,0.6687526041929739,1.0315209614410428,0.03522950951018622,0.15111512807990168,0.27364664970118824,0.436527781241391,0.1311435259806657,0.10389195080036999,0.1797145053681001,-0.09606500741950752,0.6190476190476191,1999-06,1999-05-31,1,1,,,,
0.17152262686667719,0.4265404825068966,0.5620853211571835,1.9112129738797057,0.11719488711952875,0.27287848061502484,0.372646113274431,0.5470001626689254,0.10702182238338809,0.13176409946589832,0.2018349911673033,-0.022202522633293476,0.6666666666666666,1999-07,1999-06-30,1,0,,,,
0.05406638328046154,0.2816980614104374,0.7157111637639513,1.820675256990242,0.0971946865665767,0.22785919800508259,0.35776354229990215,0.5071886421544429,0.11325107843062376,0.16020000564704592,0.23402828074919124,-0.05662844742953854,0.5714285714285714,1999-08,1999-07-30,0,0,,,,
-0.022848264481056813,0.20517595302282876,0.761971939352639,2.0231762617064954,-0.007125889539217112,0.09336721147913773,0.22697429048772522,0.331743848579918,0.0624331243860663,0.09851937724827037,0.23007167206232484,-0.08760328438986165,0.5238095238095238,1999-09,1999-08-31,0,1,,,,
-0.11287226818351559,-0.09108892538104019,0.31291113605753673,1.8576604850690073,-0.103322808425517,-0.061637803331768604,0.024599633152422085,0.11069394517347031,-0.011491957477047898,0.10335459215298395,0.21310700536433066,-0.18653998911980252,0.42857142857142855,1999-10,1999-09-30,0,1,,,,
-0.0031930719863462187,-0.14046319045975386,0.10166666249864575,1.2002218391088864,-0.05926289256579276,-0.08146162628539577,-0.02044346362481786,0.0687816680457265,-0.04987904730250903,0.10838252954232362,0.17757115231864465,-0.18913742549255697,0.42857142857142855,1999-11,1999-10-29,1,1,,,,
0.13702582513746053,0.06267322893728111,0.28070822143633434,1.1629844519833612,0.11619984215620205,0.08449566457714375,0.124809355659945,0.2129414445776463,0.007650384974636326,0.09169009522470514,0.18415900874169577,-0.030420436150804142,0.6190476190476191,1999-12,1999-11-30,1,0,,,,
0.06617503150311843,0.22948402891012987,0.11749164994355454,0.87689629628309,0.09125769662352168,0.11417663901312314,0.12010298618874904,0.18806088046493508,0.05678339358884754,0.09223126535396961,0.17200622480602798,0.0,0.5714285714285714,2000-01,1999-12-28,0,0,,,,
-0.06149759556447798,0.14974114239343006,-0.05490083796450074,0.7767822592579317,-0.026426589626862063,0.016395888688610416,0.010123572996296737,0.053082973125961,0.03384306294906425,0.13189874041610686,0.187961494610632,-0.10874001919854825,0.42857142857142855,2000-02,2000-01-31,0,0,,,,
-0.12030751758405855,-0.14837928450366167,-0.13699629050618078,0.5928546874814788,-0.11645271672728619,-0.10606400419274453,-0.1053935944661687,-0.08955778539068782,-0.034215669199707754,0.11484780148775806,0.19733869920663688,-0.21780105158618557,0.42857142857142855,2000-03,2000-02-29,1,0,,,,
-0.037690264139801366,-0.14396506103940554,-0.009138203660788768,0.3909012078054952,-0.038400748055726464,-0.07894996937260934,-0.06243458859183104,-0.06649000328991561,-0.043647654594931695,0.08704774053293392,0.20991333362785103,-0.18705622952316225,0.5238095238095238,2000-04,2000-03-31,0,0,,,,
-0.18613466713278426,-0.18085006589500485,-0.0919458336309934,-0.08638752551395357,-0.13621793188749087,-0.19555018557296344,-0.19291956291465318,-0.20318758408273163,-0.06711918577407605,0.1762454525315505,0.24259026926501862,-0.3150494902056974,0.38095238095238093,2000-05,2000-04-28,0,0,,,,
0.05752307878868046,-0.15620783632948865,-0.2515646078983691,0.016429438636759164,-0.060203082130406704,-0.13792899794350677,-0.16833518728760466,-0.17380859273818217,-0.07605658906845159,0.15245216566077305,0.25856718433168147,-0.30892130808321583,0.42857142857142855,2000-06,2000-05-31,1,0,,,,
0.12206914415515069,-0.07385734867847338,-0.14349188448211692,-0.06392342171453202,0.08748934456090485,0.006215634057050723,-0.05280899168119668,-0.058588248536941556,-0.030319580980018634,0.1271954280774975,0.2618152699720746,-0.22456192361707283,0.6666666666666666,2000-07,2000-06-30,0,0,,,,
-0.13790456752244085,-0.010179058598817736,-0.238246861869575,-0.2771588985774357,-0.09002911939986125,-0.11152209749736941,-0.16134018004718342,-0.17998334313560949,0.03046134242403209,0.0960089508692052,0.22338186586902653,-0.33338689316404435,0.5238095238095238,2000-08,2000-07-31,0,0,,,,
-0.052922544025311935,-0.059108063448941595,-0.20608275707744494,-0.24952594619357094,-0.09709216982141544,-0.09428429994329224,-0.1441962985405525,-0.18716969984140264,-0.016855034910126743,0.11627094774113096,0.2009379719305718,-0.3497696312532447,0.38095238095238093,2000-09,2000-08-31,0,0,,,,
-0.16205029618493783,-0.2428167799766522,-0.3050780506183093,-0.3306627786865942,-0.11326246942868112,-0.16342631763448723,-0.20128440239454848,-0.24862919972914665,-0.09705884317599578,0.15491110930856972,0.21334523410072248,-0.42096620705108645,0.3333333333333333,2000-10,2000-09-29,0,0,,,,
-0.16101887569179885,-0.2929859476046125,-0.31180613618927155,-0.3659667025031831,-0.16192501553837169,-0.2613225479330584,-0.28801151836005234,-0.3318463933062481,-0.11230371487234692,0.14987749382380433,0.2463578017719903,-0.5142015773792783,0.42857142857142855,2000-11,2000-10-31,0,1,,,,
-0.0720351302497062,-0.3039121703130826,-0.2236518886581319,-0.4751234194282654,-0.0781211553504404,-0.20355356075502262,-0.25051423015211605,-0.2984347048489133,-0.09443720855564874,0.10306169530620761,0.24663639089127048,-0.5191588682169971,0.42857142857142855,2000-12,2000-11-30,0,1,,,,
-0.04939347150138729,-0.14121848862570963,-0.3549038640098251,-0.5021753238659649,-0.054311417302987386,-0.15172052847039896,-0.22980940470319944,-0.2736449947614549,-0.04322926539022498,0.1125291409870381,0.21502047698243068,-0.5235118819833335,0.47619047619047616,2001-01,2000-12-26,1,1,,,,
0.20709119068574178,0.13367578567717997,-0.20668897961665633,-0.35028654531769765,0.12053239507326885,0.08606581223339971,-0.026284013004965523,-0.073480445984064,0.03075384218612842,0.1376611840900548,0.210734261916261,-0.371576514212134,0.7619047619047619,2001-02,2001-01-31,0,0,,,,
-0.022389912179523908,0.08777864767596122,-0.20625553359460214,-0.3935293076586375,0.0028863135849319654,0.03188007568960982,-0.045157175133655136,-0.10693799833167306,0.04732582809521646,0.08856421940362215,0.1974842909079038,-0.36836241668384984,0.5238095238095238,2001-03,2001-02-28,0,1,,,,
-0.09493168517640649,0.017521923621605096,-0.1220993988550596,-0.38207717039761013,-0.08966244214709862,-0.06295936614860609,-0.09548768605890812,-0.16772517713380386,-0.0029186229152267096,0.08206742332234607,0.18100498339225746,-0.42409003194350725,0.38095238095238093,2001-04,2001-03-30,1,1,,,,
0.10225276595417432,-0.03215206588367514,0.05749403141717124,-0.31021137308354085,0.055897277478716534,0.039893849074811305,0.03925974091510365,-0.040773625468257024,-0.05114587140444049,0.10258746017411627,0.15917566458978907,-0.32192560487507105,0.47619047619047616,2001-05,2001-04-30,1,0,,,,
0.04875785564898294,0.05891714062791986,0.15186745523313427,-0.1413704149474534,0.09027034140032741,0.07050787753688059,0.09471372388951904,0.05310153978448451,0.02764456977567753,0.07320646704026623,0.15170179046776852,-0.28105512324877047,0.5714285714285714,2001-06,2001-05-31,0,0,,,,
-0.052974092060505296,0.1361779663080802,0.12119445849523047,-0.21594379464769975,-0.0005501591294183594,0.03735800212092388,0.049088132886684566,0.044775539994645674,0.06357544511910418,0.06872249822324283,0.14085752761157994,-0.30105579132594973,0.38095238095238093,2001-07,2001-06-29,0,0,,,,
-0.09003077756160893,-0.062023691400761916,-0.09218156747217099,-0.33333746580846424,-0.075602131038359,-0.04448986693180479,-0.050543608078136626,-0.03771012892743797,-0.016150269164114328,0.06600087579154013,0.11842813166688305,-0.3207701039955483,0.42857142857142855,2001-08,2001-07-31,1,0,,,,
-0.031414903189555865,-0.10953017305026935,-0.057066237030952593,-0.25155154345649955,-0.03585577667067508,-0.0517989317889499,-0.04580776656506791,-0.03608874535683071,-0.03306759220168998,0.06860373842834412,0.12089978864126605,-0.2619785865850408,0.5238095238095238,2001-09,2001-08-31,0,1,,,,
-0.1500460608011227,-0.19399124772706533,-0.0842306150160238,-0.20855336069482266,-0.10604731759505337,-0.15159659040470963,-0.1417095530140281,-0.14664770528265658,-0.052633290530354815,0.1564676156781879,0.18370679240140075,-0.24107269687519883,0.42857142857142855,2001-10,2001-09-28,1,1,,,,
0.1385113510297986,0.008021981944219991,-0.03381062314127481,0.0442101982422054,0.025308127789738677,-0.020631554985503953,-0.030457751315426274,-0.04123564282350156,-0.02485460804941353,0.06897816260260964,0.18757444862248723,-0.14910211542515495,0.7142857142857143,2001-11,2001-10-31,1,1,,,,
0.18342550472714225,0.1409207444913596,0.02461734534067639,0.19815776962511866,0.16679251597585898,0.17030908358051722,0.13695050683018106,0.14571156484151238,0.052990888738936315,0.09714971287514737,0.20085641710285046,-0.04546664940280898,0.6666666666666666,2001-12,2001-11-30,1,1,,,,
0.09759183375477165,0.46706144285248774,0.18629865350243424,0.2990636932715942,0.1263152025794192,0.2107114562251482,0.20394567053103319,0.21720687178974463,0.1291323958568742,0.11228734886199347,0.1603559564435459,-0.015330003964469485,0.5714285714285714,2002-01,2001-12-28,1,1,,,,
0.031891847338275436,0.3909559337314428,0.40211415711704235,0.26420839236778404,0.07909892489853054,0.22407772358361888,0.2573737846441402,0.25999873681733576,0.11841015683896083,0.08889683532500547,0.17505202939221864,-0.041230881924538054,0.5714285714285714,2002-02,2002-01-31,1,1,,,,
0.05848866368949435,0.2709476418101515,0.43840226586068765,0.3470282935061737,0.11789337020898993,0.24524502843371132,0.3271474396429679,0.33997520804953707,0.07678264779870303,0.0996246434506026,0.188294798076987,-0.0025787244468037374,0.47619047619047616,2002-03,2002-02-28,1,1,,,,
0.08936764307377065,0.38912066908714427,0.8647428271108342,0.6815561162073378,0.11728402561503981,0.2322663625283432,0.3582534953550811,0.40382471679735876,0.09692389736335638,0.0546126416107392,0.1479337267717569,-0.007623611811383935,0.6666666666666666,2002-04,2002-03-29,0,0,,,,
-0.05944749683827977,0.1116918114168306,0.5555966722318832,0.5142103221821201,-0.025787450204163398,0.06912494538909164,0.18950890459643865,0.2596562764792252,0.07868071218653094,0.09919965516013807,0.15166094617384707,-0.10160936848424418,0.47619047619047616,2002-05,2002-04-30,0,0,,,,
-0.07380266789779011,-0.028768602179606972,0.2343842547118058,0.2791520328354644,-0.08536576005408181,-0.03545452689416961,0.05012056177369484,0.13625325908224628,0.005431702669478122,0.09276082637118666,0.14812104826017786,-0.1506062895485829,0.38095238095238093,2002-06,2002-05-31,0,0,,,,
-0.12497645925475409,-0.17700512751840347,0.1478556289545392,0.219753335402888,-0.10782073285036942,-0.10920377733367526,-0.054090224206425175,0.030816618248783678,-0.04830244919645055,0.10876027410411619,0.17074595637756337,-0.20785829683262425,0.5238095238095238,2002-07,2002-06-28,0,0,,,,
-0.033296506683856086,-0.17439203118733926,-0.00879396328621862,0.31562649445210167,-0.08472389428452942,-0.13354649664708873,-0.1015798790261222,-0.038762458639200026,-0.0576911067250131,0.11185529667317456,0.18123023162774066,-0.23423384834669791,0.5238095238095238,2002-08,2002-07-31,1,0,,,,
0.025641073594463215,-0.13242220192670617,-0.06959109189605361,0.2985592931292105,0.00012145017185027918,-0.07401815867731498,-0.08073722252073223,-0.038939305554168246,-0.061369229167047123,0.06237819855483605,0.16707645454607584,-0.2145987820960067,0.5714285714285714,2002-09,2002-08-30,0,0,,,,
-0.10831243863880502,-0.09010037642771263,-0.26629063548941045,0.37899984948238075,-0.0906285246109012,-0.14714569371923703,-0.1863518321962515,-0.16593509924834793,-0.036499150971114336,0.09333301215393,0.1634108604007817,-0.3105662343519334,0.42857142857142855,2002-10,2002-09-30,1,0,,,,
0.010412000638682306,-0.0822713521464783,-0.24231591512446427,0.2463021897040032,-0.0328393329173704,-0.07843449108844691,-0.13953832440332725,-0.14525615035642736,-0.03879780111589071,0.12011977968394819,0.16290033596875367,-0.2972344650712202,0.5714285714285714,2002-11,2002-10-31,1,0,,,,
0.0999817983844562,-0.015752357735625666,-0.14608859776544303,0.17599332775530407,0.09520516471972384,0.043947012513185335,-0.013909677295193767,-0.05214852321372665,-0.02862115320966785,0.0739853509889037,0.16906588040310513,-0.22697070304642641,0.5238095238095238,2002-12,2002-11-29,0,0,,,,
-0.11371759670422055,-0.054495848410043846,-0.10588856603253138,-0.03197698612803179,-0.08173987544652717,-0.08592216875855352,-0.12338947467762629,-0.16938961110734574,0.03293670979345231,0.08094148281573849,0.1648991693065068,-0.33069186805037587,0.42857142857142855,2003-01,2002-12-30,0,0,0.42286942567099234,0.5147409583230391,0.4188566694574005,0.2160190018670445
-0.05687196739007905,-0.12079979828423737,-0.15490825161178656,-0.1645941114989422,-0.1168053676303028,-0.11391772112418241,-0.14218706464288478,-0.18828663874075013,-0.019426938351519873,0.08876064093303349,0.143292936917978,-0.3687567383045296,0.42857142857142855,2003-02,2003-01-30,0,1,0.6422075605086025,0.5590693572286219,0.4339248268416788,0.23573999239338206
-0.01357672622202677,-0.18061432686551493,-0.205393752495301,-0.2593160140741698,-0.07851259619903139,-0.11241317548463725,-0.13776104919184817,-0.1784207573173915,-0.07041145528175974,0.08008445910186293,0.14235140543692174,-0.38628000803551565,0.38095238095238093,2003-03,2003-02-28,0,1,0.6895191680135095,0.7323120341931157,0.44163215293451663,0.5171281549353057
-0.0690439861919665,-0.18452775658630505,-0.1912863122153705,-0.4021071632350881,-0.07287090523596651,-0.14830967595720446,-0.1698226219534794,-0.20112797566826668,-0.07470896441320163,0.10928600107486663,0.16425231940943277,-0.4286536826864452,0.3333333333333333,2003-04,2003-03-31,1,1,0.6159484741068304,0.7310914643980068,0.49512743428746336,0.5419063677887223
0.11287503398491827,0.012655003581507396,-0.10967351658266222,-0.3454662888226858,0.0470531454139711,-0.011828258012422266,-0.04224042981005527,-0.07721945792713036,-0.0060261849356678665,0.1065304978027682,0.17139581153763844,-0.3150521061916681,0.6666666666666666,2003-05,2003-04-30,1,1,0.59363441083768,0.6450841694873667,0.45970993689528716,0.617007502387308
0.11317697298586782,0.08749091614032234,-0.10262658876367181,-0.26607653615975535,0.07168704263653414,0.06942352866528756,0.017260087626567833,-0.008804315957183007,0.032279161779996235,0.08135433179049596,0.16688950355705914,-0.25878514635274286,0.6190476190476191,2003-06,2003-05-30,1,1,0.5541045170789237,0.22602337820338303,0.44527611660867683,0.34428895442016133
0.05929510053964915,0.21969555541035546,-0.011640279961024347,-0.13949370292007268,0.06265732131031942,0.11651816661633907,0.07620313404910073,0.058580865941369575,0.07010676227077717,0.05939000520993485,0.14329281187100756,-0.164665393791262,0.6666666666666666,2003-07,2003-06-30,1,1,0.5296853987700451,0.36514612955398645,0.3803008806296283,0.2851117314879148
0.0574583468414227,0.2539453710592412,0.1880911523109483,-0.013821317627781382,0.05943354555368696,0.14035428431970987,0.14763572691624693,0.12173814007578643,0.06650037761937244,0.05186464992120635,0.11188547130219866,-0.05114492664223036,0.6190476190476191,2003-08,2003-07-31,1,1,0.6394777867246161,0.300875366780289,0.36182016217679913,0.7079452142533361
0.06345998003185116,0.2008759538582976,0.28667020997185344,0.02560392254994759,0.06898975075304858,0.14563085609484383,0.20017555388089003,0.17940036598392273,0.0583863378574474,0.051044989177772504,0.0924277557322304,0.0,0.6190476190476191,2003-09,2003-08-29,0,1,0.6882224524404307,0.62188737261611,0.3615501811264456,0.698307030382531
-0.08097705146259848,0.0322160851368849,0.2568381636795387,-0.009373367652823261,-0.044939259514552465,0.008943711321045322,0.07031403481830711,0.07487630648645438,0.032695135264739106,0.061745920744316875,0.09747448379848897,-0.09113178594193683,0.42857142857142855,2003-10,2003-09-30,1,1,0.5834983322182532,0.231827019562249,0.4109456430251563,0.5394918795272617
0.1108492378989776,0.0831060136522781,0.32975272850553017,0.1900278266394697,0.04279042829575075,0.08369999929118355,0.1506896959620847,0.19067029947864844,0.027611388880422583,0.06232652358801211,0.10492251298356946,-0.00455507682357803,0.6190476190476191,2003-11,2003-10-31,1,1,0.6696212248098026,0.6352353514390259,0.4328640223902381,0.7908030590589665
0.01302897193496455,0.04901316657134536,0.29607684925448785,0.16741934409938608,0.04392459236476265,0.06741650117660525,0.12349602869879672,0.18065523157576768,0.01797704659523558,0.07346459626437574,0.11659883099890454,-0.020821282459667856,0.5238095238095238,2003-12,2003-11-28,0,1,0.5891392439939115,0.4035579580290513,0.38473714205391396,0.7955444536473204
0.0182496790054254,0.1622749158045278,0.19971886344455236,0.14274641855935388,0.024864212950838738,0.05922260325518525,0.10088334878675598,0.16261013487968,0.03718704160887576,0.053665033332200546,0.10970587922978664,-0.013926670655203699,0.5238095238095238,2004-01,2003-12-30,1,1,0.6703373195794444,0.38359311203716423,0.462674436476429,0.8047231131531974
0.07059493163685038,0.11408728393749823,0.2195647970647261,0.3372734436564224,0.04382412854782847,0.07992020265904554,0.11553331395398891,0.17144881582609495,0.029446651672974777,0.04179185471636184,0.09798567266339284,-0.023635251020290182,0.5714285714285714,2004-02,2004-01-30,1,1,0.6356047237648695,0.6514166701620732,0.477036567492144,0.30708983669461193
0.035092051548523795,0.17218862110033828,0.17111640832950137,0.46394890221175955,0.046275978266083984,0.08913827085891679,0.1266513045680575,0.17513276559987712,0.03962034442603035,0.043581027020018724,0.08168362187866524,-0.001559680042779843,0.6190476190476191,2004-03,2004-02-27,0,0,0.654102202658198,0.39371602221172997,0.42909671615295264,0.3702358010108482
-0.020807176872440603,0.11097093377283063,0.2340228387403176,0.5489215880907687,0.012732478478720832,0.05266329140505932,0.0896412336933956,0.12893321041010886,0.02744048474756977,0.0569246877929497,0.08410605295640236,-0.02967721244960342,0.42857142857142855,2004-04,2004-03-31,0,0,0.6458497911155676,0.5502364905672577,0.45020837426195753,0.472784545567209
-0.0121585359948162,0.010978776610762742,0.1532673677969283,0.40821267154931995,-0.02831295034655934,0.0034015302157408556,0.04220638518833275,0.07388480814787268,0.02215662927092521,0.0636507678949515,0.09609162780815997,-0.07822145043490303,0.5238095238095238,2004-05,2004-04-30,0,0,0.5774076636497936,0.20811348575189687,0.4624046345505372,0.3556271016069742
-0.1086568293108976,-0.07270982802121106,0.04469428046377666,0.34791073613296497,-0.06281526793439174,-0.06488703959636155,-0.039078907053135215,-0.010097078349324495,-0.03468641766404568,0.12862178078096131,0.1524014311516548,-0.14125159823940514,0.5238095238095238,2004-06,2004-05-31,0,0,0.4550468578214903,0.300031032660738,0.311438474274698,0.024115084212237372
-0.03675060468774405,-0.10161547397236104,-0.02330524338389406,0.13801791356978366,-0.025960049531930762,-0.06871289659815227,-0.05814849328418692,-0.036908310010186685,-0.058199436271359706,0.0969249130045962,0.16922261875832983,-0.16053460240067963,0.47619047619047616,2004-07,2004-06-30,0,1,0.46666876269395924,0.4786161828773295,0.38026637839857325,0.3404877846942932
-0.05486935058276121,-0.147767831847881,-0.13841136525323294,0.05093613552473708,-0.03705477739405616,-0.097338705520991,-0.11149483317069264,-0.10027554807248429,-0.050103527960779326,0.061410640240776575,0.16851788125657935,-0.21443066814802192,0.5238095238095238,2004-08,2004-07-30,1,1,0.34735085386216896,0.6651361795095853,0.34878290953822044,0.40990851238965953
0.11670531460216793,0.043516102474957075,-0.10636004082630857,0.06472604213133937,0.05797542976246217,0.015171422152286507,-0.01867085597689977,-0.015885716349239964,-0.0036277013591708984,0.04010313714043679,0.11649963222042697,-0.14154006215406256,0.7142857142857143,2004-09,2004-08-31,1,1,0.5909268367897077,0.3476924677030532,0.45126883835632325,0.5911711469228534
0.030593655974278322,0.06273947264113544,-0.04525130258043053,0.16171887437672328,0.057485856191451745,0.07083347861963452,0.02439585178901238,0.017311342042174216,0.04280843302302961,0.046857416861493174,0.09260180953301898,-0.10786698605481715,0.5238095238095238,2004-10,2004-09-30,0,1,0.5050107421394666,0.1508973773761593,0.36841078031018004,0.5570778837514633
-0.0002993689206676198,0.14266167119759765,-0.04634393887852628,0.10700932272457608,0.0015747812074351497,0.053296311988195066,0.028843991624273757,0.01143347831607211,0.05550708507017932,0.07661336666666185,0.10081940051749806,-0.10813406295229389,0.47619047619047616,2004-11,2004-10-29,1,1,0.6200514207784971,0.20989687623847192,0.42156623850732383,0.7075439093084578
0.05073836940462062,0.09050037245400389,0.0915849047956594,0.16507658610010112,0.02784303925233278,0.07726729209545913,0.08981226080003135,0.06262775765704176,0.023356661094779962,0.05866876297520262,0.10551687012917085,-0.061961840214595276,0.5714285714285714,2004-12,2004-11-30,1,1,0.599021285304342,0.43814689984273775,0.49372143925161777,0.7990957942341674
0.02180656407776116,0.017119971385180843,0.18598925522031107,0.13042709823899457,0.038774544543480616,0.06074689534685884,0.09933274280136661,0.0851024368093225,0.008925090034666683,0.04605155924872968,0.09651383540961975,-0.04288188230789647,0.5714285714285714,2005-01,2004-12-30,1,1,0.48760275528913594,0.5694986857737044,0.5300634700422349,0.9680822570177656
0.04105280605239425,0.10160987283519174,0.29615472338163196,0.09923395663763257,0.05426284191223285,0.0748511128070446,0.11900976418327813,0.12727520700430617,0.025758578848609437,0.045390813906485285,0.08528813789775931,-0.003589497853049961,0.42857142857142855,2005-02,2005-01-31,1,0,0.5909415084084157,0.5290959439807098,0.6461603355488817,0.9784476691208461
0.10519070302016975,0.1591651442097155,0.2579574140898089,0.16975671004429582,0.10105069457494165,0.13915314732827722,0.17924363275326627,0.21135688237101347,0.04300367883638101,0.042819901812222,0.07928156904816487,0.0,0.6666666666666666,2005-03,2005-02-28,0,0,0.6611496773278926,0.6321991598514275,0.6421385366949567,0.9570282004256762
-0.041489646050853035,0.10114257358488454,0.1605336149610881,0.11774984551348333,0.0002815344381117413,0.050697382355023635,0.08225776939674878,0.12618592423382435,0.047860574785942855,0.05318865472316356,0.08309711822600628,-0.05583745106860605,0.38095238095238093,2005-04,2005-03-31,0,1,0.5902103272507758,0.638193991512254,0.5904748726072166,0.8994016608348553
-0.04620861777172269,-0.004152538404927464,0.12518677138248324,-0.004555018781176923,-0.06506925999200719,-0.027034736956106697,0.0019293766523897915,0.03888913007635875,0.010918934275263359,0.049857759799876424,0.0865737786171026,-0.10900575155165859,0.5238095238095238,2005-05,2005-04-29,1,1,0.5921956439305528,0.24096034928566745,0.6339242668294783,0.7712191138079529
0.06464395365828834,-0.04068775112217038,0.11200132131261586,0.18824020571548172,0.02057134328003274,0.02083808163580736,0.052821639533297216,0.08013017166208991,-0.024694975032567124,0.04156006679038175,0.08407974061750077,-0.05140836064516252,0.6190476190476191,2005-06,2005-05-31,1,1,0.6167575104310179,0.5204413343532259,0.5759754300254841,0.7542818150632882
0.03911519187847001,0.0551676804270933,0.14574051359789264,0.30768526776259986,0.05008482380242807,0.0408608051876429,0.07124418866789406,0.09737108612887235,0.009910021704712113,0.0353932353823064,0.07489748209343002,-0.014304016657485596,0.6190476190476191,2005-07,2005-06-30,1,1,0.5482678348750281,0.44071679889730175,0.4846994091536092,0.32421116317518
0.10229533870135499,0.2194557817935201,0.2143919448265117,0.504773157259143,0.09613876930662091,0.1273028133889964,0.14833589229589705,0.1821789894406891,0.05598272675880844,0.02839117451427629,0.061227984938849934,0.0,0.7619047619047619,2005-08,2005-07-29,0,1,0.6437868160749092,0.39795819152846046,0.529668615239237,0.11116467210531142
-0.029256819105615506,0.11739945451061207,0.07528683155634197,0.33709769896088604,0.012804715306605763,0.07064728358674621,0.08477951254122673,0.11825421000546177,0.05165224122510392,0.057173697340837444,0.07443701061709955,-0.04148751204534684,0.42857142857142855,2005-09,2005-08-31,1,1,0.5423626707466459,0.28376213561810015,0.4489681113031326,0.4152886878192247
0.12708967654909675,0.19939685501257842,0.2644043772537479,0.4673837827069154,0.08111502423462524,0.15157813900862926,0.18576335330964922,0.22057633975199153,0.05587445682799763,0.04645099615791723,0.0813012540604945,-0.008292556310363741,0.7619047619047619,2005-10,2005-09-30,0,1,0.6588965252648323,0.20420411001938224,0.6013176665019269,0.17674458929042092
-0.0593801165439275,0.04213116706108555,0.2708328770598696,0.42992434190570683,-0.005542002075594965,0.04488291817959933,0.09680245719416924,0.12246025608625843,0.03382026806074401,0.0690593716476849,0.10341377298914509,-0.06924544739263772,0.38095238095238093,2005-11,2005-10-31,1,1,0.4471192417209834,0.07495488013117446,0.4575961481213973,0.08337022105685152
0.09124857621419902,0.1976406026205686,0.33824295606798405,0.5119563100601887,0.06245975801571624,0.11533668991503965,0.18078485426146385,0.2144514937653892,0.046822691924504056,0.04758964657303593,0.1012207712397299,0.0,0.7619047619047619,2005-12,2005-11-30,1,1,0.5447829173374259,0.24664085498964544,0.6496611374851361,0.5189487781710759
0.0631474730322672,0.1296958944521347,0.3549537029265122,0.5728637207657894,0.07965378644050647,0.13345213768070963,0.19373731530740845,0.24898230068774763,0.04621631593298359,0.027681413816437572,0.09313016868156455,0.0,0.7142857142857143,2006-01,2005-12-29,1,0,0.4173323770095403,0.18922969018189212,0.5933866742710073,0.391847837495448
0.014832830212289538,0.17736659535160504,0.2543504189624537,0.5100646775131472,0.03950444626783911,0.0982610803735926,0.15661947989286307,0.2204511036024992,0.05402926526831209,0.06671623602506987,0.08583568763418782,-0.01544537688721781,0.6190476190476191,2006-02,2006-01-31,0,1,0.5363626291025265,0.42823067253138125,0.5455983685272721,0.6378796356235475
-0.009367663535383763,0.07207394252339139,0.27874062758305884,0.35618373841785833,0.008020249312288508,0.051586836198330266,0.09759422732180312,0.1543589968218806,0.01234791589235229,0.05623293135887103,0.09111111471671883,-0.035307655745913435,0.5238095238095238,2006-03,2006-02-28,0,0,0.5741048316852309,0.6115177703183222,0.5834904584323211,0.2808738358844807
-0.005922333753830444,-0.014332644324027366,0.11350436500263839,0.407919793200491,0.015814143528346092,0.0184096329398602,0.05991044212279162,0.1068804613126193,-0.01675615902171612,0.052283407933197315,0.09956860659569398,-0.04374068024669053,0.6666666666666666,2006-04,2006-03-31,1,0,0.453558389262339,0.7992775424874122,0.49568072914196254,0.6479357773324803
0.060972667230004385,0.025401514117575186,0.22590254675834487,0.5579172604919287,0.03693762201845918,0.04178054470559189,0.07658137088848438,0.11938592290008554,0.023056563767440252,0.048711672737750525,0.08896987457128766,-0.0225813223593061,0.6666666666666666,2006-05,2006-04-28,0,0,0.4952004660512074,0.7594418814972479,0.5072410956968676,0.5429662686159566
-0.09282429650715518,-0.0415891230564599,0.018519919858981382,0.3597993695309576,-0.05083827756707193,-0.03822393405353708,-0.019198884791024495,0.015329107723919488,0.015529224713740852,0.06783274680910599,0.09602080394357379,-0.10036185218848981,0.5238095238095238,2006-06,2006-05-30,0,1,0.4028119857529398,0.2110690438336432,0.4065251414775832,0.22099702736096283
-0.01711309675450623,-0.0281904279330647,-0.057078389302924415,0.2963426374862568,-0.03268414636809214,-0.03617803378868689,-0.03823907431612994,-0.013080030445656976,-0.03555945812476824,0.08328696750321289,0.11651412419912187,-0.11575744685603306,0.5238095238095238,2006-07,2006-06-30,1,1,0.5850492135322712,0.3651951200071425,0.4285494655363388,0.5030261860774768
0.027552949454219933,-0.10570418510692026,-0.03334601082311517,0.18735982681457064,0.01714363892912174,-0.02525411378822573,-0.032368927665242686,-0.01653425325709168,-0.048838697391274,0.06184733271482811,0.12050502468815256,-0.11393460124668908,0.47619047619047616,2006-08,2006-07-31,1,1,0.5693542178250403,0.3694242768405546,0.43648107127314223,0.8419107455057461
0.0507861092676094,0.026591819352605794,-0.016103234151204737,0.27237663827169856,0.04878410920592602,0.01949155321966134,0.01566862770031552,0.014709738697916253,0.012105874199979993,0.04015041416770888,0.10742227627690011,-0.07643883707917332,0.5714285714285714,2006-09,2006-08-31,1,1,0.5298076802021188,0.6892137688987301,0.47540709803214276,0.7624273888858599
0.013801650043684832,0.058881217100795524,0.029030902460439822,0.11626532809310408,0.03229028769309972,0.04490628861132073,0.02804206832844902,0.023478210016802947,0.030000062122711002,0.03689556743549365,0.07811824466053043,-0.0636921691146014,0.5714285714285714,2006-10,2006-09-29,0,1,0.5357102857514277,0.26220938848072317,0.5501345336199024,0.9667311061520433
0.0033234703895375084,0.05202502974656387,-0.0465359846625476,0.15737917627491527,0.010207306970087204,0.041205859506295184,0.02146542053325562,0.0192685117997633,0.020371900058872905,0.038611735402572164,0.06635884265339256,-0.06837571221574923,0.6190476190476191,2006-11,2006-10-31,1,0,0.5684410747105093,0.28654166406744136,0.5364355481930853,0.9704379551742471
0.042099891861164807,0.06773771722914623,0.0774815248825187,0.10747590772110183,0.03978177006330075,0.06492278130245266,0.06982915897377628,0.06609323909869613,0.019078180682161827,0.027681116948162925,0.05981207438166721,-0.022182010867400126,0.6666666666666666,2006-12,2006-11-30,1,0,0.5861056176058179,0.5267035084228713,0.6064070166508843,0.9162531308971174
0.016287976869194365,0.06733036615917354,0.14983079983185665,0.061878616093668626,0.02273287270596236,0.04600277457735724,0.07191602554948218,0.061720127913958756,0.020034954041866726,0.038691635442944745,0.06121331464995452,-0.0206458600685967,0.5238095238095238,2007-01,2006-12-28,0,1,0.6346413771566417,0.3862329346772087,0.6604954606672435,0.8783556405757834
-0.05227626268854746,-0.0031659288445191613,0.048694393359733024,0.025172799469629803,-0.029298675487708592,-0.016638353074306056,0.00411819273989078,0.004261767993618992,-0.0020749145501791633,0.042462011899495784,0.0641152553897694,-0.07132516842069991,0.38095238095238093,2007-02,2007-01-31,1,1,0.641616133297507,0.7664288638346854,0.6427841289417294,0.979269039951899
0.03979164493129672,-0.005466195389760675,0.06619023722145978,0.052618271282956375,0.005218910618351114,0.013810965522008667,0.030384696663892763,0.04610718125069724,0.004885661889511228,0.046076816456367665,0.07400444118424218,-0.03584284839525664,0.6666666666666666,2007-03,2007-02-28,1,1,0.6011859846567095,0.923778066430355,0.5887385698117729,0.847053824642566
-0.0014092718219569367,0.012992359623869687,0.07725570207811394,0.10896077930857673,0.02302112494273678,0.027683060049711772,0.042571619406879924,0.06544621730793065,0.006993606803316732,0.05658385160773898,0.08019185169229703,-0.011890900267602533,0.6190476190476191,2007-04,2007-03-30,1,1,0.5159659015382461,0.877706277893117,0.48042617785879993,0.7707588239227675
0.061746541180188075,0.12463086175948135,0.12273138195605937,0.0753686601682233,0.0479581522852508,0.07369167586964442,0.08828093666720638,0.10837298278454899,0.036481407767663177,0.03244562530037241,0.07458560165917345,-0.00929522587136955,0.6190476190476191,2007-05,2007-04-30,1,1,0.663339829476442,0.7126353995558222,0.6494487327388555,0.742669709086145
0.10288284894052024,0.16933181818219967,0.19636643915948837,0.2790143721258249,0.09937223472144119,0.15091641930151867,0.16994913190609107,0.19252687936935442,0.051304586435777066,0.029834820128148292,0.0722296406754299,0.0,0.8095238095238095,2007-06,2007-05-31,1,1,0.5866396618078388,0.42113563202527704,0.5321170104847368,0.7198206342843655
0.04864319086070168,0.2016954645318405,0.2129475595872865,0.4074570662940662,0.05206869544355608,0.12208980070321451,0.16016416383864507,0.18717631230130793,0.07475612868596326,0.05469893672914293,0.066671260605842,-0.03553945342128073,0.5714285714285714,2007-07,2007-06-29,1,1,0.5994186205066009,0.23867531773074366,0.6154780080474599,0.76019672609529
0.10878071036997672,0.2533192406272584,0.39852863220688484,0.5302727327276084,0.0730107142342229,0.16841255035456393,0.22946363672758774,0.2658309596174093,0.08714056627517319,0.07080410080403216,0.09135571074663061,-0.03540028151050911,0.7142857142857143,2007-08,2007-07-31,0,1,0.5966974551607961,0.20791779205919073,0.6153090158170021,0.8631522746399833
0.009044164671340171,0.10131632631457688,0.28780422224316493,0.4237267661613997,0.01394188510103267,0.07930882915958959,0.14652825908298373,0.1880601533268771,0.022624597147296255,0.11879797590297066,0.15151200251684357,-0.0653520982643434,0.6190476190476191,2007-09,2007-08-31,1,1,0.49916211916090875,0.5759155429753287,0.43307615924901244,0.11946034222653125
0.07956048919929293,0.11256033045326808,0.3426129346350395,0.4163428009251158,0.042549402462025876,0.08461389064967939,0.15332973344202339,0.20439768707884398,0.012774253888551801,0.06325009814028627,0.15572630708559138,-0.02880920811008514,0.6666666666666666,2007-10,2007-09-28,1,0,0.6039931027307093,0.785258189077827,0.5649303233108298,0.2629633232336106
0.05206175843267968,0.09644658073868606,0.33599691528713116,0.5127661610475001,0.07911579695529003,0.09979443935570886,0.1658380313436334,0.22822411240172502,0.024721767196105526,0.07386831021305819,0.15659848031957702,0.0,0.5714285714285714,2007-11,2007-10-31,0,0,0.47645292934264305,0.2556884571367963,0.4567656480388301,0.3384432002334315
-0.0761654084356641,0.04370304357951538,0.14694905764630395,0.3398568389372827,-0.026636057137933156,-0.003139796243446291,0.038869412113516244,0.09487986880003119,0.018830400854566998,0.09406994434350845,0.1350291967376694,-0.0769305712974303,0.38095238095238093,2007-12,2007-11-30,0,0,0.4609378768411287,0.41098981775201177,0.4629243690806894,0.34596550225383554
0.020077516835790288,-0.024752232937623075,0.0793068480159207,0.3236745189089194,-0.01767798971855583,-0.0053631700879507305,0.012463641481967436,0.0639213072029654,-0.013443083687181612,0.06234430709690469,0.13088812435686686,-0.08122628028243384,0.5238095238095238,2008-01,2007-12-28,0,0,0.6124919125986973,0.6451586429743759,0.5053333045838289,0.6753810024173611
-0.12342922845922755,-0.208388370058055,-0.17257605070959114,0.19162982006982676,-0.10594337556581424,-0.13988232849957216,-0.13381853770882135,-0.10444107928105006,-0.05758510322664345,0.09127523324018456,0.1423591106000354,-0.21317288090062148,0.42857142857142855,2008-02,2008-01-31,1,1,0.417703845706444,0.39854786917798135,0.3351150295499988,0.5533021545442177
0.051887030249198496,-0.03455395153473695,-0.02721227898994738,0.1856362013313302,-0.020686529662941155,-0.07611606236030022,-0.07882333758730409,-0.06360279355616139,-0.048621467228684545,0.08287966589279773,0.14384995006621365,-0.17106815789679042,0.6190476190476191,2008-03,2008-02-29,0,1,0.6579885926234468,0.5194647044603325,0.5234810910740102,0.6123819801283937
-0.004457768023614417,-0.10632394037074622,-0.10737726816794835,0.18098902801200056,0.022810847993247174,-0.041362636483599946,-0.06664633950205745,-0.06840215906169855,-0.04679548522902233,0.0648802901532945,0.13658465511888448,-0.1747633437562739,0.6666666666666666,2008-04,2008-03-31,1,0,0.4375215673455731,0.3093542938423686,0.3431187916575657,0.6747434208849149
0.07129148713604883,0.12185426190965609,-0.07652967208644235,0.2059973372372348,0.06568136092745824,0.04446249004819336,0.004168180459249937,-0.002410964415585415,0.028195288554133002,0.044072552599633025,0.11287447430745337,-0.11593099529347839,0.6190476190476191,2008-05,2008-04-30,1,0,0.5703432344975691,0.8807876350214743,0.5490898596174408,0.8291368868637466
0.015824072845946224,0.07619894575865804,0.02491991075779798,0.14634996094774455,0.04083023662443219,0.06597785759994523,0.028324986826891996,0.016266128680791248,0.04144552587837391,0.04956713269208256,0.09308819366518821,-0.10307289539641507,0.47619047619047616,2008-06,2008-05-30,0,0,0.5098490291630958,0.6371858954246551,0.5695186731877416,0.9284214509312808
-0.09032050999007246,-0.002827936365908501,-0.09187416387193426,-0.07303194488892384,-0.06973394001993027,-0.038895300976242386,-0.0534744941520624,-0.07824012979591854,0.015028501661067173,0.04824882661769126,0.08536839327666824,-0.18884182157026097,0.3333333333333333,2008-07,2008-06-30,0,0,0.5559161604193665,0.6563336267565681,0.6306508548455954,0.9031287888312324
-0.017818386348635307,-0.11970122420044893,-0.05775195624017304,-0.19604847265950975,-0.05138147773362667,-0.07077197938384783,-0.07362505585505896,-0.10303895405340135,-0.06386603221483966,0.07993581976864321,0.10790327773184678,-0.22770662831390276,0.47619047619047616,2008-08,2008-07-31,0,0,0.652812282571029,0.6545024068433422,0.6285056293626045,0.8650016287706648
-0.06557644934998741,-0.20398269204049524,-0.143327012368336,-0.1484632820976517,-0.0646154214681901,-0.12871727816457468,-0.12445316108714433,-0.14801886923927787,-0.06525254054853358,0.05167102764513466,0.10684609430868028,-0.2860305007575412,0.38095238095238093,2008-09,2008-08-29,0,0,0.48988235166373395,0.9472987446508163,0.5514329707188155,0.4811631200413868
-0.01775825633142869,-0.1310561954461149,-0.1361260517407895,-0.21241586299942505,-0.03983189363038819,-0.10569330584211656,-0.12433549885820172,-0.13933703614463,-0.043111541278273435,0.11997240049813701,0.1523595340231404,-0.29870935413791055,0.47619047619047616,2008-10,2008-09-30,0,0,0.4730951379357668,0.49885408940260284,0.5645693308532551,0.5011696596755408
-0.2268644726791087,-0.3020123110609324,-0.385562291903781,-0.42428721654164625,-0.1725607280579331,-0.24749441417864404,-0.29845722013319176,-0.3076392892550236,-0.106584272126512,0.24905719604798604,0.2783859922703751,-0.46094873431386063,0.42857142857142855,2008-11,2008-10-31,0,1,0.31797496142127707,0.3924576626870741,0.29675521640540825,0.5962845585006762
-0.007974430864820747,-0.27008495671183863,-0.41897499220261236,-0.40449590086025256,-0.09864900546675259,-0.2061923399157617,-0.28096327896376505,-0.304608724861988,-0.11811594536537462,0.16332495489123475,0.3169673454235232,-0.44906489344089506,0.5238095238095238,2008-12,2008-11-28,1,0,0.5476070831549386,0.21569646756510177,0.3533914240590424,0.5735874808041228
0.044978511462916426,-0.22346454898070456,-0.3252343308203264,-0.40134268769029213,0.03497925623224929,-0.10916694180572006,-0.19381629826088642,-0.24400490900478145,-0.08994077427034752,0.12380464488816086,0.31931432555353056,-0.4141768363840471,0.5238095238095238,2009-01,2008-12-30,1,1,0.4030218828612086,0.3164862482435163,0.26208072263872945,0.8726083691086437
0.03958456388085452,0.1630870096749364,-0.27290419326318593,-0.27775293579621474,0.045241155771814645,-0.026949777974024536,-0.11660018255509497,-0.1918193813908139,0.02057975917508803,0.11586287818991944,0.26211684170434346,-0.38476240822737673,0.5714285714285714,2009-02,2009-01-30,0,1,0.49491539932475676,0.2767099151652756,0.5037841369748582,0.3847393518733015
-0.08874813476956944,0.08106213783807847,-0.28667671243289716,-0.3696640516617762,-0.07441474618865229,-0.06122450418416714,-0.15353773353532918,-0.22503658077693345,0.03436949144462709,0.0901468799246259,0.19897107342750306,-0.43721674931763277,0.3333333333333333,2009-03,2009-02-27,1,1,0.410388464660915,0.3549157976935563,0.5217897244264541,0.4250031970280785
0.18398917625094335,0.0790796929601707,-0.18293332407261564,-0.27981469608652476,0.05882387393106536,0.07256109351467521,0.010845740789155567,-0.06903064930538516,-0.005640357862756296,0.072000918985232,0.1714536881312826,-0.3613887559572837,0.6666666666666666,2009-04,2009-03-31,1,1,0.7886091308751939,0.9083090068501393,0.6559465888776039,0.8426460017597845
0.11026788740939564,0.19391433248891476,0.41321199495779815,-0.24953419501318552,0.13001323975796142,0.15807940538878218,0.1660500676428862,0.08795862110272124,0.0621521973914958,0.083880831060351,0.15354882850551813,-0.27504130394110526,0.7142857142857143,2009-05,2009-04-30,1,1,0.40257412631396294,0.35862925869009077,0.7750927430265506,0.6172793031601288
0.07356336148130715,0.31312378406819574,0.4195684052507911,-0.23522513349799934,0.04853823661546186,0.1328375498937091,0.1793313009471409,0.12279437166792828,0.10749339677972736,0.06954744394116576,0.13540719493316905,-0.24628783710354274,0.5714285714285714,2009-06,2009-05-29,0,1,0.5214227158530237,0.4935279305718709,0.8487419582622074,0.9653580718775316
-0.01768781692368493,0.15238003003942047,0.24350988898837,-0.17476328381143758,0.001422339540167794,0.0827589286979109,0.1284092886985142,0.12794399913569476,0.0387307680445248,0.06390769126978585,0.12331882762447449,-0.17006787797779233,0.5238095238095238,2009-07,2009-06-30,1,1,0.6103925313275916,0.30146155515656636,0.721003214178161,0.7876136877935157
0.10330295902980269,0.11400508620464578,0.33879823283485844,-0.012936497902668376,0.09361591657492219,0.14042534536714557,0.20915328846010794,0.25713041938263226,0.02364196178183664,0.055227060744285586,0.10349357551926291,-0.023440588869614754,0.7619047619047619,2009-08,2009-07-31,1,1,0.711327098651799,0.9531130864545421,0.7057573504433013,0.811380949427127
0.022192357015423214,0.12506976450849416,0.5027943667373556,0.07977668909447022,0.06113541246235954,0.10439812925025649,0.18116164975173965,0.23556556720434751,0.053480845426931545,0.0496861718584662,0.09905761361476809,-0.01379700369155834,0.6190476190476191,2009-09,2009-08-31,1,0,0.4706211270117972,0.9458731791875142,0.6845515886121606,0.8733169228953692
0.030855269827832377,0.17823439383655137,0.30332230936587146,0.16216908289854892,0.0416839281723036,0.11030683008341025,0.17448060632035478,0.23491649918801105,0.06695878281197842,0.044066463521268265,0.08760792399488684,-0.02661034516920413,0.47619047619047616,2009-10,2009-09-30,0,1,0.5707502583578361,0.4345463613134357,0.645957921338525,0.8771074777927437
-0.05525543136425026,0.01003844211016336,0.1343715216157626,0.42012996441836914,-0.03567686084486987,0.016208747582086236,0.059166896381186884,0.12576438944874457,0.020534708145814484,0.05447881061308489,0.08789123238626705,-0.08039541043237852,0.38095238095238093,2009-11,2009-10-30,0,1,0.45059343408325797,0.38313287380321165,0.41032232684902037,0.15019036215457235
-0.015872794001580925,-0.04156351618082521,0.12876772973083583,0.46946022440633683,-0.040293617545489324,-0.02362151991978856,0.017199701064854356,0.07385454561337346,-0.011138558660835574,0.06880252348905848,0.09754153389060333,-0.09499210464549379,0.5238095238095238,2009-12,2009-11-30,1,1,0.4941577974586734,0.44259845209725934,0.4261945541492355,0.5779327097559704
0.08174983668112512,0.005755647942492059,0.18501589620121028,0.45392257131077707,0.04081017206221804,0.03675686546478785,0.07603191954132038,0.11664738435763633,-0.00254412346390831,0.030045009653874234,0.09373210354690022,-0.02100785700513419,0.7142857142857143,2010-01,2009-12-30,0,1,0.648441313459054,0.8378543051818192,0.47304217289773237,0.4988494172668571
-0.04188386562222368,0.010455010486646987,0.02898626043714514,0.37760498708459944,-0.029825259436002782,-0.02385375824144831,0.00013147706915872526,0.03490541438756578,0.021886808686168324,0.05122360116798831,0.09142374340588973,-0.069442079532954,0.5238095238095238,2010-02,2010-01-29,0,1,0.4421280554338804,0.22339756407384737,0.425366411460026,0.20539812373798133
-0.01900978466997283,-0.010732839154104834,-0.0029699937664630083,0.5651396824489643,-0.031622863830433334,-0.020810010686070912,-0.017344026698539516,0.015599841155035099,-0.0022493203122593286,0.0626209170933107,0.0978481100867163,-0.07400076247424447,0.5238095238095238,2010-03,2010-02-26,1,0,0.4730041563239378,0.8066340363906653,0.3585640782179791,0.4568029192661638
0.04812644305298819,0.00430710309911686,0.010324923907771177,0.37255140080079685,0.031846833423905485,0.03343767925072738,0.03365199350487558,0.05867904806902646,-0.0030597297335958062,0.033403542577165185,0.08448154085615273,-0.016933719324695673,0.5714285714285714,2010-04,2010-03-31,1,1,0.5956075820033813,0.6798048898710937,0.41411991346162563,0.6039372788758792
0.013023734753459859,0.08682438560148853,0.09818714595009581,0.24582236740707386,0.03231430169764371,0.04341896588191063,0.05533748312939535,0.06511962626006285,0.028195961849145412,0.0363681451036483,0.07660825806494446,-0.006072305030603964,0.5714285714285714,2010-05,2010-04-30,0,1,0.5344268722478629,0.1706977505821086,0.5083224291675806,0.39604526296968184
-0.053439931918685124,0.029267923360070114,0.018220956292166912,0.15981204742825517,-0.029727551746783765,-0.015220417423296162,-0.005719463250196788,-0.002930669847871603,0.0053000797795990096,0.06653966912304203,0.08500513957786743,-0.06332037111270972,0.42857142857142855,2010-06,2010-05-31,1,1,0.48076155348476846,0.5106415408632055,0.4886715458372087,0.9402520904547077
0.03475402227722779,-0.001117464759366027,0.009480885888845991,0.22172991625080685,0.008468045607056274,0.016217960193127823,0.020298575247162942,0.025467427520093233,-0.004437153057808563,0.04211804923286918,0.08763434823085033,-0.030766986423735432,0.5714285714285714,2010-07,2010-06-30,1,1,0.6193535968726239,0.8010272097046189,0.4845694018130048,0.5709605021065577
0.04334493680828522,0.017883333520490652,0.07117496546024848,0.14633746904973433,0.03691317341998235,0.03594030327417075,0.047019409768891185,0.057417081075143095,0.007751617586705395,0.034278222174926855,0.08634594775457151,-0.007973078136096934,0.5714285714285714,2010-08,2010-07-30,1,1,0.5932968845763004,0.7602462508339046,0.5148686590296926,0.7586563852788601
-0.022173979867340265,0.04868701911362994,0.07415378253661031,0.09479538067556792,-0.0005602952480695533,0.016694677562833604,0.030566504846319065,0.03696930187116987,0.02551594101157484,0.04203342669761402,0.06705837105363469,-0.026722872913186313,0.3333333333333333,2010-09,2010-08-31,1,1,0.46953913965236255,0.41471951798150913,0.5300137049191189,0.8032046208349748
0.0828245306014248,0.1027621993399841,0.10152990144426077,0.10720202439212367,0.05110732675586882,0.0820757449353895,0.09009929347981971,0.10095759258507386,0.022177248078503187,0.030722440255503365,0.06188923205367278,0.0,0.7142857142857143,2010-10,2010-09-30,1,1,0.7277721473982699,0.9391935094592355,0.6618819703450356,0.8178604547429561
0.005414266402295365,0.06328488998692983,0.08595596891086577,0.1415069248387657,0.026407308640659766,0.055935894320756185,0.07501695118879437,0.09235304578198478,0.029609096645968558,0.037007861552764504,0.06339263161691752,-0.01899546337601321,0.5238095238095238,2010-11,2010-10-29,1,1,0.5709381421322964,0.5046597066957161,0.572424965980447,0.811516436023329
-0.005280082623816185,0.0820962085750141,0.16819797372568335,0.19075096380536527,0.0025440670620038297,0.03915443820792208,0.069291982304162,0.08518781471340975,0.03386892322136159,0.04105175671903117,0.06363938044796127,-0.0321264179116606,0.5714285714285714,2010-12,2010-11-30,1,1,0.5468390061996573,0.29271077311590943,0.618430802595937,0.6814018425420857
0.06306888286983314,0.0913695903071774,0.2268067530553175,0.22632260113819802,0.04823153159534166,0.08731621226092723,0.12033159024996465,0.14192852154220037,0.0288103690088104,0.025635570020529297,0.06405612856350461,0.0,0.6190476190476191,2011-01,2010-12-30,1,1,0.6479271746291112,0.7490333880539053,0.6320272173944794,0.8546137511810997
0.009132121145173144,0.0790859097396075,0.16128866994750002,0.2916195472467773,0.02049831603069152,0.058118524286258744,0.09681155645820194,0.127015253484696,0.03655644728986207,0.03569436474835018,0.06130512775774267,-0.021723391522555313,0.5238095238095238,2011-02,2011-01-31,0,1,0.5501639579264073,0.7347634975552446,0.5849981905992885,0.7490697799192529
-0.07062442962442961,0.0060279687465862875,0.11788747062217664,0.20242065293234646,-0.0525045022232451,-0.022628346402448707,0.01032826719607094,0.042255638756793834,0.016573194476384723,0.05032145963345838,0.06829183119017515,-0.08337227923902812,0.3333333333333333,2011-03,2011-02-28,1,1,0.44919089068866713,0.20235231588871896,0.5588461919728206,0.6636893300353178
0.0925507000380219,0.041791331286543665,0.12872030125916623,0.24510189973408436,0.04118889312715979,0.049578266374251,0.078256407373692,0.10853979541925507,-0.010572038032326647,0.051684561854562855,0.08065748898740127,-0.004249200253038765,0.7619047619047619,2011-04,2011-03-31,1,0,0.7459214152431451,0.8924301995809941,0.6242303306970322,0.7118751215529332
0.040660824149329144,0.03880677577412728,0.14911399258481084,0.2530993948360327,0.06345643723847005,0.06702187059830345,0.09331760577099124,0.1260295224951009,0.018870593731586727,0.039276764116384845,0.08440058748740624,-0.010667821560525703,0.47619047619047616,2011-05,2011-04-29,0,0,0.5420105135727012,0.3242351628453674,0.5133301299775086,0.7465102852190573
-0.029832283849849928,0.10476456286265301,0.1114240491199252,0.33279624927099527,0.009647507865120808,0.03194646798621581,0.05154082250694514,0.08060115422568792,0.031478490375831614,0.06697942511751712,0.09345977897038525,-0.03880284605830131,0.38095238095238093,2011-06,2011-05-31,0,0,0.45915600469464024,0.4093096696194889,0.509830726032345,0.7343833165011306
-0.01950087042907933,0.004451634382764524,0.035026589808560216,0.21284845289837961,-0.006518150246254906,0.013571536264383122,0.0204402588931325,0.04212841783257626,-0.0035464635004839318,0.04584352237335377,0.08946186564361616,-0.057547027214118085,0.38095238095238093,2011-07,2011-06-30,1,0,0.5611488886084237,0.9091092899691471,0.5100886154830775,0.6669890826937191
0.015480637523060725,-0.03402546398711748,0.022303498303498204,0.20635515845786512,0.01184446563978403,0.013158494666487996,0.023421804452736117,0.04213884692225256,-0.0029479663975582326,0.04288337188340397,0.09059749025265877,-0.04295725435988884,0.5714285714285714,2011-08,2011-07-29,0,0,0.5838107178340032,0.5936144119510324,0.4946599413279816,0.4498440087325979
-0.13451121863853266,-0.12199374775465632,-0.024960588477870083,0.08691955805262785,-0.06756329181955512,-0.09121945828737432,-0.08489173914304271,-0.07951945973546437,-0.0441415416602986,0.12617604926193676,0.14233281869785594,-0.15650795963118658,0.47619047619047616,2011-09,2011-08-31,0,0,0.3532617585986553,0.2687362245512595,0.34301537749482575,0.23052607118119756
-0.04022622817606292,-0.15758628175778377,-0.1538361638851442,-0.04650934425213815,-0.06069261999972175,-0.11226463213172921,-0.12459784177199962,-0.12762078212433992,-0.06719170139130926,0.1273263445857245,0.18276491708245535,-0.20606468692701496,0.5238095238095238,2011-10,2011-09-30,1,1,0.5263366530296194,0.16991748983099264,0.391573614811499,0.39867739629213406
0.10791082715639977,-0.12200653179539933,-0.13473689568612612,-0.0034869222256149746,0.055090343802490116,-0.016506444379782215,-0.04722116580217239,-0.049867893321245194,-0.04692162168988456,0.09511570959740867,0.2014121966352109,-0.14353327885982414,0.7619047619047619,2011-11,2011-10-31,0,1,0.6362467140715641,0.77546486467316,0.3976259914921504,0.7695817656071061
-0.032529859165571495,0.009844225070032797,-0.11762403330906457,-0.040742879728182246,0.00906587040160467,-0.023504625988149397,-0.06006775687459165,-0.06891901476833417,0.011725652275061282,0.08961970338599827,0.1794093529688923,-0.17113360394838018,0.42857142857142855,2011-12,2011-11-30,0,1,0.38576196830773596,0.8430873486910332,0.4090983033169061,0.8371621970433112
-0.011783437933314267,0.03190542529803997,-0.12828369747366286,-0.10394449947595907,-0.021591722968760663,-0.004505722446978666,-0.05214062935042674,-0.07421368670636863,0.019181489728201884,0.0765753927157039,0.1484699302128062,-0.1809004996812642,0.42857142857142855,2012-01,2011-12-29,1,1,0.5381265948396359,0.08177920462481544,0.5479301031472863,0.6800777334205347
0.07159531663391938,0.024494119551826676,-0.1005008548194729,-0.05513734208090404,0.04803574984631176,0.05876640050283144,0.02875246022921818,0.00013735022385064077,0.00028430281259406165,0.0480748010507433,0.12630131951813936,-0.1225548806000556,0.6190476190476191,2012-02,2012-01-31,1,1,0.6937982052347602,0.9484080062069276,0.5466228753868775,0.7098823091158707
0.03807155136815821,0.09357829629686121,0.14126313596545104,0.04121791849546019,0.05335351617098083,0.07089631328722978,0.07820235283194865,0.04750154459608025,0.03283093475301757,0.03975684993293418,0.09815981982270147,-0.08914918366408098,0.6666666666666666,2012-03,2012-02-29,0,0,0.5489449751749745,0.959374652606092,0.6174594669007774,0.8897216110635795
-0.007984219154045014,0.10351102637127285,0.16885367509158167,-0.02059427235490363,0.006142261120904102,0.04421571165865523,0.06419169574543959,0.043116815912014106,0.038564178476169886,0.032479415388559696,0.07025166123893105,-0.09642161619834788,0.38095238095238093,2012-04,2012-03-30,0,0,0.5464858065848519,0.7486029475211441,0.6558978692968009,0.9268868963814988
-0.016094063966730965,0.021354739823008062,0.02721459165016471,-0.10560018491228562,-0.014562775796144622,0.012920984825766757,0.03415863685016096,0.03200214127105139,0.0059825418076357995,0.035335774012383143,0.06243297556826529,-0.11080054152217678,0.42857142857142855,2012-05,2012-04-30,0,0,0.6475444846121174,0.9794711136917968,0.6495727601690708,0.9610753249489326
-0.06988936382815414,-0.07996245696111937,0.015529252209736999,-0.11876225642801985,-0.05727264570793178,-0.061099089998552625,-0.04512311822915671,-0.028978897309646756,-0.02775108907288293,0.05913810996682069,0.07709827895905937,-0.15460040796278696,0.38095238095238093,2012-06,2012-05-31,1,1,0.527422490696407,0.7017549363514316,0.5614210465358502,0.9220887082964456
0.004959739214203118,-0.08747673487897811,-0.0014487755033074645,-0.1132575615153647,-0.017834727897374503,-0.049943197605649026,-0.037328299254975716,-0.025232946553152003,-0.03667145217302126,0.060592992706890184,0.09138747374011343,-0.14976683602231466,0.47619047619047616,2012-07,2012-06-29,0,1,0.5790359620749818,0.40282857369297825,0.5828227027459024,0.8603525591268082
0.01638536733198981,-0.05045434159239859,-0.03017704110703756,-0.1322036092556621,0.02534153754366475,-0.01544123425663435,-0.02077844832045006,-0.013564666157937388,-0.026075514628972174,0.05887498740812133,0.10255386863504479,-0.13444267858855186,0.5714285714285714,2012-08,2012-07-31,1,1,0.5630922106471989,0.7758944583594354,0.5377986310297779,0.896799257692338
0.013399403534469556,0.03848983378432669,-0.06163280624692158,0.07092388622973833,0.020024517513562934,0.009317234739230962,-0.012307450511301443,-0.0035826969774455097,0.016671784325604566,0.04114240050060922,0.09231913401968411,-0.07034667401172601,0.42857142857142855,2012-09,2012-08-31,1,1,0.5242336497587573,0.4002514575211708,0.5010150325404804,0.8266817912481592
0.04712069777515815,0.0780708744187133,-0.009034939725962476,0.150082678478896,0.040181683107165966,0.06007185264989379,0.03727727255335189,0.03867211133414794,0.027683934057482595,0.048330825651029946,0.08536191945799748,-0.02589693336229104,0.5714285714285714,2012-10,2012-09-28,0,1,0.6022410867376894,0.6935933938784979,0.5490421372174812,0.8657633845980448
-0.04215483540831033,0.01597780461926379,-0.03528268658529177,-0.009028298842866489,-0.017711934646137628,0.004838396007049051,-0.0007355284013516039,-0.010576098151674596,0.014298178510518955,0.03169185294057878,0.0712105784600263,-0.06696008780713403,0.42857142857142855,2012-11,2012-10-31,1,1,0.5565727745468263,0.7563586045578051,0.5334452392587359,0.8119693646319667
0.018151789928253725,0.014581774044718943,0.05363285788830763,0.04114149272793588,2.6502634850933404e-05,0.010261517955478805,0.017806528477964267,0.0028223535699338775,-0.0065750015670983375,0.03477812469306119,0.06827615978556831,-0.05679067927224346,0.47619047619047616,2012-12,2012-11-30,1,1,0.6377077215765179,0.8848142315323835,0.5720554020911962,0.7473094223480109
0.03732084951098957,0.008387079595092661,0.09777481605207328,0.06953121761873127,0.03327370896161197,0.029075551596194016,0.04741152579897712,0.03799590852884216,-0.0024780864061966223,0.025718360468407885,0.053447504887240975,-0.025486990417151745,0.6666666666666666,2013-01,2012-12-28,0,0,0.6178832965959182,0.9272848669078009,0.5937675579414542,0.7020486478814671
-0.034050531736989464,0.032828302463814296,0.06407991140022906,-0.0014708726521253102,-0.002073358971737327,0.0038329198056776814,0.018187613160486116,0.022072727756955457,0.01645968588239155,0.026860496950164597,0.05331438517373057,-0.042619889249880694,0.2857142857142857,2013-02,2013-01-31,1,1,0.5115754593546894,0.731601736591898,0.54971651457033,0.808840542220832
0.036059035310247234,0.061817847360013944,0.05663574454667386,0.00930866667582686,0.021302047217024,0.03634783036096745,0.04145916510477843,0.05561772848449098,0.011264450915860813,0.03190858624874117,0.052922404907211916,-0.011120997978162794,0.5238095238095238,2013-03,2013-02-28,0,0,0.6700534976536913,0.7509797644088002,0.6549692711521317,0.8574270895477933
0.0004241310399841769,0.011421372000725238,0.0007237917205391575,-0.010824756828124338,0.011740678627722989,0.019519149145845516,0.02313755598834466,0.03620647952284206,-0.001070297795691899,0.029963831653305704,0.05335961730509143,-0.02166127323441891,0.5714285714285714,2013-04,2013-03-29,0,0,0.6403046442345711,0.893469541746772,0.6051011896561586,0.820284685707736
-0.016052204279209725,0.0040849457013145685,0.038341305468132525,0.0010040727850109121,-0.0035258252311292093,-0.00489435581228459,0.002175220760258778,0.010258994847188285,-0.005630409275795389,0.03742777581373291,0.05635587340685331,-0.03306091537650224,0.47619047619047616,2013-05,2013-04-30,1,0,0.5853369863868119,0.8938444188583828,0.5746963289200301,0.7689841148961586
0.01889055147974239,-0.012553697047034351,0.048488107785122025,0.09696464727611498,0.021238506345960584,0.014928640927367232,0.020593223128590132,0.021774409173431097,-0.0058168438062912164,0.03132540664255543,0.05562514513872885,-0.014794902820646993,0.6190476190476191,2013-06,2013-05-31,0,0,0.5623038280666645,0.7479951683460037,0.5427227134096286,0.7825726994388825
-0.06889866492454788,-0.0653116457154026,-0.05979352474572175,0.02078468116488752,-0.03533976565497099,-0.046344580427887694,-0.048574573203659877,-0.04667219385456389,-0.013578691339882432,0.05397610958908559,0.07331555659134716,-0.08260550012978718,0.3333333333333333,2013-07,2013-06-28,1,1,0.47984388398536815,0.6782070670446388,0.47272160787045436,0.8991490737315231
0.031810982708712965,-0.025418123229267175,-0.021437009181173527,0.07380772790346302,0.009940761782770702,-0.006820536245666253,-0.016894442733657034,-0.014611789449091028,-0.017689247177471223,0.04390127539113233,0.07711512306706367,-0.057638692184657114,0.47619047619047616,2013-08,2013-07-31,1,1,0.61308475405838,0.6936968188469214,0.5238752143657065,0.8121774074711436
0.006441882241114527,-0.03732543497365459,-0.049410559817880895,0.004426780885039117,0.0271639912054209,0.008359757156812808,-0.0036086874730018037,-0.006899782253618536,-0.010433884030695784,0.03930180773578303,0.08040760889773277,-0.051568111611128065,0.47619047619047616,2013-09,2013-08-30,1,1,0.5538343345520762,0.7998745394913204,0.4623889203692798,0.7891945789691193
0.05892334298305735,0.08843953457456899,0.001765801646758769,0.003331108423828777,0.03536324138145708,0.04035196461677848,0.03145980995132569,0.025786232480808913,0.029307154354997644,0.026361995698254623,0.06432580551608873,-0.016808633281869212,0.6190476190476191,2013-10,2013-09-30,1,1,0.6279001836337673,0.5565236695988178,0.6320566665385421,0.8268601014992684
0.016590219899681458,0.062423738398334594,0.040218277934139346,0.05360149889498689,0.023780491179440366,0.05156635612536453,0.046060002229766805,0.040525130043664426,0.02809162149539457,0.02791745516197507,0.053890639733509875,-0.01431850726170103,0.6190476190476191,2013-11,2013-10-31,1,0,0.5686786855923698,0.25096810461407276,0.5647791671523242,0.531595917563642
0.007280479951982111,0.08432848607474464,0.029528463754848078,0.08536440453501015,0.013504096456131487,0.04296572242238739,0.04915458704598952,0.045794544683614546,0.017493770500353056,0.03831528530170178,0.0539953074122867,-0.007142272914779868,0.5238095238095238,2013-12,2013-11-29,0,0,0.64634902093783,0.37929221839452426,0.575105734136962,0.4759114628265619
-0.016829875001700634,-0.0002286922142588077,0.12778043729160715,0.005921463275975203,0.0017569127693237707,0.014635143348751711,0.029980051451032885,0.029166734476105294,-0.004363947820407055,0.02514626839587756,0.05359256992929105,-0.02342230477807128,0.42857142857142855,2014-01,2013-12-30,0,0,0.6008959227132951,0.7775001855423997,0.5460494898381997,0.40085060218290897
-0.030530197568957917,-0.053909806617294165,0.015203374873170583,-0.027733253148239156,-0.019114313063008925,-0.025926900687970766,-0.0064154599027994585,-0.005356403343035443,-0.01476466710729718,0.03790821706429114,0.06033223085372762,-0.05750203887131877,0.5238095238095238,2014-02,2014-01-29,1,1,0.5514958513313507,0.813222184433057,0.5350530387738979,0.8920853056474441
0.03289631585741026,-0.02108631496716218,0.07077420365512488,-0.02205331520221665,0.014432989216177639,-0.001613469816670654,0.006801871490928368,0.014464096677608396,-0.014365340756267164,0.0343490664439698,0.05608886697784356,-0.03864384237153928,0.7142857142857143,2014-03,2014-02-28,1,1,0.5827376586132482,0.7836227082768581,0.5514958087144378,0.46045696992017343
0.0028383957216482347,-0.006847428170967507,-0.006231080586711624,0.018935616461010163,0.020933546368191003,0.00981753613648828,0.006207165661510361,0.01861143472816762,-0.0035469447628645456,0.03329217664391603,0.05951652526320872,-0.03591513316674644,0.5714285714285714,2014-04,2014-03-31,0,1,0.5583224967115689,0.7300957971928189,0.4978595460191317,0.6263755322247261
-0.015155745390144859,0.010632879678976748,-0.04385014342559601,0.022495235699351968,-0.0045588980843652704,-0.0004433586378771448,-0.009683074371508837,-0.0013170916856340975,0.01281097689895061,0.018380408308874403,0.049512576050189355,-0.04748057145295659,0.3333333333333333,2014-05,2014-04-30,1,1,0.5842708276858986,0.9312844051501065,0.555972170035269,0.6820723822097807
0.013050562670458898,0.008355062740559083,-0.010426700530211885,0.0005667508803250954,0.004687612096062832,0.015238998457396624,0.00858677184336476,0.010597355887280724,0.007924607036976283,0.026891782014698922,0.04606099441901921,-0.031375384659152905,0.47619047619047616,2014-06,2014-05-30,1,1,0.6138483993004122,0.7818710127304909,0.5729777881743511,0.7142443638963176
-0.007362248631606505,0.019294256615924654,0.009509156519887929,0.06031843225395561,0.004665614991835598,0.014100269384673902,0.013622986787690472,0.00939720158302304,0.0050681311842530885,0.029579913505481552,0.04322067132370981,-0.027855249619489708,0.5238095238095238,2014-07,2014-06-30,1,1,0.5778622007765347,0.92100093510094,0.5235726294527427,0.6879912429653077
0.0301893965137201,0.054264092548445664,0.08678044449329225,0.10411367253085868,0.03305140745872448,0.04201125920498949,0.049177562590942525,0.04477088073022584,0.008120864300330766,0.02008599085863906,0.04397500947426121,-0.0031162771232341457,0.5238095238095238,2014-08,2014-07-31,0,0,0.6211685964003225,0.2644836693485546,0.5416119528383556,0.26820493808659684
-0.006755978139755037,0.027968567194966987,0.04961006031262061,0.09571208825557287,0.017697327892113313,0.027376325017443692,0.038744932361731266,0.03966625002099633,0.012034154959204235,0.027219856073695817,0.0452013481074828,-0.006755978139755037,0.5714285714285714,2014-09,2014-08-29,0,0,0.5471172295616248,0.4501814635234316,0.5158743256506494,0.1835623216836872
-0.026429791668652225,0.01588121553303612,0.040612989476014105,0.0033376730156018386,-0.014361594531322797,-0.0015876206355699418,0.007127836476120919,0.013602117277294878,0.009959529107202991,0.020692084994987748,0.041144133742240865,-0.030020089395877414,0.3333333333333333,2014-10,2014-09-30,0,0,0.5960692266129883,0.9584098574861369,0.5948964788154983,0.8103077024897632
-0.027553184784407714,-0.04118488413744359,-0.017966646917309204,-0.04459372908718118,-0.02029781357866034,-0.023788482121507526,-0.01996040105020458,-0.01242568054738269,-0.021660927538262542,0.03811593259286933,0.05209516395856043,-0.05674612510991606,0.3333333333333333,2014-11,2014-10-31,1,0,0.6251282227115428,0.8851585577241959,0.553554973136497,0.9437752653189312
0.01115403561477124,-0.0421991815820425,-0.014708854999460508,-0.025033955319276102,0.007419224088495602,-0.012087770402392395,-0.010256388692218676,-0.005327648899353221,-0.020384176965612233,0.023670865022537835,0.049129598484511566,-0.04889541146569121,0.5714285714285714,2014-12,2014-11-28,0,1,0.5988292899920492,0.8260205923613518,0.5353652808666473,0.9054165416533269
-0.03291130893504779,-0.05477647838889832,-0.039828616357011515,-0.029899291976981712,-0.01689144551460975,-0.0360808043704397,-0.03989731598184487,-0.03755967939982463,-0.008996784401501867,0.033979201864756885,0.0558039413412734,-0.08019750840848539,0.42857142857142855,2015-01,2014-12-30,1,1,0.5037820792913386,0.5627224655849964,0.5198085559724808,0.8863149819442384
0.017576853369501766,-0.004936390621499642,-0.041591054815113715,-0.007449503166515936,0.005670013533394247,-0.004489917899207163,-0.01754325400992529,-0.018718872051199154,-0.005251726777608878,0.03395231644359934,0.05337770259945726,-0.064030274884879,0.5238095238095238,2015-02,2015-01-30,1,1,0.5913348637043038,0.7181361990334361,0.5488879792717036,0.7898144202633092
0.025892706297769186,0.003669377228810111,-0.04196295759287838,0.02026349892794288,0.02601920933392954,0.02123884127622766,0.003178152795831446,0.0009569014860824065,-0.0014802577196474376,0.020589992323105086,0.051147410383662016,-0.04648496530807389,0.6190476190476191,2015-03,2015-02-27,1,1,0.5894553126127173,0.8339559165975201,0.5156054878661344,0.7203422613052989
0.02214530646658841,0.04850485955370254,0.002647823097232882,0.0533369662282519,0.032368880303405456,0.04146991178843251,0.03384391632995665,0.027803812985450094,0.02069869706710037,0.03050911379967513,0.05015281309064475,-0.019965368446460352,0.5238095238095238,2015-04,2015-03-31,1,1,0.5637126457593615,0.31084326914542965,0.534171037226323,0.3501058357785442
0.048667688668430076,0.08441662819259355,0.10463309716262348,0.06131373400015172,0.03751400209410716,0.0678838916627511,0.07337189609243921,0.0647135316119507,0.03556576348139018,0.026574732294052727,0.04499745969857599,-0.021275319476893984,0.6190476190476191,2015-05,2015-04-30,0,0,0.5779398707253266,0.7606984007632781,0.6159722978551907,0.6763035758426008
-0.01980959308312369,0.06107135461558855,0.07632177969527643,0.04945563755135618,0.009298282659983448,0.04494651083390022,0.05807465463931494,0.05446628957751831,0.02759259408503323,0.03251450521938729,0.052012195957803556,-0.026966778312134898,0.47619047619047616,2015-06,2015-05-29,0,0,0.5429322579699057,0.13624050486191214,0.5402947526431003,0.15865254569684448
-0.013399242019911495,0.021753222231896796,0.06971559358799406,0.053925931384160464,-0.01187524002818785,0.00938661187909795,0.028901553118081846,0.03400375534678868,0.0011121706990682156,0.028664773726196184,0.05152427560907643,-0.045647146626479285,0.47619047619047616,2015-07,2015-06-30,0,0,0.6089874800794052,0.4286724611377279,0.5512008762179699,0.18971215730565585
-0.0366198180087548,-0.04560514263468096,0.03496165318845046,0.0009071980453534412,-0.01790530329167439,-0.02140300757106328,-0.000894643733244771,0.009654864930076723,-0.014424522549694618,0.038392416880656914,0.05841156946356516,-0.06591019813223276,0.42857142857142855,2015-08,2015-07-31,0,0,0.5366828411607953,0.9159081514188108,0.5037796109644354,0.6395498553550558
-0.03840459920722583,-0.06598059761743713,-0.027704221601494772,-0.05024922716647773,-0.03808223604997052,-0.05761394476098969,-0.0467802981802492,-0.03525964418908345,-0.024491229524571168,0.05381898612945787,0.07134229781762985,-0.10670786057560266,0.42857142857142855,2015-09,2015-08-31,1,1,0.5396298582167338,0.8895614801230074,0.5288396545437305,0.9613569927037509
0.012974352742353146,-0.05370258181483045,-0.03311756377957831,-0.032579056967729225,-0.002029056270097307,-0.029843356103082086,-0.03548542120102849,-0.023208794241609154,-0.026559257700621286,0.05553788349410257,0.0862180016875136,-0.09689835881498765,0.5714285714285714,2015-10,2015-09-30,1,0,0.56610874490791,0.6942444578142397,0.5241298073403186,0.9498883990582866
0.03396146856773963,-0.003999776422292989,-0.05503636753858421,0.05389238789973061,0.032165679483944,0.011901154439232231,-0.003702921108303503,0.004797114434006433,-0.00029276008982559443,0.025154582435382548,0.08133214170265393,-0.06622770081440865,0.5714285714285714,2015-11,2015-10-30,0,0,0.5675323028419192,0.936553211578003,0.5084811583994593,0.9585700057560933
-0.018477730905773315,0.02802330919419682,-0.052512231591298364,0.006787798768524533,-0.006903833445077723,-0.0007568843997757257,-0.016977186822413892,-0.017458030754066267,0.020136451963876256,0.03962621586339344,0.07199084712719019,-0.08348169408602535,0.47619047619047616,2015-12,2015-11-30,0,0,0.5159859919940467,0.9293356503756568,0.5376236416246025,0.9355974108691747
-0.015391754173157857,-0.000764210471325355,-0.05442575221079571,0.011495517755349738,-0.017869319355456548,-0.008201119939596713,-0.021890046154923626,-0.03225951618918832,-0.0043986062554373095,0.03695408091376491,0.05945307899774901,-0.09758851854585227,0.42857142857142855,2016-01,2015-12-30,0,1,0.5910515420832374,0.9025135659355934,0.5105706835818009,0.6548697632188817
-0.027589748505277956,-0.06002476380142652,-0.06230195601649324,-0.012411565397675739,-0.01762079398600036,-0.028997600267220536,-0.03547203030738677,-0.04984603130919052,-0.02611865505135824,0.05253109921324515,0.07425997792975013,-0.12024876304257548,0.42857142857142855,2016-02,2016-01-29,1,1,0.5398812164033988,0.8581183929098534,0.4478044336907299,0.7511385574773491
0.024026464949451043,-0.049412536367603566,0.047463929481666334,-0.0262803509892775,0.0009424386764109727,-0.022616329094568788,-0.023265506722014218,-0.0376129691305821,-0.01782986468608716,0.04877690805623716,0.08100525345801152,-0.11813228443432566,0.6190476190476191,2016-03,2016-02-29,1,1,0.5092819793912956,0.7041993542777488,0.5339915038903733,0.5818105419429778
0.02486876510858438,0.00261218753075676,0.026333902702684986,-0.022987983053176952,0.03401704083296875,0.023261347204914573,0.01971674117725475,0.009084681566757347,0.007802229970554908,0.01713003537901781,0.07460134200817693,-0.08169647866890839,0.5714285714285714,2016-04,2016-03-31,0,0,0.5087868810315558,0.7870311907928138,0.5150483548345259,0.7335534153112883
-0.003990725012195551,0.06542754774639925,-0.02633200444013406,-0.06984494338186065,0.009900239809375044,0.023225377844045436,0.013195045563586971,0.011631785096570146,0.02424979807864247,0.027769939654807355,0.059800320166006796,-0.0824786372310845,0.38095238095238093,2016-05,2016-04-29,0,1,0.5642401687300803,0.45820226391860597,0.5684570239004272,0.770168531714335
-0.008760940575790577,0.03293474976495481,-0.010131220867645396,-0.07581196861221517,-5.998650603944444e-05,0.017942673744631987,0.00955661048126033,0.010400554261223105,0.0056389310084619115,0.0256403447209573,0.04388191535183697,-0.07469091466570443,0.42857142857142855,2016-06,2016-05-31,0,1,0.6012831682111808,0.6764833098844755,0.5550476080650212,0.5726394672793498
-0.006579635306791065,-0.012311361501497031,-0.0111465061803393,-0.05326253036067985,-0.0043766439172545635,0.002499378784922568,0.0058844028207087895,0.0014519865577555802,-0.002272529257594913,0.04663517027376566,0.059098718949762645,-0.06500173084462435,0.5714285714285714,2016-07,2016-06-30,1,1,0.5576245138557863,0.8432792752150605,0.5446546694299572,0.7934466795787076
0.023264885115996004,0.007626397368069693,0.06483465679374589,-0.023509146242686962,0.01573707415819925,0.015760662982464924,0.02781406277601306,0.02223656539355412,0.00300210064217743,0.030396542554931096,0.0605409651257511,-0.02366996050257919,0.5238095238095238,2016-08,2016-07-29,1,1,0.5639897334031477,0.4018339042664204,0.5480811545205982,0.6557336238255638
0.0024832549597586517,0.026191320246056637,0.06156020792955785,0.11194602677926935,0.011731254829074445,0.018616006033604027,0.02867964645536336,0.03147663907142295,0.012315768103670743,0.022604072911664417,0.059618366073691066,-0.010499730538676921,0.5238095238095238,2016-09,2016-08-31,1,0,0.5202074714133047,0.22188968490592909,0.4964077750448446,0.4535008949943929
0.005550239590808026,0.04460836460809503,0.030813988427290884,0.02388840145162119,0.004024689940837378,0.0188755973366197,0.023497392939536788,0.033626406074287685,0.013237252264028054,0.03711736369723415,0.05286959845103915,-0.01212825620462532,0.6190476190476191,2016-10,2016-09-30,0,0,0.584841681416011,0.5588483862785674,0.564114564273063,0.3774830505287646
-0.029259653386679352,-0.00832577319836203,-0.00566443529206051,-0.017029065088791318,-0.01566718672487999,-0.005608943483441875,0.00041790043469180915,0.011747167941803083,0.002538496112417743,0.028602095549177094,0.05047733036831004,-0.029259653386679352,0.47619047619047616,2016-11,2016-10-31,0,1,0.551506471035274,0.41802141976071316,0.5274308364521356,0.5730423964510111
-0.011911005836040767,-0.02404605294572748,0.00831158873351212,-0.0032062581939328316,-0.015488005513583425,-0.01837375517375972,-0.01116714696967891,-0.005521814476495468,-0.012132234928680208,0.041483352582997624,0.060681123037223436,-0.041204218764032796,0.5714285714285714,2016-12,2016-11-30,1,1,0.5683527720895731,0.9425702014102596,0.5287886368079934,0.7858819195266881
0.021668976189309852,-0.008401738036869832,0.03583183877753471,0.022849913875050865,0.010834809116050392,0.0014845689550391228,0.00706813394171113,0.010602665818195467,-0.00493596739845259,0.027793267901230205,0.05590229308521959,-0.02042809581001992,0.6190476190476191,2017-01,2016-12-29,1,1,0.5670797093665387,0.47495851853220417,0.5310970771490194,0.47954003389905675
0.021279472031379365,0.02956897937231151,0.02099702155798866,0.12335579178201983,0.018633473045081228,0.019782098335739073,0.02223079313340004,0.02706323815375633,0.012332535233115172,0.02378090092923124,0.05472975147416282,-0.009376383580391723,0.5238095238095238,2017-02,2017-01-31,1,1,0.5470169268867809,0.415814991018625,0.5095536952260177,0.2431193167216292
0.0038634301124216286,0.057382420475461604,0.023848142651106574,0.09268523189099875,0.012865358011668437,0.0278759049391899,0.027355053461287637,0.03466823971230126,0.018275862932412457,0.019157665278728673,0.03987343899796545,-0.007586716417703032,0.5714285714285714,2017-03,2017-02-28,1,1,0.5568560300150324,0.15009780734789321,0.5250111036338756,0.1401970298814801
0.02738452942680447,0.06704898067619514,0.04423508791019315,0.08892984543089644,0.026622513380746282,0.04870572879212309,0.05308595795199378,0.05937250313320308,0.01835685463658443,0.025199033799661954,0.038399255441007835,-0.00833183527214576,0.5714285714285714,2017-04,2017-03-31,1,1,0.5939210011360616,0.2588941799765375,0.5543589602392709,0.20487076280904942
0.018848423226429212,0.05848072239534541,0.09211550515142597,0.09475559700746405,0.03103316131570022,0.052076479717435786,0.0666684591649842,0.071434224111242,0.017415353383123167,0.023678371247179843,0.03920427329925116,-0.0018194579681563017,0.5238095238095238,2017-05,2017-04-28,1,1,0.5592070226580361,0.30171467969918014,0.5313725014053161,0.24728141224224812
0.06320194822406355,0.12093850947057394,0.19080175683754375,0.21143832714638733,0.05966644072702998,0.09282213836042441,0.11769377957320959,0.1254270416697978,0.03801751225015915,0.03219143430516503,0.047222067964562964,-0.003362699380728862,0.6666666666666666,2017-06,2017-05-31,1,1,0.5568595617451083,0.735624832460309,0.5724508227319508,0.3458632462391804
0.018919032481777176,0.1056159192535131,0.17480721566908164,0.2038949248202533,0.03727187653541009,0.08100524024768485,0.11089523957883496,0.1281303699615166,0.0409173611699043,0.023273441621171533,0.04608275372394811,-0.001615368286338903,0.5238095238095238,2017-07,2017-06-30,1,1,0.519177495947986,0.49456690485971866,0.5469925224693519,0.3378111713855019
0.004565585480605261,0.08826267541552535,0.16311185693351882,0.19517594127771432,0.008164963262444092,0.05308202728931821,0.0870233141960075,0.11295440151178981,0.03356858046564182,0.02404339977922471,0.04660261753282432,-0.01991412210984711,0.6666666666666666,2017-08,2017-07-31,0,1,0.5573182822969239,0.5607779051809694,0.5808849061164966,0.5136330372077087
-0.02466818292289219,0.007924487711436834,0.13314181560213956,0.15629522552271524,-0.01170165942927981,0.013699342812488746,0.04684389623113683,0.0750555404743789,0.0023227418147575563,0.030482694830005742,0.045825887534484425,-0.036034675013123074,0.5238095238095238,2017-09,2017-08-31,1,1,0.5362097087015809,0.22036857207695348,0.5143694418712554,0.4313290159923795
0.009349586802375187,0.001120471110279908,0.10685472995010215,0.16968310830251188,0.005464292892256584,0.009994693901159257,0.042535987827238886,0.07028411673229806,-0.0040151336434027796,0.029274447370101906,0.04878451166193909,-0.023275284378268646,0.38095238095238093,2017-10,2017-09-29,1,1,0.5675738003655385,0.26575127444833074,0.521155559939714,0.6574674672455696
0.04858920907568054,0.029328583164192956,0.18005520336718628,0.23640577581226108,0.04985628037916445,0.05221312494580821,0.07967616587325277,0.1101246904523987,0.007516821357604675,0.027608671685141306,0.05281626469774471,0.0,0.6666666666666666,2017-11,2017-10-31,0,1,0.5323819496348032,0.5853587075923814,0.5026910621119,0.5094629784056072
-0.03133220981805418,0.04231346621738763,0.056954407276462726,0.25412501509202756,-0.0025490293940897413,0.017626561994653844,0.03501594851445411,0.06527713098161625,0.03087939293696862,0.02418619404413455,0.047561190377852176,-0.03190023903728434,0.3333333333333333,2017-12,2017-11-30,0,0,0.4516515634614942,0.5933066315311022,0.49072010263345617,0.588658068644641
-0.0160777999199766,0.021290925422343898,0.046642019219706565,0.21141260667076223,-0.013578571269233453,0.010068591465793864,0.01899659296232703,0.04597747271192043,0.0111000239280028,0.03704304002240381,0.05248882332737549,-0.03537179150069503,0.47619047619047616,2018-01,2017-12-28,1,0,0.5404527797809318,0.4198071605960309,0.5149764400938587,0.17449232157958255
0.035008998049159246,0.025792100922090944,0.047508999600017754,0.2433375439393295,0.025757880649338816,0.03697991767354747,0.048837491736187566,0.06890069394769527,0.0002488244455782773,0.03094728296604178,0.05459129791925671,-0.012212340584913717,0.6190476190476191,2018-02,2018-01-31,0,0,0.6028731114740961,0.7615673208544271,0.5027310244640574,0.4576187209713176
-0.05724801604215046,-0.04327288459402978,0.027815142555874806,0.16775802634437964,-0.02090116136702591,-0.024202691897907802,-0.010615544161565071,0.0003984134492815983,-0.007915854124613042,0.05159023966669225,0.07107533756937037,-0.06574955558942497,0.47619047619047616,2018-03,2018-02-28,0,1,0.42477097142685477,0.9082827769486108,0.4180374676093926,0.7852187435148691
0.0076173247545101574,0.007625635096609074,0.02505376103140966,0.14667140068272388,-0.008849866199111878,-0.015527288164631448,-0.005372444525816311,0.0014214204711793244,-0.004634193338267423,0.04978375165709888,0.07810662700415096,-0.05863306655230416,0.6190476190476191,2018-04,2018-03-30,1,0,0.5560426063160326,0.8879000232213176,0.539480132219194,0.7898104248509312
0.028427655980584055,-0.023062392894058648,0.009179491599799361,0.17070094482181952,0.025846310889951374,0.018848349744788218,0.016946364072242037,0.02619926843238707,-0.006355827370091327,0.02973919989772803,0.0776328061775458,-0.03187221121675565,0.47619047619047616,2018-05,2018-04-30,0,0,0.5530170410047793,0.7950136716893259,0.4391314676973945,0.9191652105999368
-0.027840593523083323,-0.013488597661969748,-0.04625055581294091,0.056661750664575905,-0.01441678890515452,-0.01795163010071621,-0.022488582858741224,-0.013395970917956412,0.0033954860609044513,0.03271834800160772,0.06649401449031049,-0.06742383566684518,0.42857142857142855,2018-06,2018-05-31,0,0,0.5039917307581959,0.8621114361568327,0.4909109046798746,0.8324689965659506
-0.05336051162376643,-0.051356888808616996,-0.06148811782910246,-0.019602641728782122,-0.0462444399066162,-0.04782976919628534,-0.055357476831563,-0.05362946980469463,-0.009050902517303672,0.04295853235392059,0.05990311968613873,-0.10471138166538341,0.47619047619047616,2018-07,2018-06-29,0,1,0.503030868552863,0.7613426194288714,0.5209688396302168,0.8022853433906647
0.010442241957097309,-0.07286192283185944,-0.09564223413489947,-0.049436095319020934,-0.026131673750387274,-0.047184155607401745,-0.05572761651645175,-0.06261873247660932,-0.032173490521953174,0.02272453363225897,0.05997903057896977,-0.11659268124048949,0.5238095238095238,2018-08,2018-07-31,1,0,0.6387160277002256,0.5046850905949961,0.5519338633188338,0.678585976620705
0.006852767356289258,-0.041324685638756575,-0.054255871242637754,-0.010808056538704203,0.013954836220315903,-0.020333793816690426,-0.03259644814683038,-0.0422791588952679,-0.026708652187125592,0.031614233462751704,0.05946475936074835,-0.10596225249211022,0.7142857142857143,2018-09,2018-08-31,1,0,0.5369454570930146,0.7590417386401795,0.4958127280693459,0.8481399163702668
0.019036236507522508,0.00044407588693995415,-0.030491211832570975,-0.00027729521951169733,0.022077286430238985,-0.0005813909666357864,-0.01563683315819564,-0.026414251453570903,-0.0008568600621514655,0.025983138621484516,0.05335249950133486,-0.09819138661925286,0.5238095238095238,2018-10,2018-09-28,0,0,0.5066533902201953,0.4870516825560599,0.5229724807396714,0.7952181581439443
-0.1337476549186405,-0.11330856794855793,-0.17962828925133378,-0.18253580949221337,-0.09262587894872587,-0.1097903871606477,-0.1323081634758163,-0.1448609323213701,-0.024242784003142503,0.06240838672580818,0.07831029550758675,-0.21880617384435863,0.2857142857142857,2018-11,2018-10-31,1,1,0.3788476312554819,0.6507360952003265,0.4667785085146585,0.32308660720900667
0.03576269616656069,-0.0895567748405165,-0.15413716217147833,-0.1725065546814053,-0.02324346672320521,-0.05423586270769054,-0.0825951197245034,-0.09797636781754193,-0.03843047485982265,0.045450074343303344,0.08567591408835065,-0.19295349658425442,0.47619047619047616,2018-12,2018-11-30,0,1,0.6579579947047729,0.34847564475773374,0.5792563399124449,0.5285214955714405
-0.031865712579422834,-0.13347452554410877,-0.13181218123557015,-0.1734939925793303,-0.017013460385159718,-0.06180556153181327,-0.08675201082849215,-0.10939156683901585,-0.03632291540256549,0.04057673272852947,0.08991670240050276,-0.21443771044783466,0.47619047619047616,2019-01,2018-12-28,1,1,0.43777230128466244,0.232394406371392,0.44810437497225547,0.5091774801032463
0.09694034709266175,0.08629897240789508,-0.03678800851963371,-0.12514975077460633,0.05632409567098229,0.03247511087510957,0.008176380560851237,-0.021234011986350443,0.006677117548544498,0.034893145767802704,0.07315663322308254,-0.15138994939573502,0.6666666666666666,2019-02,2019-01-31,0,0,0.6410368952634048,0.7222073726166128,0.6432474254434839,0.8394869748276814
0.008132303405993468,0.06705288131458209,-0.03287142862366621,-0.08339630880493931,0.031031698883969394,0.036235254213951684,0.008529514838350627,-0.015814492116013157,0.024306617660347918,0.034143378032727406,0.06821259419883702,-0.12719348818537835,0.5238095238095238,2019-03,2019-02-28,0,0,0.48858868755221035,0.4202954323520429,0.5455775035977499,0.8466027275779808
-0.042115865715503076,0.03840907887776002,-0.07289368466485413,-0.14166170923402066,-0.015430138485176825,0.008697961610818483,-0.009148693271480934,-0.027459906865279216,0.022149165296042828,0.03463930616562706,0.06308185384029152,-0.14896754303311388,0.42857142857142855,2019-04,2019-03-29,1,0,0.4926939774098124,0.39412009701648804,0.576705347820402,0.8941293639828445
0.01628482396953146,0.011874799747353837,0.06799303821185831,-0.10195736749950901,0.004472873752042306,0.02466625886389706,0.02526791456839872,0.009050439244078223,0.008336479912679717,0.030364313387253244,0.056006230601945275,-0.12395336269178403,0.7142857142857143,2019-05,2019-04-30,0,0,0.5512278081342529,0.4837690932173222,0.6119334013643548,0.5419067276096857
-0.07344836888932471,-0.07000872502730604,-0.007650130442965031,-0.17024360584996934,-0.050983730282524675,-0.052746435437810324,-0.04007612076034528,-0.05592734577382397,-0.019304505855886944,0.03985987433561617,0.061153103012258764,-0.17637234065602891,0.42857142857142855,2019-06,2019-05-31,1,0,0.47659964141336836,0.3636129120460915,0.5442485476514303,0.8709682798710255
0.053031736822065634,0.001184164003387611,0.034221305550012016,-0.08952142447056577,0.005678827267919573,-0.01135350054473272,-0.0005496609243941242,-0.0070763637748081365,-0.017767253872228106,0.024264731006974936,0.05967873874086581,-0.09868810724419896,0.6190476190476191,2019-07,2019-06-28,0,0,0.6462829865034895,0.7678599588244348,0.6067562804291208,0.5186717944840679
-0.04593263485075694,-0.08124924869029759,-0.07033926750076402,-0.11560416538243068,-0.028484530003283215,-0.04821062566474299,-0.04995228341525548,-0.0452296542432713,-0.014434991812362408,0.040294807275025976,0.06347758615172798,-0.14047536645763548,0.42857142857142855,2019-08,2019-07-31,0,1,0.4643862538429385,0.7937550631038843,0.5176974974648332,0.8503888537409783
-0.02803586396813429,-0.03621908349034497,-0.10369215666083442,-0.13315507595799003,-0.029855908458072067,-0.053828056040350014,-0.06940693643923779,-0.06498762055793905,-0.026661912730784554,0.047364473991278744,0.06719383163274353,-0.16457288216088972,0.47619047619047616,2019-09,2019-08-30,1,1,0.5581821768927131,0.6103841763115232,0.5303575253742719,0.7038306414670769
0.0628307214788324,-0.03171380379556821,-0.030567194137045894,-0.10419405904445911,0.027831610890765468,0.007567628783565095,-0.015615137097541587,-0.01770837034919248,-0.013883353497512796,0.03208279275354097,0.06872301267484793,-0.1241301551300441,0.8095238095238095,2019-10,2019-09-30,1,1,0.5641417793463883,0.4261187286296973,0.5336526935701802,0.6003765890454553
0.009902780425627533,0.026607801269134868,-0.043972668206210486,-0.010740285902209767,0.02445830159926965,0.01785370898213512,0.0018269023423267416,-0.008734980724035335,0.013228161680676198,0.03513609986505929,0.065619277711591,-0.07344468007210991,0.6190476190476191,2019-11,2019-10-31,1,1,0.48862490558977617,0.7416932354910512,0.4918211686377204,0.6263486067815285
0.002150239268313925,0.07566367231985538,0.03194750032835514,0.005494648258448587,-0.0029881488383736166,0.01834706420847443,0.008943407432627337,-0.006066085687035372,0.029738142903665166,0.038059583660222294,0.06075488618130049,-0.07145236443893566,0.5238095238095238,2019-12,2019-11-29,1,0,0.5159878874638618,0.376876884295405,0.5680451969600142,0.3887044242684435
0.03732173160296881,0.07207075127496387,0.029681515183578533,0.05716160404860693,0.03271177013229054,0.06322706347146156,0.060704198758063654,0.04868638256176072,0.01632582227458279,0.033760209653950116,0.059322400981050995,-0.022662671757150754,0.5714285714285714,2020-01,2019-12-30,0,0,0.6208802077625372,0.5044620640975431,0.5280808748122748,0.3438790508629281
-0.038653282891271235,0.012577146685040397,0.021465634624641128,-0.002635823691456207,-0.021027158170772053,-0.00039256761656780714,0.014705098875434697,0.009740740454660113,0.01844712171204832,0.053419076253181,0.0722269699891342,-0.06538316914075426,0.5238095238095238,2020-02,2020-01-31,0,0,0.4862773747937672,0.8487672429379254,0.5529503383280255,0.8954694495297284
-0.07494878502531421,-0.06332763650801876,0.019868582850358862,-0.1084283434321901,-0.09156327250059781,-0.07293171631836481,-0.0527083319784154,-0.051370959546699124,0.010112643209014616,0.07126584272764207,0.09468799928751967,-0.12360348009014221,0.38095238095238093,2020-03,2020-02-28,0,1,0.46034278974034526,0.106318274900962,0.6398058753326374,0.6139777772650344
-0.12377965348907216,-0.20395967455743202,-0.15419470618321207,-0.18343262528993687,-0.12526578900980057,-0.15638907860892726,-0.15149195678783123,-0.14983125673068542,-0.08153034023712125,0.19715003066502299,0.21319775291704082,-0.22609327835552429,0.42857142857142855,2020-04,2020-03-31,1,1,0.5273697144621451,0.21327530529451624,0.5011925778024322,0.26111890758019685
0.1342014909452125,-0.09331468408112198,-0.06975546057052129,-0.12292218903380892,0.04516254103480333,-0.038126991045004166,-0.04901448633026173,-0.044306022782430676,-0.07561487323972838,0.08341536240407856,0.22463886157491086,-0.1410033923944205,0.6666666666666666,2020-05,2020-04-29,1,1,0.7458188577554757,0.32502402485009796,0.4957279331485999,0.8628131759946908
0.05556044403101912,-0.02271317647197124,-0.03442500651596092,-0.01707628120142346,0.09957216708659278,0.020542277209963933,-0.003103799058297607,0.00029341087667855703,-0.015459422040753124,0.05136120161162664,0.221805526353593,-0.10481862362512406,0.6666666666666666,2020-06,2020-05-29,1,1,0.42438957919968545,0.6232886393906261,0.34075411487673396,0.3382461758840904
0.020943497764633445,0.22739318874184145,-0.037327402233615525,-0.008465289648666552,0.038604455884345024,0.06749863057741723,0.03440362197223834,0.02853006164717309,0.09511056946661167,0.09167983532643927,0.1337871658085036,-0.07009369142132538,0.6666666666666666,2020-07,2020-06-30,1,1,0.4174342582168579,0.4072425929908545,0.6420047679526393,0.8050209729153038
0.05338652961489854,0.1867709856029589,0.06151934479832577,0.08430553120075501,0.04540305270394973,0.1306070685600753,0.0979325816113088,0.08872322762534357,0.05549508119184621,0.04115698363615299,0.10870988773271607,-0.007886154068805773,0.5238095238095238,2020-08,2020-07-31,1,1,0.6715576931508134,0.8617487840610594,0.5408354947119617,0.9535185531466621
0.02609600833456005,0.11449843434361151,0.1706885775323197,0.19394850052698942,0.035025500929299014,0.09792290735742659,0.12528440899367776,0.11236245928505761,0.04722965096793619,0.06440865786517179,0.11741627907664577,-0.045685635082820975,0.7142857142857143,2020-09,2020-08-31,1,1,0.5270473472698725,0.910898648582009,0.5277313438069058,0.8974734846234961
0.0007394002849707704,0.10499356649399005,0.35569435985704345,0.12274584771103791,-0.00456106367162068,0.048722820398889866,0.11195501061712321,0.09887654165092652,0.04053675346485286,0.05322873485707954,0.0923059884967117,-0.04734454441765057,0.6666666666666666,2020-10,2020-09-29,0,1,0.4730821850591868,0.5630729268592942,0.5913509479478315,0.7589147012777063
-0.005108033877284646,0.004501531753944521,0.1791061225806172,0.08701801726189462,-0.03916680507464676,-0.00753270470510603,0.05094087493666244,0.06165355416401397,0.011029960111683668,0.04217662596460471,0.09101137459954634,-0.07220151177391654,0.5714285714285714,2020-11,2020-10-30,1,1,0.5497494877559908,0.4246640404408587,0.6160617674727192,0.8068024809730402
0.14299459652479585,0.10530834176918202,0.2767738071845982,0.2328208605528601,0.07183304434686533,0.09751339946861393,0.14795732547150342,0.19601138128243956,0.024625202361206355,0.044937561480158164,0.08391133320713687,-0.015990379183971726,0.8095238095238095,2020-12,2020-11-30,1,1,0.6524877860546632,0.6439205081596301,0.6582270108220665,0.6425159284407749
0.1088741242922524,0.26096302048313236,0.3725805823372277,0.30392384734726896,0.11237233031105731,0.1608765829786647,0.21203780499432412,0.28527178264538344,0.06846232691285681,0.04667499831620717,0.07939266288802929,0.0,0.7142857142857143,2021-01,2020-12-30,1,1,0.5530767310664665,0.45456249854981245,0.6287204061863538,0.8636889920922247
0.05520276497257082,0.27917154597462335,0.3419286234410699,0.32503911893591275,0.04080986976481604,0.13539096083517954,0.19061292403400754,0.2529192332240948,0.11140158692332403,0.08797745399346574,0.11135909216075793,-0.07253996740571744,0.5238095238095238,2021-02,2021-01-29,1,1,0.43555201192746273,0.8548946907033342,0.7328340676552874,0.9585682553317108
-0.0405565390186049,0.15096492418402874,0.30736913562342316,0.3723297431891939,-0.0014334918046360334,0.09548181042188864,0.15340781324235309,0.21339334582274638,0.06705041893946184,0.07873991492949325,0.12158807522528559,-0.061090885187891075,0.42857142857142855,2021-03,2021-02-26,1,1,0.4148940703125339,0.6773973562770961,0.560292422379177,0.7572466036262772
0.005765622057394504,0.0906920205178805,0.3124551706568641,1.0650945067946211,-0.0022583095226905714,0.055739985329466446,0.1258211201248951,0.18045534644516303,0.015032082162693694,0.04183619453328441,0.11891385493168768,-0.04598645331037532,0.38095238095238093,2021-04,2021-03-31,1,1,0.4098543162743048,0.32765835936475807,0.2434057799984466,0.30318464044129306
0.019582887539844718,0.02567897471200986,0.3422222245355466,0.6440229899420278,0.01736707702743634,0.03665779186953322,0.1102514753580861,0.1631166024205617,0.007917604748282958,0.029630437633178984,0.09203905995415637,-0.022616153275469397,0.7142857142857143,2021-05,2021-04-30,1,1,0.4218946758676329,0.16082510350056217,0.3872119938782654,0.4200119085741469
0.007056471184266222,0.06338305441444447,0.22391659660270213,0.6062969823980924,0.01960208973779043,0.030060455213979154,0.09032482059525737,0.1458932880706485,0.016244787514299253,0.04060644192218342,0.0648341930340984,-0.013966123863966229,0.42857142857142855,2021-06,2021-05-31,1,0,0.4196598177966746,0.33023505138810166,0.3793657610885345,0.3647294793352407
0.023219376241780276,0.0768466972089008,0.1745080999667823,0.525174492251409,0.02646019150927681,0.047832102570171786,0.07680390010573435,0.1389765552706861,0.020892497342765326,0.022176324499811186,0.0539221070250822,-0.0018651088415043704,0.6666666666666666,2021-07,2021-06-30,0,0,0.5102768552331712,0.24026567167650928,0.4108860918469486,0.2059724033955181
-0.02429571330530156,0.017300629341531648,0.04342386647690466,0.4553090080308426,-0.013723310597716032,0.004768084500762937,0.01907402325086527,0.07058758732115478,0.010567625553926652,0.03144405974388768,0.05529070501280151,-0.03112960864638714,0.47619047619047616,2021-08,2021-07-30,0,0,0.4816840739841279,0.39693615571992874,0.39590440339306476,0.23385257044790672
-0.0009524497124010489,-0.007741371145575382,0.03771664185261758,0.3517680706852788,-0.009191156272720602,-0.004052368750364965,0.011054875125426022,0.03979995708870532,-0.005522289499941602,0.04347000025641993,0.057744696650059796,-0.0320524089719858,0.47619047619047616,2021-09,2021-08-31,0,0,0.5185614647219908,0.6109343180406961,0.42159676526163636,0.19234259376018692
-0.020766404803071015,-0.0662856949299897,-0.00038434255394947936,0.28435299650830625,-0.03412028653723986,-0.042752668418511,-0.03186044073014127,-0.0187623788737038,-0.01702372482419623,0.0357069419713767,0.06084711230800437,-0.07152038610917011,0.5714285714285714,2021-10,2021-09-30,0,0,0.4769991871097476,0.9005312471444962,0.4133421021477845,0.6751232685094004
-0.04107271764383236,-0.07884464050018947,-0.07672037103261908,0.26140840748536864,-0.03619910598278009,-0.06270123882753853,-0.06123944199229425,-0.05495525108665367,-0.032535141727100036,0.04994216675132637,0.07184436289355041,-0.10121294358013733,0.38095238095238093,2021-11,2021-10-29,0,0,0.4548982178650233,0.7484902982679915,0.3400287168340881,0.5926690006377057
-0.04697306236209953,-0.09254187008597081,-0.10967374874799385,0.09084024525222723,-0.05403981730396212,-0.08504800982016059,-0.0961688206625041,-0.09219558634864189,-0.025082386268138412,0.04631154593304409,0.07510019236940206,-0.14105002607448291,0.3333333333333333,2021-12,2021-11-30,1,0,0.42938096655083136,0.8679408674349295,0.41030950497906615,0.8114779609580354
0.026874985318575018,-0.029708540737080624,-0.09402498439895701,0.07892899848136392,-0.0010769653735155371,-0.02228955585715664,-0.04389619552753721,-0.04546053922566795,-0.005093320104202714,0.03398329799285422,0.0783090235645936,-0.09910416054199467,0.6666666666666666,2022-01,2021-12-30,0,0,0.5255566338070183,0.7497223156275462,0.4852001672473698,0.5076341537210377
-0.11816938504812458,-0.10345774395838891,-0.17414529582921856,-0.1519726337490147,-0.0919860881105321,-0.10798778579600277,-0.1314575456857625,-0.14069243693948497,-0.016332675053996937,0.057961714908439634,0.086676604856318,-0.19419942473633744,0.2857142857142857,2022-02,2022-01-28,1,1,0.38699411394884436,0.7106233323103461,0.45275960861683046,0.7628529337253602
-0.007796662160584389,-0.0985576225322089,-0.11806204749275462,-0.13143182568805323,-0.05145396584383832,-0.07284068662686172,-0.10024344185023881,-0.11749923880620461,-0.03623712480296859,0.06559897925878547,0.09389377628900226,-0.18335598538647113,0.5714285714285714,2022-03,2022-02-28,1,0,0.5477424843498812,0.7816226136534423,0.5207351046553096,0.6423839360173675
0.021662124120634507,-0.08022227752216038,-0.11828000132390692,-0.0822334340720614,0.010718456528744591,-0.032392201396734266,-0.057294172638594265,-0.08298031274144901,-0.04118347713715942,0.04975707197157537,0.09462210321890993,-0.1656657413795396,0.5714285714285714,2022-04,2022-03-31,0,0,0.5322999417107557,0.46110457923716025,0.41708729989831356,0.6933054649081135
-0.022700435418731346,-0.009314783817986227,-0.11611043994442483,-0.15027142773459312,-0.0027538112096664458,-0.03625276114499543,-0.05865970212427385,-0.08569217065688883,-0.0094976360070409,0.04229655179315353,0.09132991923043574,-0.18460549233498846,0.47619047619047616,2022-05,2022-04-29,0,0,0.45928503532769915,0.5090376962640987,0.45020935070645374,0.7981809327096749
0.006901586201550236,0.003414535686718345,-0.10390252913888853,-0.1490676244533865,0.0028139216169444925,-0.013833427945670551,-0.044005694734060796,-0.06935685672827407,-0.009182354667092385,0.05085641323665455,0.08150951830069296,-0.18737389331178433,0.47619047619047616,2022-06,2022-05-31,0,0,0.5149537859457956,0.7851455376379737,0.48458658994344855,0.8058882888207003
-0.1262408061800504,-0.14900391657105994,-0.21592727817627233,-0.28620259877877763,-0.09569388429700998,-0.11828350235538898,-0.14911487987559402,-0.17154967944307653,-0.03707098094719352,0.0665134952930566,0.09417282184169308,-0.2942536419330868,0.3333333333333333,2022-07,2022-06-30,1,0,0.38456193780000936,0.6092693051749268,0.4356093515266235,0.4842397811568624
0.05095518935436982,-0.07107078066790695,-0.135056763347027,-0.24430649114045377,-0.002042077346422033,-0.046031257846447016,-0.07708631321357151,-0.10427378321460368,-0.04767006354750036,0.04611666362313852,0.09910815173381357,-0.2526780167002619,0.6190476190476191,2022-08,2022-07-29,0,0,0.5978904732065455,0.4747335028716295,0.5049325901022973,0.48034928561676005
0.008074237466867196,-0.07961944275325261,-0.07647677049517199,-0.2020059246360072,0.02381287582201086,-0.019139272544610786,-0.04411929837353423,-0.07781501885680231,-0.015960286248797306,0.04309535245374061,0.09474549103782047,-0.22917536099776237,0.6190476190476191,2022-09,2022-08-31,0,1,0.3736777980253841,0.5010303437954096,0.43990822271831176,0.3614710042087683
-0.1205419777988046,-0.0759439564192469,-0.21363192604393721,-0.3113648713903424,-0.10588213633852595,-0.11979723872602754,-0.14875285825384732,-0.17680230265655084,-0.0010547447911907204,0.058818186908508374,0.08910118582730871,-0.31364969908335416,0.3333333333333333,2022-10,2022-09-30,1,1,0.3597957790819827,0.7305835760493217,0.5223149019139899,0.44109076457899676
0.0573091039560123,-0.050473362117749776,-0.13680918563372946,-0.2387948091766342,-0.013283572646896946,-0.033831339297325846,-0.07327401862610428,-0.09897743641546852,-0.03912678142950887,0.05429786372255802,0.09425059965481669,-0.24776980313606367,0.5714285714285714,2022-11,2022-10-31,1,1,0.6314496754602076,0.17476287846869656,0.5330194592002719,0.4892147914017076
0.058799625010232504,0.01880601870662768,-0.06274332043274822,-0.1677841236199491,0.06722398863646872,0.04251504977612397,0.01743426784094604,-0.011020308794302935,-0.0017563302363698963,0.05091386606609939,0.10089387591120859,-0.18386768633615325,0.5714285714285714,2022-12,2022-11-30,0,0,0.4804901641410999,0.7785142273128692,0.4734120241183626,0.7166467164384472
-0.09550141925688738,0.030157569688878727,-0.05954191921416363,-0.24522446765313866,-0.0568317096148383,-0.05458023752013319,-0.06483745042027167,-0.09226184130874515,0.02346802039166196,0.04628189483214198,0.0924598039660074,-0.25952907398918257,0.2857142857142857,2023-01,2022-12-29,1,1,0.3769056794690104,0.1792638787572006,0.5223791438727928,0.3361851063758505
0.06342175011506068,0.057320104353264956,0.003953603851865495,-0.14678354942918215,0.02139065758333536,0.03525751933970667,0.02426483155806025,-0.0014213823942574866,0.0014770607564189575,0.05036748307722437,0.08812430502550117,-0.1528637025323446,0.6666666666666666,2023-02,2023-01-31,0,1,0.6258629237903733,0.508503941228128,0.5929237774767327,0.820153071817635
-0.015352105309040187,0.0019018125408925002,-0.02600046497156705,-0.12061737199590161,0.009852179198736932,0.01817657234227421,0.013395501624313688,0.0031666358842512565,0.006174128454694117,0.046793038067016575,0.08489853358941149,-0.12552546377384677,0.5238095238095238,2023-03,2023-02-28,1,1,0.4891437144245012,0.4653426326040491,0.5213491902522681,0.7461790284060094
0.020186588048799692,0.08612780830777234,0.14178374621233103,-0.09271858213532147,0.018497028719281383,0.029913895189286777,0.043554086014423454,0.03932753335660455,0.017238207670381422,0.04384847176413092,0.08042350593237502,-0.10232670656219967,0.6190476190476191,2023-04,2023-03-31,1,1,0.5211150566939681,0.13146709689427025,0.595749325442696,0.46457898136078796
0.01971747416413172,0.020836843219547374,0.10277293995307035,-0.07512078358679142,0.015946376943470453,0.03300980388671726,0.04729392332643512,0.04309208244239593,0.013308054647817702,0.0350620147747133,0.07180461063541511,-0.07180572383633366,0.6190476190476191,2023-05,2023-04-28,1,1,0.5210172399717449,0.4285306997893777,0.5923574099110029,0.3220554790533013
0.032578624448514226,0.0726202146015944,0.057123872424696964,-0.011032783180701888,0.02923133150560142,0.047821710767726344,0.060534064863128956,0.06942942509915095,0.017135077257403708,0.0256520487168771,0.060437160737969134,-0.04050031241347729,0.5714285714285714,2023-06,2023-05-31,0,0,0.593540655439796,0.6625133311627985,0.5732625120700888,0.6421316777552039
-0.0049823397074086895,0.04924879344227184,0.10665740877810093,0.08352908116432367,0.0031284592432205827,0.024377985476089936,0.041910187150500544,0.057907392097699795,0.020909477682584443,0.029323165289592137,0.051959456889413974,-0.02910837865591387,0.42857142857142855,2023-07,2023-06-30,1,0,0.5267490562930995,0.5172387246349727,0.5341049396543919,0.4901575524717296
0.02663517558449069,0.05479985107853613,0.059806304870998694,0.095224484978641,0.015927744713966296,0.038844981856460015,0.0578527087435281,0.07165228961445447,0.013700991283505104,0.039610350617772266,0.055008556727366244,-0.003248509847903369,0.5714285714285714,2023-08,2023-07-31,0,0,0.5967429492750639,0.6601035224127488,0.5609301645597191,0.3808463671402814
-0.04154373375585241,-0.005021038987695903,0.059440046447275297,0.03189411263014752,-0.008068480815098256,-0.0032926012558195383,0.013320193376620493,0.02834516258618458,-0.006487937320841297,0.03721478717900045,0.06305554321360854,-0.04154373375585241,0.3333333333333333,2023-09,2023-08-31,0,0,0.5282552974800928,0.712714240650579,0.4514644019272501,0.6476903408608551
-0.0341239760630907,-0.03331344480483356,0.01237407397232304,0.076449811510644,-0.038719559331008124,-0.03977861351487533,-0.026929791139504666,-0.01250649130450776,-0.005469536489564497,0.035514508702247274,0.06654695779394311,-0.07573854260389135,0.38095238095238093,2023-10,2023-09-27,0,1,0.5280100148017011,0.6222733933587915,0.4919146993912078,0.6695129330765388
-0.08725599363686443,-0.1212679196410501,-0.09728948276822869,0.018706210543566026,-0.08244069066966764,-0.10328463044124025,-0.09993234430034692,-0.08996390001552224,-0.034108506096863445,0.05637356746728207,0.0774645447811877,-0.14588296075938467,0.42857142857142855,2023-11,2023-10-31,1,1,0.47063117902810014,0.8996062951259797,0.43037303825643297,0.5110332000676658
0.10155284872798798,-0.0031925145090516693,-0.009191780160570429,0.048502706284595964,0.03659528695896408,0.010266696274946918,0.00385742212960416,0.010721285119579704,-0.0130720850908016,0.07165533869368235,0.1006557510836523,-0.04941003645170006,0.6190476190476191,2023-12,2023-11-30,1,1,0.6249909172753563,0.859458685807335,0.5689951640114403,0.9309242620647707
0.05294715556364915,0.058669268881469394,0.028301479167728294,0.13799827061523318,0.07326572664177311,0.061698754809776934,0.048711130952134196,0.0542125637954709,0.011109701556876406,0.03581630853118066,0.10156840208017119,-0.004420595919983672,0.6666666666666666,2024-01,2023-12-28,0,1,0.5059273095803212,0.680722133298085,0.4310638455552261,0.15866836018157282
-0.0646937298581085,0.09618132590376627,-0.03675030303795135,0.04251316254178361,-0.01320718523966602,0.0018637829574945641,-0.009268495564065504,-0.012596578715172613,0.02073801529332453,0.04095242376657521,0.09276261056373111,-0.0646937298581085,0.3333333333333333,2024-02,2024-01-31,1,1,0.511911123033519,0.7597393478587733,0.4214960194721123,0.6664935935712087
0.0566693502138409,0.05878212596222965,0.05462387045375183,0.07626510365972261,0.025991747585266012,0.052532743590178566,0.04561437419026548,0.04099764157164665,0.01805188306343286,0.04828413108042314,0.0754934655943452,-0.014140382726175904,0.47619047619047616,2024-03,2024-02-29,1,1,0.6157910215514086,0.5935851866969276,0.5518175154855635,0.630684224331623
0.03556920335279257,0.05534478733015469,0.07301127977494826,0.1500114181366623,0.046922017001185035,0.06727433470044875,0.0811169512889105,0.07542125711772063,0.019457020319356255,0.04524063259250335,0.08078632335399957,-0.0037939293765071325,0.5238095238095238,2024-04,2024-03-29,0,1,0.5268782659963407,0.5023218263802504,0.48292235843882725,0.7760881656728347
-0.019867920523340188,0.08613872367536368,0.17092922695813284,0.04542770590417011,0.004192013465494249,0.029263754612487203,0.052284654855556,0.050655797108761114,0.021838293686578636,0.05713150306957451,0.08702922508105164,-0.023586472412523762,0.5238095238095238,2024-05,2024-04-30,0,1,0.5167004878682544,0.49209249607790057,0.5523257610672789,0.7408012504120614
-0.018947371098591015,0.004369429340307374,0.04833478881645337,0.03890391992602438,-0.023222555666314926,-0.0030916191367003076,0.017550390646215996,0.02464291610154068,0.007181603624732968,0.043202491986347576,0.08453559929462685,-0.04373091357766257,0.42857142857142855,2024-06,2024-05-31,1,1,0.5765855310649409,0.6523330998411366,0.5660744296487688,0.6083731193726384
0.045015507165139246,0.014772814514708577,0.07019852966514462,0.07216710801278992,0.032886166041319775,0.039888673891350646,0.06099063125468418,0.07948699419900329,0.0029336285801460082,0.03896125645260224,0.07949363423933926,-0.003493984201114908,0.6666666666666666,2024-07,2024-06-28,0,0,0.5751995372833445,0.5719243287998114,0.5651838442601742,0.7015893892588083
-0.0036572015933061808,0.03097743645070561,0.12158239061411491,0.06555572476968785,0.0013014916743963045,0.014083035254322862,0.03317536467779547,0.05546224597427618,0.01859751396704623,0.04212482874801756,0.07011816646764846,-0.04173142378980943,0.5714285714285714,2024-08,2024-07-31,0,0,0.4905192033395326,0.8127079967752354,0.5690325744462466,0.7241155261965251
-0.03478551727212853,0.014333302528542369,0.01876536022146147,0.06597178194529119,-0.023379544993892942,-0.016264200767148185,-0.007470575470856389,0.008381911461676328,-0.010392730986670928,0.10983745948279353,0.12174152069547511,-0.0750652918989071,0.6190476190476191,2024-09,2024-08-30,0,0,0.5345948630789412,0.47837677188466504,0.5357659453661147,0.8194933836916746
-0.03569024094775497,-0.06852942646606175,-0.052710997426489214,0.007921103430004628,-0.02339494691783295,-0.04181790164007915,-0.03879219868291928,-0.02575581489187695,-0.03270728568231951,0.06116168675661203,0.13047454934298972,-0.10309373408866185,0.47619047619047616,2024-10,2024-09-30,1,0,0.5490336726967533,0.6464445510014459,0.45975832335397676,0.8169224009919913
-0.03533505646427937,-0.05699740120124419,-0.025493559595267667,0.05809663493620132,-0.023209078256850257,-0.047489192030579885,-0.0493946954564487,-0.040708053054456794,-0.01652246735324081,0.04434686939338053,0.13109642616890615,-0.11593206771612186,0.47619047619047616,2024-11,2024-10-31,0,0,0.4842845443742438,0.5449419750069368,0.4534509302783843,0.7220810826338788
-0.03921522370126429,-0.08973283893682849,-0.09808338594076571,-0.00564414235507793,-0.040693167852470125,-0.06631994155635068,-0.076779184639447,-0.07812879974253573,-0.021704197460255203,0.05361618106752569,0.08894989108910192,-0.15060098944774836,0.42857142857142855,2024-12,2024-11-29,0,1,0.4740673717741928,0.7346100514564987,0.445773264389914,0.7149792205733243
-0.0419935300544062,-0.10184276330513231,-0.13512877312113158,-0.06400086778125891,-0.03851648578705946,-0.06151185125686398,-0.0865593851621681,-0.09264430006026747,-0.026068959463363406,0.06438646221500754,0.09176114783891594,-0.17011433787301666,0.3333333333333333,2025-01,2024-12-30,1,1,0.49083940743283866,0.9073367364134927,0.43390381182492965,0.6933382645840432
0.03148923059070441,-0.02551026483700991,-0.09947910098370305,-0.0034124731610971626,0.017513660307209022,-0.005639132316130446,-0.03283134187036296,-0.04135394677691728,-0.013226928535481797,0.04102511481910978,0.0923766536979638,-0.1293444127613259,0.42857142857142855,2025-02,2025-01-31,1,1,0.5468671555135206,0.5579754793536892,0.4473297471837665,0.6350608756046301
-0.0015846812732075444,0.012609761232685424,-0.05293979585325381,-0.03344498026690912,0.005004837907160553,0.00259943452353828,-0.01490102465660359,-0.0321014520556433,0.019470677434019867,0.05660802366095217,0.09451376353982023,-0.12401475305603238,0.5714285714285714,2025-03,2025-02-28,1,1,0.4369570407349249,0.5354001742971318,0.5267446337297105,0.669037374029953
-0.0536396997473062,0.03201556390835436,-0.038623655360626286,-0.08740745476781198,-0.03454289240650177,-0.016916882584990245,-0.029020036288033735,-0.04731152957408169,0.020461717987933614,0.06145001954741643,0.08702216721126982,-0.14188180836394926,0.47619047619047616,2025-04,2025-03-31,1,1,0.46582343696691325,0.37266843109393444,0.5465720424301951,0.6711394712635407
0.01396857144046737,0.007809073719823312,-0.009461308701492532,-0.02031697128386789,0.005282652520857578,0.01603857378662865,0.010172587030482738,-0.006487317261460013,-0.010580576284057175,0.09594019725504777,0.1221067732864265,-0.1157729015610105,0.5238095238095238,2025-05,2025-04-30,1,1,0.5698770482698856,0.7373261117481963,0.5199312700020364,0.8576083445059454
0.05838288810743841,0.021422909518987288,0.08676660640907374,-0.02009810320559391,0.05694459893640014,0.05818585718402414,0.0651264297488563,0.055879214986583436,0.0026907305686563188,0.04085452366071223,0.12142996901039219,-0.06698606852841815,0.5714285714285714,2025-06,2025-05-30,1,1,0.5437492384069657,0.8251558724418675,0.5332441167396852,0.7716214823560236
0.15038483362887622,0.16178885271429788,0.2502797847262481,0.11499917272456495,0.1298514240271751,0.1657415930010433,0.18996785029775065,0.18905555917356764,0.06680719922091849,0.05201740551251556,0.12305993370527657,-0.011759044101383398,0.7619047619047619,2025-07,2025-06-30,1,1,0.5059654431867598,0.8345150325006495,0.6855685631084552,0.9253561917718077
0.05540700980338453,0.273290727865388,0.27419058316123124,0.1323579656893541,0.08114754405948532,0.17106104748236417,0.20695373805752082,0.22539586804853706,0.09417769234719953,0.040852573281396146,0.07604272815243493,-0.0027746543609754593,0.7142857142857143,2025-08,2025-07-31,0,1,0.5173823031992452,0.5478699872918342,0.6739992428759732,0.9037972976369473
-0.02103567141616902,0.17105171414159748,0.21127706923955714,0.21533855035881166,0.008175502598961826,0.10150202491179683,0.14404633073190798,0.1768429902351878,0.05727696696935336,0.05425236284623101,0.08650904131965235,-0.02103567141616902,0.5238095238095238,2025-09,2025-08-29,1,1,0.5713585852862654,0.6391843782973861,0.6006881070043826,0.891522234578514
0.08962024993939077,0.11366933731445483,0.3387908129870085,0.32973010686727955,0.04976693662006859,0.11039924929866585,0.18007384259948833,0.22234811629187368,0.03150962637821153,0.044768611946812364,0.0831376331298739,-0.017666806681553293,0.7142857142857143,2025-10,2025-09-30,1,1,0.5838000096962791,0.8501778697381419,0.6237584265234155,0.9292964211537256
0.18333901054230628,0.2797863777151015,0.6263719352162567,0.5741769528746756,0.18005043887418237,0.24685814990230326,0.3474619582299223,0.4041946279111859,0.07126270194500739,0.06697556565661199,0.09694801398322488,0.0,0.7142857142857143,2025-11,2025-10-31,0,1,0.4606735565359832,0.5971619248856763,0.5895142421107429,0.5523284485011783
-0.039222932083051165,0.23502527402429862,0.48487000185201223,0.6233225211505735,0.03265738307832544,0.12241990725347662,0.20780480033009896,0.2765950580122938,0.09796484066172972,0.0991070638796253,0.12744713520171977,-0.06994057635614404,0.5714285714285714,2025-12,2025-11-28,1,1,0.2689079777896533,0.45471508070117417,0.5540271511026321,0.6191876504640339
0.07323907704836685,0.2137097156952119,0.3684324519390467,0.6894117315441601,0.04351729945961136,0.14215846735234505,0.2166750133082067,0.30336886556581955,0.062069845220672715,0.05840799937325528,0.13486635120283974,-0.0018238825683319915,0.5238095238095238,2026-01,2025-12-30,1,1,0.6572918203933983,0.5484185810935189,0.6080340432389602,0.5637554159917351
0.23971267417636266,0.2783216579357308,0.6346301789600675,1.0670150558328397,0.19731596209142577,0.2962104065895792,0.3960504775646403,0.5059855850611994,0.08046803251720824,0.045446605367392735,0.12788904752300956,0.0,0.9047619047619048,2026-02,2026-01-30,1,1,0.48126759937291264,0.5663417216109604,0.5039292626852259,0.5938849401670299
0.26154491178640904,0.6235133585239867,0.9948722584596388,1.4098839332094655,0.274512709837746,0.41708709773759445,0.5530264858318339,0.6728764938574132,0.14632184866560993,0.122627585132226,0.145168173952394,-0.010010691871955468,0.7619047619047619,2026-03,2026-02-27,0,1,0.37778428074545634,0.7011780292327959,0.5090132089391951,0.7324614124150344
-0.19084643404922963,0.22712351156645694,0.459700080797123,0.9340743513288838,-0.06686073650777324,0.057343581184052805,0.1625828790048569,0.2517356459067488,0.10516891139623818,0.22211582270617225,0.26366298877473265,-0.1989466210750569,0.47619047619047616,2026-04,2026-03-31,1,1,0.20310787480709008,0.18674942197177877,0.5430101086040955,0.40657345571526565
0.2044590654610745,0.29775116089048614,0.6322402845701471,1.6711640383409136,0.13266073718778104,0.2616544723271996,0.3859055544252403,0.5088871306884704,0.07330212578494066,0.10133429060275621,0.28896544699682997,-0.013754470474743319,0.7142857142857143,2026-05,2026-04-30,1,1,0.6715706763255577,0.5478429616947642,0.4492985989959857,0.8288206480062656
0.2813472752072861,0.3932192031217332,1.116471324503626,2.2267108811988483,0.29468360731157395,0.4415101126556147,0.6103601035965214,0.7734840096422089,0.13759044159246292,0.15146585288528613,0.3045556376990525,0.0,0.7142857142857143,2026-06,2026-05-29,0,0,0.2752867349146135,0.5171890262852654,0.39921691706639995,0.38819119973915506
